GISJOIN,YEAR,STUSAB,REGIONA,DIVISIONA,STATE,STATEA,COUNTY,COUNTYA,COUSUBA,PLACEA,AIANHHA,ANRCA,CBSAA,CSAA,METDIVA,NECTAA,CNECTAA,NECTADIVA,UAA,CDCURRA,SDELMA,SDSECA,SDUNIA,PCI,PUMAA,GEOID,NAME_E,I25E001,NAME_M,I25M001
"G0100030","2010","AL",,,"Alabama","01","Baldwin County","003",,,,,,,,,,,,,,,,,,"05000US01003","Baldwin County, Alabama",47502,"Baldwin County, Alabama",2902
"G0100150","2010","AL",,,"Alabama","01","Calhoun County","015",,,,,,,,,,,,,,,,,,"05000US01015","Calhoun County, Alabama",36675,"Calhoun County, Alabama",3304
"G0100430","2010","AL",,,"Alabama","01","Cullman County","043",,,,,,,,,,,,,,,,,,"05000US01043","Cullman County, Alabama",35786,"Cullman County, Alabama",4997
"G0100490","2010","AL",,,"Alabama","01","DeKalb County","049",,,,,,,,,,,,,,,,,,"05000US01049","DeKalb County, Alabama",35967,"DeKalb County, Alabama",4647
"G0100510","2010","AL",,,"Alabama","01","Elmore County","051",,,,,,,,,,,,,,,,,,"05000US01051","Elmore County, Alabama",52222,"Elmore County, Alabama",3938
"G0100550","2010","AL",,,"Alabama","01","Etowah County","055",,,,,,,,,,,,,,,,,,"05000US01055","Etowah County, Alabama",35897,"Etowah County, Alabama",2125
"G0100690","2010","AL",,,"Alabama","01","Houston County","069",,,,,,,,,,,,,,,,,,"05000US01069","Houston County, Alabama",38579,"Houston County, Alabama",2509
"G0100730","2010","AL",,,"Alabama","01","Jefferson County","073",,,,,,,,,,,,,,,,,,"05000US01073","Jefferson County, Alabama",41583,"Jefferson County, Alabama",1131
"G0100770","2010","AL",,,"Alabama","01","Lauderdale County","077",,,,,,,,,,,,,,,,,,"05000US01077","Lauderdale County, Alabama",38661,"Lauderdale County, Alabama",3423
"G0100810","2010","AL",,,"Alabama","01","Lee County","081",,,,,,,,,,,,,,,,,,"05000US01081","Lee County, Alabama",39381,"Lee County, Alabama",3294
"G0100830","2010","AL",,,"Alabama","01","Limestone County","083",,,,,,,,,,,,,,,,,,"05000US01083","Limestone County, Alabama",50325,"Limestone County, Alabama",4676
"G0100890","2010","AL",,,"Alabama","01","Madison County","089",,,,,,,,,,,,,,,,,,"05000US01089","Madison County, Alabama",53539,"Madison County, Alabama",3452
"G0100950","2010","AL",,,"Alabama","01","Marshall County","095",,,,,,,,,,,,,,,,,,"05000US01095","Marshall County, Alabama",39343,"Marshall County, Alabama",2920
"G0100970","2010","AL",,,"Alabama","01","Mobile County","097",,,,,,,,,,,,,,,,,,"05000US01097","Mobile County, Alabama",39998,"Mobile County, Alabama",1971
"G0101010","2010","AL",,,"Alabama","01","Montgomery County","101",,,,,,,,,,,,,,,,,,"05000US01101","Montgomery County, Alabama",41946,"Montgomery County, Alabama",1858
"G0101030","2010","AL",,,"Alabama","01","Morgan County","103",,,,,,,,,,,,,,,,,,"05000US01103","Morgan County, Alabama",45513,"Morgan County, Alabama",3707
"G0101150","2010","AL",,,"Alabama","01","St. Clair County","115",,,,,,,,,,,,,,,,,,"05000US01115","St. Clair County, Alabama",48316,"St. Clair County, Alabama",5187
"G0101170","2010","AL",,,"Alabama","01","Shelby County","117",,,,,,,,,,,,,,,,,,"05000US01117","Shelby County, Alabama",65673,"Shelby County, Alabama",4623
"G0101210","2010","AL",,,"Alabama","01","Talladega County","121",,,,,,,,,,,,,,,,,,"05000US01121","Talladega County, Alabama",34488,"Talladega County, Alabama",2746
"G0101250","2010","AL",,,"Alabama","01","Tuscaloosa County","125",,,,,,,,,,,,,,,,,,"05000US01125","Tuscaloosa County, Alabama",43450,"Tuscaloosa County, Alabama",3018
"G0101270","2010","AL",,,"Alabama","01","Walker County","127",,,,,,,,,,,,,,,,,,"05000US01127","Walker County, Alabama",35150,"Walker County, Alabama",3208
"G0200200","2010","AK",,,"Alaska","02","Anchorage Municipality","020",,,,,,,,,,,,,,,,,,"05000US02020","Anchorage Municipality, Alaska",72128,"Anchorage Municipality, Alaska",3531
"G0200900","2010","AK",,,"Alaska","02","Fairbanks North Star Borough","090",,,,,,,,,,,,,,,,,,"05000US02090","Fairbanks North Star Borough, Alaska",60785,"Fairbanks North Star Borough, Alaska",3557
"G0201700","2010","AK",,,"Alaska","02","Matanuska-Susitna Borough","170",,,,,,,,,,,,,,,,,,"05000US02170","Matanuska-Susitna Borough, Alaska",68940,"Matanuska-Susitna Borough, Alaska",5038
"G0400010","2010","AZ",,,"Arizona","04","Apache County","001",,,,,,,,,,,,,,,,,,"05000US04001","Apache County, Arizona",30744,"Apache County, Arizona",4198
"G0400030","2010","AZ",,,"Arizona","04","Cochise County","003",,,,,,,,,,,,,,,,,,"05000US04003","Cochise County, Arizona",45213,"Cochise County, Arizona",4085
"G0400050","2010","AZ",,,"Arizona","04","Coconino County","005",,,,,,,,,,,,,,,,,,"05000US04005","Coconino County, Arizona",42130,"Coconino County, Arizona",2888
"G0400130","2010","AZ",,,"Arizona","04","Maricopa County","013",,,,,,,,,,,,,,,,,,"05000US04013","Maricopa County, Arizona",50410,"Maricopa County, Arizona",472
"G0400150","2010","AZ",,,"Arizona","04","Mohave County","015",,,,,,,,,,,,,,,,,,"05000US04015","Mohave County, Arizona",36456,"Mohave County, Arizona",1583
"G0400170","2010","AZ",,,"Arizona","04","Navajo County","017",,,,,,,,,,,,,,,,,,"05000US04017","Navajo County, Arizona",40623,"Navajo County, Arizona",3872
"G0400190","2010","AZ",,,"Arizona","04","Pima County","019",,,,,,,,,,,,,,,,,,"05000US04019","Pima County, Arizona",44274,"Pima County, Arizona",1576
"G0400210","2010","AZ",,,"Arizona","04","Pinal County","021",,,,,,,,,,,,,,,,,,"05000US04021","Pinal County, Arizona",50110,"Pinal County, Arizona",2330
"G0400250","2010","AZ",,,"Arizona","04","Yavapai County","025",,,,,,,,,,,,,,,,,,"05000US04025","Yavapai County, Arizona",40274,"Yavapai County, Arizona",2060
"G0400270","2010","AZ",,,"Arizona","04","Yuma County","027",,,,,,,,,,,,,,,,,,"05000US04027","Yuma County, Arizona",42240,"Yuma County, Arizona",2726
"G0500070","2010","AR",,,"Arkansas","05","Benton County","007",,,,,,,,,,,,,,,,,,"05000US05007","Benton County, Arkansas",52368,"Benton County, Arkansas",2369
"G0500310","2010","AR",,,"Arkansas","05","Craighead County","031",,,,,,,,,,,,,,,,,,"05000US05031","Craighead County, Arkansas",36320,"Craighead County, Arkansas",3202
"G0500450","2010","AR",,,"Arkansas","05","Faulkner County","045",,,,,,,,,,,,,,,,,,"05000US05045","Faulkner County, Arkansas",43033,"Faulkner County, Arkansas",5762
"G0500510","2010","AR",,,"Arkansas","05","Garland County","051",,,,,,,,,,,,,,,,,,"05000US05051","Garland County, Arkansas",36482,"Garland County, Arkansas",2213
"G0500690","2010","AR",,,"Arkansas","05","Jefferson County","069",,,,,,,,,,,,,,,,,,"05000US05069","Jefferson County, Arkansas",33474,"Jefferson County, Arkansas",4021
"G0500850","2010","AR",,,"Arkansas","05","Lonoke County","085",,,,,,,,,,,,,,,,,,"05000US05085","Lonoke County, Arkansas",49367,"Lonoke County, Arkansas",5607
"G0501190","2010","AR",,,"Arkansas","05","Pulaski County","119",,,,,,,,,,,,,,,,,,"05000US05119","Pulaski County, Arkansas",44482,"Pulaski County, Arkansas",2108
"G0501250","2010","AR",,,"Arkansas","05","Saline County","125",,,,,,,,,,,,,,,,,,"05000US05125","Saline County, Arkansas",52664,"Saline County, Arkansas",3619
"G0501310","2010","AR",,,"Arkansas","05","Sebastian County","131",,,,,,,,,,,,,,,,,,"05000US05131","Sebastian County, Arkansas",38093,"Sebastian County, Arkansas",2392
"G0501430","2010","AR",,,"Arkansas","05","Washington County","143",,,,,,,,,,,,,,,,,,"05000US05143","Washington County, Arkansas",38278,"Washington County, Arkansas",2248
"G0501450","2010","AR",,,"Arkansas","05","White County","145",,,,,,,,,,,,,,,,,,"05000US05145","White County, Arkansas",38326,"White County, Arkansas",5808
"G0600010","2010","CA",,,"California","06","Alameda County","001",,,,,,,,,,,,,,,,,,"05000US06001","Alameda County, California",67169,"Alameda County, California",1470
"G0600070","2010","CA",,,"California","06","Butte County","007",,,,,,,,,,,,,,,,,,"05000US06007","Butte County, California",41657,"Butte County, California",2238
"G0600130","2010","CA",,,"California","06","Contra Costa County","013",,,,,,,,,,,,,,,,,,"05000US06013","Contra Costa County, California",73721,"Contra Costa County, California",1862
"G0600170","2010","CA",,,"California","06","El Dorado County","017",,,,,,,,,,,,,,,,,,"05000US06017","El Dorado County, California",66129,"El Dorado County, California",4118
"G0600190","2010","CA",,,"California","06","Fresno County","019",,,,,,,,,,,,,,,,,,"05000US06019","Fresno County, California",45221,"Fresno County, California",1197
"G0600230","2010","CA",,,"California","06","Humboldt County","023",,,,,,,,,,,,,,,,,,"05000US06023","Humboldt County, California",38492,"Humboldt County, California",2268
"G0600250","2010","CA",,,"California","06","Imperial County","025",,,,,,,,,,,,,,,,,,"05000US06025","Imperial County, California",41802,"Imperial County, California",3590
"G0600290","2010","CA",,,"California","06","Kern County","029",,,,,,,,,,,,,,,,,,"05000US06029","Kern County, California",45524,"Kern County, California",2036
"G0600310","2010","CA",,,"California","06","Kings County","031",,,,,,,,,,,,,,,,,,"05000US06031","Kings County, California",44609,"Kings County, California",4060
"G0600330","2010","CA",,,"California","06","Lake County","033",,,,,,,,,,,,,,,,,,"05000US06033","Lake County, California",34910,"Lake County, California",4701
"G0600370","2010","CA",,,"California","06","Los Angeles County","037",,,,,,,,,,,,,,,,,,"05000US06037","Los Angeles County, California",52684,"Los Angeles County, California",621
"G0600390","2010","CA",,,"California","06","Madera County","039",,,,,,,,,,,,,,,,,,"05000US06039","Madera County, California",48268,"Madera County, California",6554
"G0600410","2010","CA",,,"California","06","Marin County","041",,,,,,,,,,,,,,,,,,"05000US06041","Marin County, California",83867,"Marin County, California",7055
"G0600450","2010","CA",,,"California","06","Mendocino County","045",,,,,,,,,,,,,,,,,,"05000US06045","Mendocino County, California",40536,"Mendocino County, California",4722
"G0600470","2010","CA",,,"California","06","Merced County","047",,,,,,,,,,,,,,,,,,"05000US06047","Merced County, California",42449,"Merced County, California",2915
"G0600530","2010","CA",,,"California","06","Monterey County","053",,,,,,,,,,,,,,,,,,"05000US06053","Monterey County, California",54534,"Monterey County, California",2569
"G0600550","2010","CA",,,"California","06","Napa County","055",,,,,,,,,,,,,,,,,,"05000US06055","Napa County, California",64401,"Napa County, California",4324
"G0600570","2010","CA",,,"California","06","Nevada County","057",,,,,,,,,,,,,,,,,,"05000US06057","Nevada County, California",54456,"Nevada County, California",3199
"G0600590","2010","CA",,,"California","06","Orange County","059",,,,,,,,,,,,,,,,,,"05000US06059","Orange County, California",70880,"Orange County, California",901
"G0600610","2010","CA",,,"California","06","Placer County","061",,,,,,,,,,,,,,,,,,"05000US06061","Placer County, California",67884,"Placer County, California",3724
"G0600650","2010","CA",,,"California","06","Riverside County","065",,,,,,,,,,,,,,,,,,"05000US06065","Riverside County, California",54296,"Riverside County, California",1237
"G0600670","2010","CA",,,"California","06","Sacramento County","067",,,,,,,,,,,,,,,,,,"05000US06067","Sacramento County, California",52709,"Sacramento County, California",1245
"G0600710","2010","CA",,,"California","06","San Bernardino County","071",,,,,,,,,,,,,,,,,,"05000US06071","San Bernardino County, California",52607,"San Bernardino County, California",1237
"G0600730","2010","CA",,,"California","06","San Diego County","073",,,,,,,,,,,,,,,,,,"05000US06073","San Diego County, California",59923,"San Diego County, California",1075
"G0600750","2010","CA",,,"California","06","San Francisco County","075",,,,,,,,,,,,,,,,,,"05000US06075","San Francisco County, California",71745,"San Francisco County, California",2387
"G0600770","2010","CA",,,"California","06","San Joaquin County","077",,,,,,,,,,,,,,,,,,"05000US06077","San Joaquin County, California",50011,"San Joaquin County, California",1507
"G0600790","2010","CA",,,"California","06","San Luis Obispo County","079",,,,,,,,,,,,,,,,,,"05000US06079","San Luis Obispo County, California",53978,"San Luis Obispo County, California",2745
"G0600810","2010","CA",,,"California","06","San Mateo County","081",,,,,,,,,,,,,,,,,,"05000US06081","San Mateo County, California",82748,"San Mateo County, California",2239
"G0600830","2010","CA",,,"California","06","Santa Barbara County","083",,,,,,,,,,,,,,,,,,"05000US06083","Santa Barbara County, California",56767,"Santa Barbara County, California",2371
"G0600850","2010","CA",,,"California","06","Santa Clara County","085",,,,,,,,,,,,,,,,,,"05000US06085","Santa Clara County, California",85002,"Santa Clara County, California",1760
"G0600870","2010","CA",,,"California","06","Santa Cruz County","087",,,,,,,,,,,,,,,,,,"05000US06087","Santa Cruz County, California",61071,"Santa Cruz County, California",2767
"G0600890","2010","CA",,,"California","06","Shasta County","089",,,,,,,,,,,,,,,,,,"05000US06089","Shasta County, California",41023,"Shasta County, California",1839
"G0600950","2010","CA",,,"California","06","Solano County","095",,,,,,,,,,,,,,,,,,"05000US06095","Solano County, California",63384,"Solano County, California",3021
"G0600970","2010","CA",,,"California","06","Sonoma County","097",,,,,,,,,,,,,,,,,,"05000US06097","Sonoma County, California",59055,"Sonoma County, California",3310
"G0600990","2010","CA",,,"California","06","Stanislaus County","099",,,,,,,,,,,,,,,,,,"05000US06099","Stanislaus County, California",48044,"Stanislaus County, California",2608
"G0601010","2010","CA",,,"California","06","Sutter County","101",,,,,,,,,,,,,,,,,,"05000US06101","Sutter County, California",46521,"Sutter County, California",3281
"G0601070","2010","CA",,,"California","06","Tulare County","107",,,,,,,,,,,,,,,,,,"05000US06107","Tulare County, California",43397,"Tulare County, California",2142
"G0601110","2010","CA",,,"California","06","Ventura County","111",,,,,,,,,,,,,,,,,,"05000US06111","Ventura County, California",71864,"Ventura County, California",1550
"G0601130","2010","CA",,,"California","06","Yolo County","113",,,,,,,,,,,,,,,,,,"05000US06113","Yolo County, California",55798,"Yolo County, California",4338
"G0601150","2010","CA",,,"California","06","Yuba County","115",,,,,,,,,,,,,,,,,,"05000US06115","Yuba County, California",45755,"Yuba County, California",7473
"G0800010","2010","CO",,,"Colorado","08","Adams County","001",,,,,,,,,,,,,,,,,,"05000US08001","Adams County, Colorado",52711,"Adams County, Colorado",1821
"G0800050","2010","CO",,,"Colorado","08","Arapahoe County","005",,,,,,,,,,,,,,,,,,"05000US08005","Arapahoe County, Colorado",57724,"Arapahoe County, Colorado",1926
"G0800130","2010","CO",,,"Colorado","08","Boulder County","013",,,,,,,,,,,,,,,,,,"05000US08013","Boulder County, Colorado",61859,"Boulder County, Colorado",2132
"G0800310","2010","CO",,,"Colorado","08","Denver County","031",,,,,,,,,,,,,,,,,,"05000US08031","Denver County, Colorado",45074,"Denver County, Colorado",1385
"G0800350","2010","CO",,,"Colorado","08","Douglas County","035",,,,,,,,,,,,,,,,,,"05000US08035","Douglas County, Colorado",94909,"Douglas County, Colorado",3952
"G0800410","2010","CO",,,"Colorado","08","El Paso County","041",,,,,,,,,,,,,,,,,,"05000US08041","El Paso County, Colorado",51458,"El Paso County, Colorado",853
"G0800590","2010","CO",,,"Colorado","08","Jefferson County","059",,,,,,,,,,,,,,,,,,"05000US08059","Jefferson County, Colorado",63826,"Jefferson County, Colorado",2647
"G0800690","2010","CO",,,"Colorado","08","Larimer County","069",,,,,,,,,,,,,,,,,,"05000US08069","Larimer County, Colorado",54154,"Larimer County, Colorado",2587
"G0800770","2010","CO",,,"Colorado","08","Mesa County","077",,,,,,,,,,,,,,,,,,"05000US08077","Mesa County, Colorado",46231,"Mesa County, Colorado",4704
"G0801010","2010","CO",,,"Colorado","08","Pueblo County","101",,,,,,,,,,,,,,,,,,"05000US08101","Pueblo County, Colorado",38326,"Pueblo County, Colorado",3093
"G0801230","2010","CO",,,"Colorado","08","Weld County","123",,,,,,,,,,,,,,,,,,"05000US08123","Weld County, Colorado",51956,"Weld County, Colorado",3577
"G0900010","2010","CT",,,"Connecticut","09","Fairfield County","001",,,,,,,,,,,,,,,,,,"05000US09001","Fairfield County, Connecticut",74831,"Fairfield County, Connecticut",2807
"G0900030","2010","CT",,,"Connecticut","09","Hartford County","003",,,,,,,,,,,,,,,,,,"05000US09003","Hartford County, Connecticut",60041,"Hartford County, Connecticut",1932
"G0900050","2010","CT",,,"Connecticut","09","Litchfield County","005",,,,,,,,,,,,,,,,,,"05000US09005","Litchfield County, Connecticut",66307,"Litchfield County, Connecticut",4882
"G0900070","2010","CT",,,"Connecticut","09","Middlesex County","007",,,,,,,,,,,,,,,,,,"05000US09007","Middlesex County, Connecticut",69566,"Middlesex County, Connecticut",5761
"G0900090","2010","CT",,,"Connecticut","09","New Haven County","009",,,,,,,,,,,,,,,,,,"05000US09009","New Haven County, Connecticut",57056,"New Haven County, Connecticut",1655
"G0900110","2010","CT",,,"Connecticut","09","New London County","011",,,,,,,,,,,,,,,,,,"05000US09011","New London County, Connecticut",62349,"New London County, Connecticut",3080
"G0900130","2010","CT",,,"Connecticut","09","Tolland County","013",,,,,,,,,,,,,,,,,,"05000US09013","Tolland County, Connecticut",75626,"Tolland County, Connecticut",4384
"G0900150","2010","CT",,,"Connecticut","09","Windham County","015",,,,,,,,,,,,,,,,,,"05000US09015","Windham County, Connecticut",60026,"Windham County, Connecticut",5768
"G1000010","2010","DE",,,"Delaware","10","Kent County","001",,,,,,,,,,,,,,,,,,"05000US10001","Kent County, Delaware",54617,"Kent County, Delaware",5424
"G1000030","2010","DE",,,"Delaware","10","New Castle County","003",,,,,,,,,,,,,,,,,,"05000US10003","New Castle County, Delaware",59959,"New Castle County, Delaware",2292
"G1000050","2010","DE",,,"Delaware","10","Sussex County","005",,,,,,,,,,,,,,,,,,"05000US10005","Sussex County, Delaware",49006,"Sussex County, Delaware",1795
"G1100010","2010","DC",,,"District Of Columbia","11","District Of Columbia","001",,,,,,,,,,,,,,,,,,"05000US11001","District of Columbia, District of Columbia",60903,"District of Columbia, District of Columbia",1540
"G1200010","2010","FL",,,"Florida","12","Alachua County","001",,,,,,,,,,,,,,,,,,"05000US12001","Alachua County, Florida",40358,"Alachua County, Florida",2751
"G1200050","2010","FL",,,"Florida","12","Bay County","005",,,,,,,,,,,,,,,,,,"05000US12005","Bay County, Florida",44881,"Bay County, Florida",2885
"G1200090","2010","FL",,,"Florida","12","Brevard County","009",,,,,,,,,,,,,,,,,,"05000US12009","Brevard County, Florida",46262,"Brevard County, Florida",1318
"G1200110","2010","FL",,,"Florida","12","Broward County","011",,,,,,,,,,,,,,,,,,"05000US12011","Broward County, Florida",48063,"Broward County, Florida",1246
"G1200150","2010","FL",,,"Florida","12","Charlotte County","015",,,,,,,,,,,,,,,,,,"05000US12015","Charlotte County, Florida",42031,"Charlotte County, Florida",3030
"G1200170","2010","FL",,,"Florida","12","Citrus County","017",,,,,,,,,,,,,,,,,,"05000US12017","Citrus County, Florida",35459,"Citrus County, Florida",2747
"G1200190","2010","FL",,,"Florida","12","Clay County","019",,,,,,,,,,,,,,,,,,"05000US12019","Clay County, Florida",58263,"Clay County, Florida",3490
"G1200210","2010","FL",,,"Florida","12","Collier County","021",,,,,,,,,,,,,,,,,,"05000US12021","Collier County, Florida",52730,"Collier County, Florida",2754
"G1200230","2010","FL",,,"Florida","12","Columbia County","023",,,,,,,,,,,,,,,,,,"05000US12023","Columbia County, Florida",32488,"Columbia County, Florida",3184
"G1200310","2010","FL",,,"Florida","12","Duval County","031",,,,,,,,,,,,,,,,,,"05000US12031","Duval County, Florida",46078,"Duval County, Florida",1233
"G1200330","2010","FL",,,"Florida","12","Escambia County","033",,,,,,,,,,,,,,,,,,"05000US12033","Escambia County, Florida",41483,"Escambia County, Florida",1857
"G1200350","2010","FL",,,"Florida","12","Flagler County","035",,,,,,,,,,,,,,,,,,"05000US12035","Flagler County, Florida",43993,"Flagler County, Florida",3813
"G1200530","2010","FL",,,"Florida","12","Hernando County","053",,,,,,,,,,,,,,,,,,"05000US12053","Hernando County, Florida",37459,"Hernando County, Florida",2448
"G1200550","2010","FL",,,"Florida","12","Highlands County","055",,,,,,,,,,,,,,,,,,"05000US12055","Highlands County, Florida",34561,"Highlands County, Florida",2600
"G1200570","2010","FL",,,"Florida","12","Hillsborough County","057",,,,,,,,,,,,,,,,,,"05000US12057","Hillsborough County, Florida",46117,"Hillsborough County, Florida",1013
"G1200610","2010","FL",,,"Florida","12","Indian River County","061",,,,,,,,,,,,,,,,,,"05000US12061","Indian River County, Florida",47335,"Indian River County, Florida",3401
"G1200690","2010","FL",,,"Florida","12","Lake County","069",,,,,,,,,,,,,,,,,,"05000US12069","Lake County, Florida",42033,"Lake County, Florida",1984
"G1200710","2010","FL",,,"Florida","12","Lee County","071",,,,,,,,,,,,,,,,,,"05000US12071","Lee County, Florida",43936,"Lee County, Florida",1737
"G1200730","2010","FL",,,"Florida","12","Leon County","073",,,,,,,,,,,,,,,,,,"05000US12073","Leon County, Florida",41694,"Leon County, Florida",1797
"G1200810","2010","FL",,,"Florida","12","Manatee County","081",,,,,,,,,,,,,,,,,,"05000US12081","Manatee County, Florida",44785,"Manatee County, Florida",3008
"G1200830","2010","FL",,,"Florida","12","Marion County","083",,,,,,,,,,,,,,,,,,"05000US12083","Marion County, Florida",37044,"Marion County, Florida",1624
"G1200850","2010","FL",,,"Florida","12","Martin County","085",,,,,,,,,,,,,,,,,,"05000US12085","Martin County, Florida",48311,"Martin County, Florida",3687
"G1200860","2010","FL",,,"Florida","12","Miami-Dade County","086",,,,,,,,,,,,,,,,,,"05000US12086","Miami-Dade County, Florida",40219,"Miami-Dade County, Florida",704
"G1200870","2010","FL",,,"Florida","12","Monroe County","087",,,,,,,,,,,,,,,,,,"05000US12087","Monroe County, Florida",50619,"Monroe County, Florida",2990
"G1200890","2010","FL",,,"Florida","12","Nassau County","089",,,,,,,,,,,,,,,,,,"05000US12089","Nassau County, Florida",60729,"Nassau County, Florida",8850
"G1200910","2010","FL",,,"Florida","12","Okaloosa County","091",,,,,,,,,,,,,,,,,,"05000US12091","Okaloosa County, Florida",51529,"Okaloosa County, Florida",2532
"G1200950","2010","FL",,,"Florida","12","Orange County","095",,,,,,,,,,,,,,,,,,"05000US12095","Orange County, Florida",45140,"Orange County, Florida",1270
"G1200970","2010","FL",,,"Florida","12","Osceola County","097",,,,,,,,,,,,,,,,,,"05000US12097","Osceola County, Florida",42413,"Osceola County, Florida",2020
"G1200990","2010","FL",,,"Florida","12","Palm Beach County","099",,,,,,,,,,,,,,,,,,"05000US12099","Palm Beach County, Florida",49879,"Palm Beach County, Florida",1298
"G1201010","2010","FL",,,"Florida","12","Pasco County","101",,,,,,,,,,,,,,,,,,"05000US12101","Pasco County, Florida",42220,"Pasco County, Florida",1261
"G1201030","2010","FL",,,"Florida","12","Pinellas County","103",,,,,,,,,,,,,,,,,,"05000US12103","Pinellas County, Florida",42616,"Pinellas County, Florida",1216
"G1201050","2010","FL",,,"Florida","12","Polk County","105",,,,,,,,,,,,,,,,,,"05000US12105","Polk County, Florida",41174,"Polk County, Florida",1242
"G1201070","2010","FL",,,"Florida","12","Putnam County","107",,,,,,,,,,,,,,,,,,"05000US12107","Putnam County, Florida",33842,"Putnam County, Florida",5113
"G1201090","2010","FL",,,"Florida","12","St. Johns County","109",,,,,,,,,,,,,,,,,,"05000US12109","St. Johns County, Florida",58888,"St. Johns County, Florida",4662
"G1201110","2010","FL",,,"Florida","12","St. Lucie County","111",,,,,,,,,,,,,,,,,,"05000US12111","St. Lucie County, Florida",38671,"St. Lucie County, Florida",1920
"G1201130","2010","FL",,,"Florida","12","Santa Rosa County","113",,,,,,,,,,,,,,,,,,"05000US12113","Santa Rosa County, Florida",50517,"Santa Rosa County, Florida",3859
"G1201150","2010","FL",,,"Florida","12","Sarasota County","115",,,,,,,,,,,,,,,,,,"05000US12115","Sarasota County, Florida",45641,"Sarasota County, Florida",1818
"G1201170","2010","FL",,,"Florida","12","Seminole County","117",,,,,,,,,,,,,,,,,,"05000US12117","Seminole County, Florida",57802,"Seminole County, Florida",2048
"G1201190","2010","FL",,,"Florida","12","Sumter County","119",,,,,,,,,,,,,,,,,,"05000US12119","Sumter County, Florida",45026,"Sumter County, Florida",3000
"G1201270","2010","FL",,,"Florida","12","Volusia County","127",,,,,,,,,,,,,,,,,,"05000US12127","Volusia County, Florida",41556,"Volusia County, Florida",1532
"G1300130","2010","GA",,,"Georgia","13","Barrow County","013",,,,,,,,,,,,,,,,,,"05000US13013","Barrow County, Georgia",54230,"Barrow County, Georgia",6516
"G1300150","2010","GA",,,"Georgia","13","Bartow County","015",,,,,,,,,,,,,,,,,,"05000US13015","Bartow County, Georgia",42844,"Bartow County, Georgia",2760
"G1300210","2010","GA",,,"Georgia","13","Bibb County","021",,,,,,,,,,,,,,,,,,"05000US13021","Bibb County, Georgia",35651,"Bibb County, Georgia",3103
"G1300310","2010","GA",,,"Georgia","13","Bulloch County","031",,,,,,,,,,,,,,,,,,"05000US13031","Bulloch County, Georgia",29170,"Bulloch County, Georgia",2785
"G1300450","2010","GA",,,"Georgia","13","Carroll County","045",,,,,,,,,,,,,,,,,,"05000US13045","Carroll County, Georgia",46032,"Carroll County, Georgia",3830
"G1300510","2010","GA",,,"Georgia","13","Chatham County","051",,,,,,,,,,,,,,,,,,"05000US13051","Chatham County, Georgia",42763,"Chatham County, Georgia",2716
"G1300570","2010","GA",,,"Georgia","13","Cherokee County","057",,,,,,,,,,,,,,,,,,"05000US13057","Cherokee County, Georgia",61834,"Cherokee County, Georgia",3261
"G1300590","2010","GA",,,"Georgia","13","Clarke County","059",,,,,,,,,,,,,,,,,,"05000US13059","Clarke County, Georgia",34230,"Clarke County, Georgia",3695
"G1300630","2010","GA",,,"Georgia","13","Clayton County","063",,,,,,,,,,,,,,,,,,"05000US13063","Clayton County, Georgia",35672,"Clayton County, Georgia",1891
"G1300670","2010","GA",,,"Georgia","13","Cobb County","067",,,,,,,,,,,,,,,,,,"05000US13067","Cobb County, Georgia",59896,"Cobb County, Georgia",2363
"G1300730","2010","GA",,,"Georgia","13","Columbia County","073",,,,,,,,,,,,,,,,,,"05000US13073","Columbia County, Georgia",62359,"Columbia County, Georgia",4574
"G1300770","2010","GA",,,"Georgia","13","Coweta County","077",,,,,,,,,,,,,,,,,,"05000US13077","Coweta County, Georgia",55343,"Coweta County, Georgia",4112
"G1300890","2010","GA",,,"Georgia","13","DeKalb County","089",,,,,,,,,,,,,,,,,,"05000US13089","DeKalb County, Georgia",46812,"DeKalb County, Georgia",1637
"G1300950","2010","GA",,,"Georgia","13","Dougherty County","095",,,,,,,,,,,,,,,,,,"05000US13095","Dougherty County, Georgia",28444,"Dougherty County, Georgia",4145
"G1300970","2010","GA",,,"Georgia","13","Douglas County","097",,,,,,,,,,,,,,,,,,"05000US13097","Douglas County, Georgia",53092,"Douglas County, Georgia",4730
"G1301130","2010","GA",,,"Georgia","13","Fayette County","113",,,,,,,,,,,,,,,,,,"05000US13113","Fayette County, Georgia",79659,"Fayette County, Georgia",6984
"G1301150","2010","GA",,,"Georgia","13","Floyd County","115",,,,,,,,,,,,,,,,,,"05000US13115","Floyd County, Georgia",36934,"Floyd County, Georgia",3400
"G1301170","2010","GA",,,"Georgia","13","Forsyth County","117",,,,,,,,,,,,,,,,,,"05000US13117","Forsyth County, Georgia",79825,"Forsyth County, Georgia",4853
"G1301210","2010","GA",,,"Georgia","13","Fulton County","121",,,,,,,,,,,,,,,,,,"05000US13121","Fulton County, Georgia",52831,"Fulton County, Georgia",1986
"G1301270","2010","GA",,,"Georgia","13","Glynn County","127",,,,,,,,,,,,,,,,,,"05000US13127","Glynn County, Georgia",41854,"Glynn County, Georgia",6422
"G1301350","2010","GA",,,"Georgia","13","Gwinnett County","135",,,,,,,,,,,,,,,,,,"05000US13135","Gwinnett County, Georgia",57548,"Gwinnett County, Georgia",2399
"G1301390","2010","GA",,,"Georgia","13","Hall County","139",,,,,,,,,,,,,,,,,,"05000US13139","Hall County, Georgia",47002,"Hall County, Georgia",2277
"G1301510","2010","GA",,,"Georgia","13","Henry County","151",,,,,,,,,,,,,,,,,,"05000US13151","Henry County, Georgia",57341,"Henry County, Georgia",5157
"G1301530","2010","GA",,,"Georgia","13","Houston County","153",,,,,,,,,,,,,,,,,,"05000US13153","Houston County, Georgia",58401,"Houston County, Georgia",6783
"G1301850","2010","GA",,,"Georgia","13","Lowndes County","185",,,,,,,,,,,,,,,,,,"05000US13185","Lowndes County, Georgia",36132,"Lowndes County, Georgia",3170
"G1302150","2010","GA",,,"Georgia","13","Muscogee County","215",,,,,,,,,,,,,,,,,,"05000US13215","Muscogee County, Georgia",35384,"Muscogee County, Georgia",2095
"G1302170","2010","GA",,,"Georgia","13","Newton County","217",,,,,,,,,,,,,,,,,,"05000US13217","Newton County, Georgia",49397,"Newton County, Georgia",3650
"G1302230","2010","GA",,,"Georgia","13","Paulding County","223",,,,,,,,,,,,,,,,,,"05000US13223","Paulding County, Georgia",60169,"Paulding County, Georgia",3019
"G1302450","2010","GA",,,"Georgia","13","Richmond County","245",,,,,,,,,,,,,,,,,,"05000US13245","Richmond County, Georgia",39152,"Richmond County, Georgia",2651
"G1302470","2010","GA",,,"Georgia","13","Rockdale County","247",,,,,,,,,,,,,,,,,,"05000US13247","Rockdale County, Georgia",57266,"Rockdale County, Georgia",6637
"G1302850","2010","GA",,,"Georgia","13","Troup County","285",,,,,,,,,,,,,,,,,,"05000US13285","Troup County, Georgia",41477,"Troup County, Georgia",5928
"G1302950","2010","GA",,,"Georgia","13","Walker County","295",,,,,,,,,,,,,,,,,,"05000US13295","Walker County, Georgia",36927,"Walker County, Georgia",4040
"G1302970","2010","GA",,,"Georgia","13","Walton County","297",,,,,,,,,,,,,,,,,,"05000US13297","Walton County, Georgia",50173,"Walton County, Georgia",4650
"G1303130","2010","GA",,,"Georgia","13","Whitfield County","313",,,,,,,,,,,,,,,,,,"05000US13313","Whitfield County, Georgia",39423,"Whitfield County, Georgia",4548
"G1500010","2010","HI",,,"Hawaii","15","Hawaii County","001",,,,,,,,,,,,,,,,,,"05000US15001","Hawaii County, Hawaii",47100,"Hawaii County, Hawaii",3778
"G1500030","2010","HI",,,"Hawaii","15","Honolulu County","003",,,,,,,,,,,,,,,,,,"05000US15003","Honolulu County, Hawaii",68537,"Honolulu County, Hawaii",2025
"G1500070","2010","HI",,,"Hawaii","15","Kauai County","007",,,,,,,,,,,,,,,,,,"05000US15007","Kauai County, Hawaii",55246,"Kauai County, Hawaii",5590
"G1500090","2010","HI",,,"Hawaii","15","Maui County","009",,,,,,,,,,,,,,,,,,"05000US15009","Maui County, Hawaii",60617,"Maui County, Hawaii",5852
"G1600010","2010","ID",,,"Idaho","16","Ada County","001",,,,,,,,,,,,,,,,,,"05000US16001","Ada County, Idaho",50612,"Ada County, Idaho",1429
"G1600050","2010","ID",,,"Idaho","16","Bannock County","005",,,,,,,,,,,,,,,,,,"05000US16005","Bannock County, Idaho",38396,"Bannock County, Idaho",4462
"G1600190","2010","ID",,,"Idaho","16","Bonneville County","019",,,,,,,,,,,,,,,,,,"05000US16019","Bonneville County, Idaho",49482,"Bonneville County, Idaho",3163
"G1600270","2010","ID",,,"Idaho","16","Canyon County","027",,,,,,,,,,,,,,,,,,"05000US16027","Canyon County, Idaho",42732,"Canyon County, Idaho",2722
"G1600550","2010","ID",,,"Idaho","16","Kootenai County","055",,,,,,,,,,,,,,,,,,"05000US16055","Kootenai County, Idaho",42316,"Kootenai County, Idaho",3504
"G1600830","2010","ID",,,"Idaho","16","Twin Falls County","083",,,,,,,,,,,,,,,,,,"05000US16083","Twin Falls County, Idaho",42106,"Twin Falls County, Idaho",3342
"G1700010","2010","IL",,,"Illinois","17","Adams County","001",,,,,,,,,,,,,,,,,,"05000US17001","Adams County, Illinois",40626,"Adams County, Illinois",2977
"G1700190","2010","IL",,,"Illinois","17","Champaign County","019",,,,,,,,,,,,,,,,,,"05000US17019","Champaign County, Illinois",45254,"Champaign County, Illinois",2735
"G1700310","2010","IL",,,"Illinois","17","Cook County","031",,,,,,,,,,,,,,,,,,"05000US17031","Cook County, Illinois",51466,"Cook County, Illinois",465
"G1700370","2010","IL",,,"Illinois","17","DeKalb County","037",,,,,,,,,,,,,,,,,,"05000US17037","DeKalb County, Illinois",51518,"DeKalb County, Illinois",5915
"G1700430","2010","IL",,,"Illinois","17","DuPage County","043",,,,,,,,,,,,,,,,,,"05000US17043","DuPage County, Illinois",72471,"DuPage County, Illinois",2166
"G1700890","2010","IL",,,"Illinois","17","Kane County","089",,,,,,,,,,,,,,,,,,"05000US17089","Kane County, Illinois",65712,"Kane County, Illinois",2651
"G1700910","2010","IL",,,"Illinois","17","Kankakee County","091",,,,,,,,,,,,,,,,,,"05000US17091","Kankakee County, Illinois",44784,"Kankakee County, Illinois",3393
"G1700930","2010","IL",,,"Illinois","17","Kendall County","093",,,,,,,,,,,,,,,,,,"05000US17093","Kendall County, Illinois",77987,"Kendall County, Illinois",4774
"G1700970","2010","IL",,,"Illinois","17","Lake County","097",,,,,,,,,,,,,,,,,,"05000US17097","Lake County, Illinois",74705,"Lake County, Illinois",2103
"G1700990","2010","IL",,,"Illinois","17","LaSalle County","099",,,,,,,,,,,,,,,,,,"05000US17099","LaSalle County, Illinois",50206,"LaSalle County, Illinois",3576
"G1701110","2010","IL",,,"Illinois","17","McHenry County","111",,,,,,,,,,,,,,,,,,"05000US17111","McHenry County, Illinois",68867,"McHenry County, Illinois",2449
"G1701130","2010","IL",,,"Illinois","17","McLean County","113",,,,,,,,,,,,,,,,,,"05000US17113","McLean County, Illinois",59588,"McLean County, Illinois",4343
"G1701150","2010","IL",,,"Illinois","17","Macon County","115",,,,,,,,,,,,,,,,,,"05000US17115","Macon County, Illinois",40919,"Macon County, Illinois",2829
"G1701190","2010","IL",,,"Illinois","17","Madison County","119",,,,,,,,,,,,,,,,,,"05000US17119","Madison County, Illinois",51901,"Madison County, Illinois",2012
"G1701430","2010","IL",,,"Illinois","17","Peoria County","143",,,,,,,,,,,,,,,,,,"05000US17143","Peoria County, Illinois",50425,"Peoria County, Illinois",2153
"G1701610","2010","IL",,,"Illinois","17","Rock Island County","161",,,,,,,,,,,,,,,,,,"05000US17161","Rock Island County, Illinois",45005,"Rock Island County, Illinois",2147
"G1701630","2010","IL",,,"Illinois","17","St. Clair County","163",,,,,,,,,,,,,,,,,,"05000US17163","St. Clair County, Illinois",47156,"St. Clair County, Illinois",3229
"G1701670","2010","IL",,,"Illinois","17","Sangamon County","167",,,,,,,,,,,,,,,,,,"05000US17167","Sangamon County, Illinois",50166,"Sangamon County, Illinois",3456
"G1701790","2010","IL",,,"Illinois","17","Tazewell County","179",,,,,,,,,,,,,,,,,,"05000US17179","Tazewell County, Illinois",49962,"Tazewell County, Illinois",2398
"G1701830","2010","IL",,,"Illinois","17","Vermilion County","183",,,,,,,,,,,,,,,,,,"05000US17183","Vermilion County, Illinois",38167,"Vermilion County, Illinois",1981
"G1701970","2010","IL",,,"Illinois","17","Will County","197",,,,,,,,,,,,,,,,,,"05000US17197","Will County, Illinois",71016,"Will County, Illinois",2459
"G1701990","2010","IL",,,"Illinois","17","Williamson County","199",,,,,,,,,,,,,,,,,,"05000US17199","Williamson County, Illinois",43709,"Williamson County, Illinois",2407
"G1702010","2010","IL",,,"Illinois","17","Winnebago County","201",,,,,,,,,,,,,,,,,,"05000US17201","Winnebago County, Illinois",43792,"Winnebago County, Illinois",2028
"G1800030","2010","IN",,,"Indiana","18","Allen County","003",,,,,,,,,,,,,,,,,,"05000US18003","Allen County, Indiana",47054,"Allen County, Indiana",1631
"G1800050","2010","IN",,,"Indiana","18","Bartholomew County","005",,,,,,,,,,,,,,,,,,"05000US18005","Bartholomew County, Indiana",47192,"Bartholomew County, Indiana",6053
"G1800190","2010","IN",,,"Indiana","18","Clark County","019",,,,,,,,,,,,,,,,,,"05000US18019","Clark County, Indiana",44099,"Clark County, Indiana",3015
"G1800350","2010","IN",,,"Indiana","18","Delaware County","035",,,,,,,,,,,,,,,,,,"05000US18035","Delaware County, Indiana",35902,"Delaware County, Indiana",1877
"G1800390","2010","IN",,,"Indiana","18","Elkhart County","039",,,,,,,,,,,,,,,,,,"05000US18039","Elkhart County, Indiana",41748,"Elkhart County, Indiana",1678
"G1800430","2010","IN",,,"Indiana","18","Floyd County","043",,,,,,,,,,,,,,,,,,"05000US18043","Floyd County, Indiana",47804,"Floyd County, Indiana",4651
"G1800530","2010","IN",,,"Indiana","18","Grant County","053",,,,,,,,,,,,,,,,,,"05000US18053","Grant County, Indiana",34716,"Grant County, Indiana",2454
"G1800570","2010","IN",,,"Indiana","18","Hamilton County","057",,,,,,,,,,,,,,,,,,"05000US18057","Hamilton County, Indiana",80808,"Hamilton County, Indiana",3423
"G1800590","2010","IN",,,"Indiana","18","Hancock County","059",,,,,,,,,,,,,,,,,,"05000US18059","Hancock County, Indiana",58587,"Hancock County, Indiana",7084
"G1800630","2010","IN",,,"Indiana","18","Hendricks County","063",,,,,,,,,,,,,,,,,,"05000US18063","Hendricks County, Indiana",65218,"Hendricks County, Indiana",3919
"G1800670","2010","IN",,,"Indiana","18","Howard County","067",,,,,,,,,,,,,,,,,,"05000US18067","Howard County, Indiana",36733,"Howard County, Indiana",4557
"G1800810","2010","IN",,,"Indiana","18","Johnson County","081",,,,,,,,,,,,,,,,,,"05000US18081","Johnson County, Indiana",58318,"Johnson County, Indiana",4034
"G1800850","2010","IN",,,"Indiana","18","Kosciusko County","085",,,,,,,,,,,,,,,,,,"05000US18085","Kosciusko County, Indiana",47308,"Kosciusko County, Indiana",3442
"G1800890","2010","IN",,,"Indiana","18","Lake County","089",,,,,,,,,,,,,,,,,,"05000US18089","Lake County, Indiana",45153,"Lake County, Indiana",1862
"G1800910","2010","IN",,,"Indiana","18","LaPorte County","091",,,,,,,,,,,,,,,,,,"05000US18091","LaPorte County, Indiana",43765,"LaPorte County, Indiana",3410
"G1800950","2010","IN",,,"Indiana","18","Madison County","095",,,,,,,,,,,,,,,,,,"05000US18095","Madison County, Indiana",38772,"Madison County, Indiana",2106
"G1800970","2010","IN",,,"Indiana","18","Marion County","097",,,,,,,,,,,,,,,,,,"05000US18097","Marion County, Indiana",38959,"Marion County, Indiana",1174
"G1801050","2010","IN",,,"Indiana","18","Monroe County","105",,,,,,,,,,,,,,,,,,"05000US18105","Monroe County, Indiana",36392,"Monroe County, Indiana",2684
"G1801090","2010","IN",,,"Indiana","18","Morgan County","109",,,,,,,,,,,,,,,,,,"05000US18109","Morgan County, Indiana",52965,"Morgan County, Indiana",6119
"G1801270","2010","IN",,,"Indiana","18","Porter County","127",,,,,,,,,,,,,,,,,,"05000US18127","Porter County, Indiana",55186,"Porter County, Indiana",2768
"G1801410","2010","IN",,,"Indiana","18","St. Joseph County","141",,,,,,,,,,,,,,,,,,"05000US18141","St. Joseph County, Indiana",42089,"St. Joseph County, Indiana",1435
"G1801570","2010","IN",,,"Indiana","18","Tippecanoe County","157",,,,,,,,,,,,,,,,,,"05000US18157","Tippecanoe County, Indiana",37983,"Tippecanoe County, Indiana",4071
"G1801630","2010","IN",,,"Indiana","18","Vanderburgh County","163",,,,,,,,,,,,,,,,,,"05000US18163","Vanderburgh County, Indiana",40290,"Vanderburgh County, Indiana",2541
"G1801670","2010","IN",,,"Indiana","18","Vigo County","167",,,,,,,,,,,,,,,,,,"05000US18167","Vigo County, Indiana",39429,"Vigo County, Indiana",4058
"G1801770","2010","IN",,,"Indiana","18","Wayne County","177",,,,,,,,,,,,,,,,,,"05000US18177","Wayne County, Indiana",36079,"Wayne County, Indiana",2668
"G1900130","2010","IA",,,"Iowa","19","Black Hawk County","013",,,,,,,,,,,,,,,,,,"05000US19013","Black Hawk County, Iowa",43341,"Black Hawk County, Iowa",2782
"G1900490","2010","IA",,,"Iowa","19","Dallas County","049",,,,,,,,,,,,,,,,,,"05000US19049","Dallas County, Iowa",63915,"Dallas County, Iowa",6605
"G1900610","2010","IA",,,"Iowa","19","Dubuque County","061",,,,,,,,,,,,,,,,,,"05000US19061","Dubuque County, Iowa",49776,"Dubuque County, Iowa",2537
"G1901030","2010","IA",,,"Iowa","19","Johnson County","103",,,,,,,,,,,,,,,,,,"05000US19103","Johnson County, Iowa",49226,"Johnson County, Iowa",4005
"G1901130","2010","IA",,,"Iowa","19","Linn County","113",,,,,,,,,,,,,,,,,,"05000US19113","Linn County, Iowa",54539,"Linn County, Iowa",2677
"G1901530","2010","IA",,,"Iowa","19","Polk County","153",,,,,,,,,,,,,,,,,,"05000US19153","Polk County, Iowa",53866,"Polk County, Iowa",2365
"G1901550","2010","IA",,,"Iowa","19","Pottawattamie County","155",,,,,,,,,,,,,,,,,,"05000US19155","Pottawattamie County, Iowa",47864,"Pottawattamie County, Iowa",3580
"G1901630","2010","IA",,,"Iowa","19","Scott County","163",,,,,,,,,,,,,,,,,,"05000US19163","Scott County, Iowa",47206,"Scott County, Iowa",1797
"G1901690","2010","IA",,,"Iowa","19","Story County","169",,,,,,,,,,,,,,,,,,"05000US19169","Story County, Iowa",48034,"Story County, Iowa",2922
"G1901930","2010","IA",,,"Iowa","19","Woodbury County","193",,,,,,,,,,,,,,,,,,"05000US19193","Woodbury County, Iowa",42208,"Woodbury County, Iowa",2361
"G2000150","2010","KS",,,"Kansas","20","Butler County","015",,,,,,,,,,,,,,,,,,"05000US20015","Butler County, Kansas",53503,"Butler County, Kansas",5311
"G2000450","2010","KS",,,"Kansas","20","Douglas County","045",,,,,,,,,,,,,,,,,,"05000US20045","Douglas County, Kansas",47263,"Douglas County, Kansas",4051
"G2000910","2010","KS",,,"Kansas","20","Johnson County","091",,,,,,,,,,,,,,,,,,"05000US20091","Johnson County, Kansas",71008,"Johnson County, Kansas",2086
"G2001030","2010","KS",,,"Kansas","20","Leavenworth County","103",,,,,,,,,,,,,,,,,,"05000US20103","Leavenworth County, Kansas",61310,"Leavenworth County, Kansas",3315
"G2001610","2010","KS",,,"Kansas","20","Riley County","161",,,,,,,,,,,,,,,,,,"05000US20161","Riley County, Kansas",45246,"Riley County, Kansas",5634
"G2001730","2010","KS",,,"Kansas","20","Sedgwick County","173",,,,,,,,,,,,,,,,,,"05000US20173","Sedgwick County, Kansas",45726,"Sedgwick County, Kansas",1213
"G2001770","2010","KS",,,"Kansas","20","Shawnee County","177",,,,,,,,,,,,,,,,,,"05000US20177","Shawnee County, Kansas",44431,"Shawnee County, Kansas",2754
"G2002090","2010","KS",,,"Kansas","20","Wyandotte County","209",,,,,,,,,,,,,,,,,,"05000US20209","Wyandotte County, Kansas",37293,"Wyandotte County, Kansas",2967
"G2100150","2010","KY",,,"Kentucky","21","Boone County","015",,,,,,,,,,,,,,,,,,"05000US21015","Boone County, Kentucky",64008,"Boone County, Kentucky",4359
"G2100290","2010","KY",,,"Kentucky","21","Bullitt County","029",,,,,,,,,,,,,,,,,,"05000US21029","Bullitt County, Kentucky",50702,"Bullitt County, Kentucky",4640
"G2100370","2010","KY",,,"Kentucky","21","Campbell County","037",,,,,,,,,,,,,,,,,,"05000US21037","Campbell County, Kentucky",44829,"Campbell County, Kentucky",4236
"G2100470","2010","KY",,,"Kentucky","21","Christian County","047",,,,,,,,,,,,,,,,,,"05000US21047","Christian County, Kentucky",36153,"Christian County, Kentucky",2072
"G2100590","2010","KY",,,"Kentucky","21","Daviess County","059",,,,,,,,,,,,,,,,,,"05000US21059","Daviess County, Kentucky",41277,"Daviess County, Kentucky",2313
"G2100670","2010","KY",,,"Kentucky","21","Fayette County","067",,,,,,,,,,,,,,,,,,"05000US21067","Fayette County, Kentucky",44895,"Fayette County, Kentucky",3767
"G2100930","2010","KY",,,"Kentucky","21","Hardin County","093",,,,,,,,,,,,,,,,,,"05000US21093","Hardin County, Kentucky",43421,"Hardin County, Kentucky",3070
"G2101110","2010","KY",,,"Kentucky","21","Jefferson County","111",,,,,,,,,,,,,,,,,,"05000US21111","Jefferson County, Kentucky",42305,"Jefferson County, Kentucky",1145
"G2101170","2010","KY",,,"Kentucky","21","Kenton County","117",,,,,,,,,,,,,,,,,,"05000US21117","Kenton County, Kentucky",50872,"Kenton County, Kentucky",2471
"G2101450","2010","KY",,,"Kentucky","21","McCracken County","145",,,,,,,,,,,,,,,,,,"05000US21145","McCracken County, Kentucky",42035,"McCracken County, Kentucky",5065
"G2101510","2010","KY",,,"Kentucky","21","Madison County","151",,,,,,,,,,,,,,,,,,"05000US21151","Madison County, Kentucky",42013,"Madison County, Kentucky",2443
"G2101950","2010","KY",,,"Kentucky","21","Pike County","195",,,,,,,,,,,,,,,,,,"05000US21195","Pike County, Kentucky",26927,"Pike County, Kentucky",2446
"G2102270","2010","KY",,,"Kentucky","21","Warren County","227",,,,,,,,,,,,,,,,,,"05000US21227","Warren County, Kentucky",38700,"Warren County, Kentucky",4387
"G2200050","2010","LA",,,"Louisiana","22","Ascension Parish","005",,,,,,,,,,,,,,,,,,"05000US22005","Ascension Parish, Louisiana",63814,"Ascension Parish, Louisiana",8224
"G2200150","2010","LA",,,"Louisiana","22","Bossier Parish","015",,,,,,,,,,,,,,,,,,"05000US22015","Bossier Parish, Louisiana",49154,"Bossier Parish, Louisiana",6329
"G2200170","2010","LA",,,"Louisiana","22","Caddo Parish","017",,,,,,,,,,,,,,,,,,"05000US22017","Caddo Parish, Louisiana",36835,"Caddo Parish, Louisiana",3321
"G2200190","2010","LA",,,"Louisiana","22","Calcasieu Parish","019",,,,,,,,,,,,,,,,,,"05000US22019","Calcasieu Parish, Louisiana",39830,"Calcasieu Parish, Louisiana",2523
"G2200330","2010","LA",,,"Louisiana","22","East Baton Rouge Parish","033",,,,,,,,,,,,,,,,,,"05000US22033","East Baton Rouge Parish, Louisiana",44964,"East Baton Rouge Parish, Louisiana",2381
"G2200450","2010","LA",,,"Louisiana","22","Iberia Parish","045",,,,,,,,,,,,,,,,,,"05000US22045","Iberia Parish, Louisiana",41709,"Iberia Parish, Louisiana",6580
"G2200510","2010","LA",,,"Louisiana","22","Jefferson Parish","051",,,,,,,,,,,,,,,,,,"05000US22051","Jefferson Parish, Louisiana",46559,"Jefferson Parish, Louisiana",1235
"G2200550","2010","LA",,,"Louisiana","22","Lafayette Parish","055",,,,,,,,,,,,,,,,,,"05000US22055","Lafayette Parish, Louisiana",48368,"Lafayette Parish, Louisiana",3485
"G2200570","2010","LA",,,"Louisiana","22","Lafourche Parish","057",,,,,,,,,,,,,,,,,,"05000US22057","Lafourche Parish, Louisiana",47442,"Lafourche Parish, Louisiana",5695
"G2200630","2010","LA",,,"Louisiana","22","Livingston Parish","063",,,,,,,,,,,,,,,,,,"05000US22063","Livingston Parish, Louisiana",53277,"Livingston Parish, Louisiana",2798
"G2200710","2010","LA",,,"Louisiana","22","Orleans Parish","071",,,,,,,,,,,,,,,,,,"05000US22071","Orleans Parish, Louisiana",37726,"Orleans Parish, Louisiana",2378
"G2200730","2010","LA",,,"Louisiana","22","Ouachita Parish","073",,,,,,,,,,,,,,,,,,"05000US22073","Ouachita Parish, Louisiana",37449,"Ouachita Parish, Louisiana",3619
"G2200790","2010","LA",,,"Louisiana","22","Rapides Parish","079",,,,,,,,,,,,,,,,,,"05000US22079","Rapides Parish, Louisiana",40377,"Rapides Parish, Louisiana",2986
"G2200970","2010","LA",,,"Louisiana","22","St. Landry Parish","097",,,,,,,,,,,,,,,,,,"05000US22097","St. Landry Parish, Louisiana",33388,"St. Landry Parish, Louisiana",3456
"G2201030","2010","LA",,,"Louisiana","22","St. Tammany Parish","103",,,,,,,,,,,,,,,,,,"05000US22103","St. Tammany Parish, Louisiana",59350,"St. Tammany Parish, Louisiana",2587
"G2201050","2010","LA",,,"Louisiana","22","Tangipahoa Parish","105",,,,,,,,,,,,,,,,,,"05000US22105","Tangipahoa Parish, Louisiana",37390,"Tangipahoa Parish, Louisiana",3977
"G2201090","2010","LA",,,"Louisiana","22","Terrebonne Parish","109",,,,,,,,,,,,,,,,,,"05000US22109","Terrebonne Parish, Louisiana",48583,"Terrebonne Parish, Louisiana",6660
"G2300010","2010","ME",,,"Maine","23","Androscoggin County","001",,,,,,,,,,,,,,,,,,"05000US23001","Androscoggin County, Maine",41190,"Androscoggin County, Maine",3303
"G2300030","2010","ME",,,"Maine","23","Aroostook County","003",,,,,,,,,,,,,,,,,,"05000US23003","Aroostook County, Maine",36403,"Aroostook County, Maine",2547
"G2300050","2010","ME",,,"Maine","23","Cumberland County","005",,,,,,,,,,,,,,,,,,"05000US23005","Cumberland County, Maine",58562,"Cumberland County, Maine",2997
"G2300110","2010","ME",,,"Maine","23","Kennebec County","011",,,,,,,,,,,,,,,,,,"05000US23011","Kennebec County, Maine",44964,"Kennebec County, Maine",3781
"G2300190","2010","ME",,,"Maine","23","Penobscot County","019",,,,,,,,,,,,,,,,,,"05000US23019","Penobscot County, Maine",42964,"Penobscot County, Maine",3302
"G2300310","2010","ME",,,"Maine","23","York County","031",,,,,,,,,,,,,,,,,,"05000US23031","York County, Maine",54880,"York County, Maine",3795
"G2400010","2010","MD",,,"Maryland","24","Allegany County","001",,,,,,,,,,,,,,,,,,"05000US24001","Allegany County, Maryland",35039,"Allegany County, Maryland",4244
"G2400030","2010","MD",,,"Maryland","24","Anne Arundel County","003",,,,,,,,,,,,,,,,,,"05000US24003","Anne Arundel County, Maryland",81455,"Anne Arundel County, Maryland",2437
"G2400050","2010","MD",,,"Maryland","24","Baltimore County","005",,,,,,,,,,,,,,,,,,"05000US24005","Baltimore County, Maryland",62543,"Baltimore County, Maryland",2151
"G2400090","2010","MD",,,"Maryland","24","Calvert County","009",,,,,,,,,,,,,,,,,,"05000US24009","Calvert County, Maryland",88862,"Calvert County, Maryland",6555
"G2400130","2010","MD",,,"Maryland","24","Carroll County","013",,,,,,,,,,,,,,,,,,"05000US24013","Carroll County, Maryland",82077,"Carroll County, Maryland",4295
"G2400150","2010","MD",,,"Maryland","24","Cecil County","015",,,,,,,,,,,,,,,,,,"05000US24015","Cecil County, Maryland",62427,"Cecil County, Maryland",4547
"G2400170","2010","MD",,,"Maryland","24","Charles County","017",,,,,,,,,,,,,,,,,,"05000US24017","Charles County, Maryland",87007,"Charles County, Maryland",6752
"G2400210","2010","MD",,,"Maryland","24","Frederick County","021",,,,,,,,,,,,,,,,,,"05000US24021","Frederick County, Maryland",82133,"Frederick County, Maryland",5320
"G2400250","2010","MD",,,"Maryland","24","Harford County","025",,,,,,,,,,,,,,,,,,"05000US24025","Harford County, Maryland",71835,"Harford County, Maryland",4255
"G2400270","2010","MD",,,"Maryland","24","Howard County","027",,,,,,,,,,,,,,,,,,"05000US24027","Howard County, Maryland",101771,"Howard County, Maryland",3736
"G2400310","2010","MD",,,"Maryland","24","Montgomery County","031",,,,,,,,,,,,,,,,,,"05000US24031","Montgomery County, Maryland",89155,"Montgomery County, Maryland",2873
"G2400330","2010","MD",,,"Maryland","24","Prince George's County","033",,,,,,,,,,,,,,,,,,"05000US24033","Prince George's County, Maryland",70019,"Prince George's County, Maryland",1663
"G2400370","2010","MD",,,"Maryland","24","St. Mary's County","037",,,,,,,,,,,,,,,,,,"05000US24037","St. Mary's County, Maryland",88444,"St. Mary's County, Maryland",7013
"G2400430","2010","MD",,,"Maryland","24","Washington County","043",,,,,,,,,,,,,,,,,,"05000US24043","Washington County, Maryland",52857,"Washington County, Maryland",4586
"G2400450","2010","MD",,,"Maryland","24","Wicomico County","045",,,,,,,,,,,,,,,,,,"05000US24045","Wicomico County, Maryland",49913,"Wicomico County, Maryland",4276
"G2405100","2010","MD",,,"Maryland","24","Baltimore City","510",,,,,,,,,,,,,,,,,,"05000US24510","Baltimore city, Maryland",38346,"Baltimore city, Maryland",1533
"G2500010","2010","MA",,,"Massachusetts","25","Barnstable County","001",,,,,,,,,,,,,,,,,,"05000US25001","Barnstable County, Massachusetts",55294,"Barnstable County, Massachusetts",3372
"G2500030","2010","MA",,,"Massachusetts","25","Berkshire County","003",,,,,,,,,,,,,,,,,,"05000US25003","Berkshire County, Massachusetts",44190,"Berkshire County, Massachusetts",3290
"G2500050","2010","MA",,,"Massachusetts","25","Bristol County","005",,,,,,,,,,,,,,,,,,"05000US25005","Bristol County, Massachusetts",51319,"Bristol County, Massachusetts",1398
"G2500090","2010","MA",,,"Massachusetts","25","Essex County","009",,,,,,,,,,,,,,,,,,"05000US25009","Essex County, Massachusetts",61789,"Essex County, Massachusetts",1638
"G2500110","2010","MA",,,"Massachusetts","25","Franklin County","011",,,,,,,,,,,,,,,,,,"05000US25011","Franklin County, Massachusetts",50001,"Franklin County, Massachusetts",3803
"G2500130","2010","MA",,,"Massachusetts","25","Hampden County","013",,,,,,,,,,,,,,,,,,"05000US25013","Hampden County, Massachusetts",46447,"Hampden County, Massachusetts",1763
"G2500150","2010","MA",,,"Massachusetts","25","Hampshire County","015",,,,,,,,,,,,,,,,,,"05000US25015","Hampshire County, Massachusetts",58449,"Hampshire County, Massachusetts",3411
"G2500170","2010","MA",,,"Massachusetts","25","Middlesex County","017",,,,,,,,,,,,,,,,,,"05000US25017","Middlesex County, Massachusetts",75534,"Middlesex County, Massachusetts",1429
"G2500210","2010","MA",,,"Massachusetts","25","Norfolk County","021",,,,,,,,,,,,,,,,,,"05000US25021","Norfolk County, Massachusetts",80440,"Norfolk County, Massachusetts",2689
"G2500230","2010","MA",,,"Massachusetts","25","Plymouth County","023",,,,,,,,,,,,,,,,,,"05000US25023","Plymouth County, Massachusetts",72076,"Plymouth County, Massachusetts",1949
"G2500250","2010","MA",,,"Massachusetts","25","Suffolk County","025",,,,,,,,,,,,,,,,,,"05000US25025","Suffolk County, Massachusetts",50020,"Suffolk County, Massachusetts",2342
"G2500270","2010","MA",,,"Massachusetts","25","Worcester County","027",,,,,,,,,,,,,,,,,,"05000US25027","Worcester County, Massachusetts",61212,"Worcester County, Massachusetts",1215
"G2600050","2010","MI",,,"Michigan","26","Allegan County","005",,,,,,,,,,,,,,,,,,"05000US26005","Allegan County, Michigan",44847,"Allegan County, Michigan",2290
"G2600170","2010","MI",,,"Michigan","26","Bay County","017",,,,,,,,,,,,,,,,,,"05000US26017","Bay County, Michigan",45451,"Bay County, Michigan",3876
"G2600210","2010","MI",,,"Michigan","26","Berrien County","021",,,,,,,,,,,,,,,,,,"05000US26021","Berrien County, Michigan",40329,"Berrien County, Michigan",2469
"G2600250","2010","MI",,,"Michigan","26","Calhoun County","025",,,,,,,,,,,,,,,,,,"05000US26025","Calhoun County, Michigan",42921,"Calhoun County, Michigan",2705
"G2600370","2010","MI",,,"Michigan","26","Clinton County","037",,,,,,,,,,,,,,,,,,"05000US26037","Clinton County, Michigan",58288,"Clinton County, Michigan",2895
"G2600450","2010","MI",,,"Michigan","26","Eaton County","045",,,,,,,,,,,,,,,,,,"05000US26045","Eaton County, Michigan",52042,"Eaton County, Michigan",2001
"G2600490","2010","MI",,,"Michigan","26","Genesee County","049",,,,,,,,,,,,,,,,,,"05000US26049","Genesee County, Michigan",38819,"Genesee County, Michigan",1835
"G2600550","2010","MI",,,"Michigan","26","Grand Traverse County","055",,,,,,,,,,,,,,,,,,"05000US26055","Grand Traverse County, Michigan",47389,"Grand Traverse County, Michigan",2996
"G2600650","2010","MI",,,"Michigan","26","Ingham County","065",,,,,,,,,,,,,,,,,,"05000US26065","Ingham County, Michigan",43171,"Ingham County, Michigan",1693
"G2600730","2010","MI",,,"Michigan","26","Isabella County","073",,,,,,,,,,,,,,,,,,"05000US26073","Isabella County, Michigan",31014,"Isabella County, Michigan",3379
"G2600750","2010","MI",,,"Michigan","26","Jackson County","075",,,,,,,,,,,,,,,,,,"05000US26075","Jackson County, Michigan",42862,"Jackson County, Michigan",3048
"G2600770","2010","MI",,,"Michigan","26","Kalamazoo County","077",,,,,,,,,,,,,,,,,,"05000US26077","Kalamazoo County, Michigan",43419,"Kalamazoo County, Michigan",1954
"G2600810","2010","MI",,,"Michigan","26","Kent County","081",,,,,,,,,,,,,,,,,,"05000US26081","Kent County, Michigan",47781,"Kent County, Michigan",1532
"G2600870","2010","MI",,,"Michigan","26","Lapeer County","087",,,,,,,,,,,,,,,,,,"05000US26087","Lapeer County, Michigan",49190,"Lapeer County, Michigan",2555
"G2600910","2010","MI",,,"Michigan","26","Lenawee County","091",,,,,,,,,,,,,,,,,,"05000US26091","Lenawee County, Michigan",45563,"Lenawee County, Michigan",2528
"G2600930","2010","MI",,,"Michigan","26","Livingston County","093",,,,,,,,,,,,,,,,,,"05000US26093","Livingston County, Michigan",65197,"Livingston County, Michigan",1867
"G2600990","2010","MI",,,"Michigan","26","Macomb County","099",,,,,,,,,,,,,,,,,,"05000US26099","Macomb County, Michigan",49160,"Macomb County, Michigan",1229
"G2601030","2010","MI",,,"Michigan","26","Marquette County","103",,,,,,,,,,,,,,,,,,"05000US26103","Marquette County, Michigan",44684,"Marquette County, Michigan",2457
"G2601110","2010","MI",,,"Michigan","26","Midland County","111",,,,,,,,,,,,,,,,,,"05000US26111","Midland County, Michigan",48706,"Midland County, Michigan",3321
"G2601150","2010","MI",,,"Michigan","26","Monroe County","115",,,,,,,,,,,,,,,,,,"05000US26115","Monroe County, Michigan",50034,"Monroe County, Michigan",2310
"G2601210","2010","MI",,,"Michigan","26","Muskegon County","121",,,,,,,,,,,,,,,,,,"05000US26121","Muskegon County, Michigan",38621,"Muskegon County, Michigan",3393
"G2601250","2010","MI",,,"Michigan","26","Oakland County","125",,,,,,,,,,,,,,,,,,"05000US26125","Oakland County, Michigan",60266,"Oakland County, Michigan",1036
"G2601390","2010","MI",,,"Michigan","26","Ottawa County","139",,,,,,,,,,,,,,,,,,"05000US26139","Ottawa County, Michigan",53056,"Ottawa County, Michigan",1964
"G2601450","2010","MI",,,"Michigan","26","Saginaw County","145",,,,,,,,,,,,,,,,,,"05000US26145","Saginaw County, Michigan",41938,"Saginaw County, Michigan",1484
"G2601470","2010","MI",,,"Michigan","26","St. Clair County","147",,,,,,,,,,,,,,,,,,"05000US26147","St. Clair County, Michigan",44369,"St. Clair County, Michigan",2121
"G2601550","2010","MI",,,"Michigan","26","Shiawassee County","155",,,,,,,,,,,,,,,,,,"05000US26155","Shiawassee County, Michigan",46528,"Shiawassee County, Michigan",3767
"G2601590","2010","MI",,,"Michigan","26","Van Buren County","159",,,,,,,,,,,,,,,,,,"05000US26159","Van Buren County, Michigan",44242,"Van Buren County, Michigan",2889
"G2601610","2010","MI",,,"Michigan","26","Washtenaw County","161",,,,,,,,,,,,,,,,,,"05000US26161","Washtenaw County, Michigan",55880,"Washtenaw County, Michigan",2321
"G2601630","2010","MI",,,"Michigan","26","Wayne County","163",,,,,,,,,,,,,,,,,,"05000US26163","Wayne County, Michigan",39408,"Wayne County, Michigan",861
"G2700030","2010","MN",,,"Minnesota","27","Anoka County","003",,,,,,,,,,,,,,,,,,"05000US27003","Anoka County, Minnesota",65771,"Anoka County, Minnesota",1579
"G2700190","2010","MN",,,"Minnesota","27","Carver County","019",,,,,,,,,,,,,,,,,,"05000US27019","Carver County, Minnesota",80173,"Carver County, Minnesota",5271
"G2700370","2010","MN",,,"Minnesota","27","Dakota County","037",,,,,,,,,,,,,,,,,,"05000US27037","Dakota County, Minnesota",69508,"Dakota County, Minnesota",2131
"G2700530","2010","MN",,,"Minnesota","27","Hennepin County","053",,,,,,,,,,,,,,,,,,"05000US27053","Hennepin County, Minnesota",59236,"Hennepin County, Minnesota",1390
"G2701090","2010","MN",,,"Minnesota","27","Olmsted County","109",,,,,,,,,,,,,,,,,,"05000US27109","Olmsted County, Minnesota",60721,"Olmsted County, Minnesota",3062
"G2701230","2010","MN",,,"Minnesota","27","Ramsey County","123",,,,,,,,,,,,,,,,,,"05000US27123","Ramsey County, Minnesota",50136,"Ramsey County, Minnesota",1305
"G2701370","2010","MN",,,"Minnesota","27","St. Louis County","137",,,,,,,,,,,,,,,,,,"05000US27137","St. Louis County, Minnesota",41801,"St. Louis County, Minnesota",1619
"G2701390","2010","MN",,,"Minnesota","27","Scott County","139",,,,,,,,,,,,,,,,,,"05000US27139","Scott County, Minnesota",77314,"Scott County, Minnesota",3601
"G2701410","2010","MN",,,"Minnesota","27","Sherburne County","141",,,,,,,,,,,,,,,,,,"05000US27141","Sherburne County, Minnesota",69971,"Sherburne County, Minnesota",3505
"G2701450","2010","MN",,,"Minnesota","27","Stearns County","145",,,,,,,,,,,,,,,,,,"05000US27145","Stearns County, Minnesota",50150,"Stearns County, Minnesota",2569
"G2701630","2010","MN",,,"Minnesota","27","Washington County","163",,,,,,,,,,,,,,,,,,"05000US27163","Washington County, Minnesota",77239,"Washington County, Minnesota",3081
"G2701710","2010","MN",,,"Minnesota","27","Wright County","171",,,,,,,,,,,,,,,,,,"05000US27171","Wright County, Minnesota",66833,"Wright County, Minnesota",4898
"G2800330","2010","MS",,,"Mississippi","28","DeSoto County","033",,,,,,,,,,,,,,,,,,"05000US28033","DeSoto County, Mississippi",60385,"DeSoto County, Mississippi",4476
"G2800350","2010","MS",,,"Mississippi","28","Forrest County","035",,,,,,,,,,,,,,,,,,"05000US28035","Forrest County, Mississippi",31327,"Forrest County, Mississippi",6220
"G2800470","2010","MS",,,"Mississippi","28","Harrison County","047",,,,,,,,,,,,,,,,,,"05000US28047","Harrison County, Mississippi",41970,"Harrison County, Mississippi",2845
"G2800490","2010","MS",,,"Mississippi","28","Hinds County","049",,,,,,,,,,,,,,,,,,"05000US28049","Hinds County, Mississippi",37358,"Hinds County, Mississippi",1923
"G2800590","2010","MS",,,"Mississippi","28","Jackson County","059",,,,,,,,,,,,,,,,,,"05000US28059","Jackson County, Mississippi",44951,"Jackson County, Mississippi",3491
"G2800670","2010","MS",,,"Mississippi","28","Jones County","067",,,,,,,,,,,,,,,,,,"05000US28067","Jones County, Mississippi",35913,"Jones County, Mississippi",2779
"G2800750","2010","MS",,,"Mississippi","28","Lauderdale County","075",,,,,,,,,,,,,,,,,,"05000US28075","Lauderdale County, Mississippi",31334,"Lauderdale County, Mississippi",3778
"G2800810","2010","MS",,,"Mississippi","28","Lee County","081",,,,,,,,,,,,,,,,,,"05000US28081","Lee County, Mississippi",41260,"Lee County, Mississippi",6175
"G2800890","2010","MS",,,"Mississippi","28","Madison County","089",,,,,,,,,,,,,,,,,,"05000US28089","Madison County, Mississippi",55362,"Madison County, Mississippi",7842
"G2801210","2010","MS",,,"Mississippi","28","Rankin County","121",,,,,,,,,,,,,,,,,,"05000US28121","Rankin County, Mississippi",49293,"Rankin County, Mississippi",3625
"G2900190","2010","MO",,,"Missouri","29","Boone County","019",,,,,,,,,,,,,,,,,,"05000US29019","Boone County, Missouri",41006,"Boone County, Missouri",2095
"G2900210","2010","MO",,,"Missouri","29","Buchanan County","021",,,,,,,,,,,,,,,,,,"05000US29021","Buchanan County, Missouri",41647,"Buchanan County, Missouri",4130
"G2900310","2010","MO",,,"Missouri","29","Cape Girardeau County","031",,,,,,,,,,,,,,,,,,"05000US29031","Cape Girardeau County, Missouri",44589,"Cape Girardeau County, Missouri",4098
"G2900370","2010","MO",,,"Missouri","29","Cass County","037",,,,,,,,,,,,,,,,,,"05000US29037","Cass County, Missouri",57100,"Cass County, Missouri",2698
"G2900430","2010","MO",,,"Missouri","29","Christian County","043",,,,,,,,,,,,,,,,,,"05000US29043","Christian County, Missouri",47671,"Christian County, Missouri",4321
"G2900470","2010","MO",,,"Missouri","29","Clay County","047",,,,,,,,,,,,,,,,,,"05000US29047","Clay County, Missouri",54884,"Clay County, Missouri",2957
"G2900510","2010","MO",,,"Missouri","29","Cole County","051",,,,,,,,,,,,,,,,,,"05000US29051","Cole County, Missouri",53080,"Cole County, Missouri",6041
"G2900710","2010","MO",,,"Missouri","29","Franklin County","071",,,,,,,,,,,,,,,,,,"05000US29071","Franklin County, Missouri",42905,"Franklin County, Missouri",6194
"G2900770","2010","MO",,,"Missouri","29","Greene County","077",,,,,,,,,,,,,,,,,,"05000US29077","Greene County, Missouri",37203,"Greene County, Missouri",2025
"G2900950","2010","MO",,,"Missouri","29","Jackson County","095",,,,,,,,,,,,,,,,,,"05000US29095","Jackson County, Missouri",44502,"Jackson County, Missouri",1341
"G2900970","2010","MO",,,"Missouri","29","Jasper County","097",,,,,,,,,,,,,,,,,,"05000US29097","Jasper County, Missouri",37560,"Jasper County, Missouri",2008
"G2900990","2010","MO",,,"Missouri","29","Jefferson County","099",,,,,,,,,,,,,,,,,,"05000US29099","Jefferson County, Missouri",52627,"Jefferson County, Missouri",1907
"G2901650","2010","MO",,,"Missouri","29","Platte County","165",,,,,,,,,,,,,,,,,,"05000US29165","Platte County, Missouri",67221,"Platte County, Missouri",4247
"G2901830","2010","MO",,,"Missouri","29","St. Charles County","183",,,,,,,,,,,,,,,,,,"05000US29183","St. Charles County, Missouri",64608,"St. Charles County, Missouri",2355
"G2901870","2010","MO",,,"Missouri","29","St. Francois County","187",,,,,,,,,,,,,,,,,,"05000US29187","St. Francois County, Missouri",33428,"St. Francois County, Missouri",3675
"G2901890","2010","MO",,,"Missouri","29","St. Louis County","189",,,,,,,,,,,,,,,,,,"05000US29189","St. Louis County, Missouri",55110,"St. Louis County, Missouri",1569
"G2905100","2010","MO",,,"Missouri","29","St. Louis city","510",,,,,,,,,,,,,,,,,,"05000US29510","St. Louis city, Missouri",32688,"St. Louis city, Missouri",1366
"G3000130","2010","MT",,,"Montana","30","Cascade County","013",,,,,,,,,,,,,,,,,,"05000US30013","Cascade County, Montana",41871,"Cascade County, Montana",1857
"G3000290","2010","MT",,,"Montana","30","Flathead County","029",,,,,,,,,,,,,,,,,,"05000US30029","Flathead County, Montana",41854,"Flathead County, Montana",3142
"G3000310","2010","MT",,,"Montana","30","Gallatin County","031",,,,,,,,,,,,,,,,,,"05000US30031","Gallatin County, Montana",49506,"Gallatin County, Montana",2850
"G3000630","2010","MT",,,"Montana","30","Missoula County","063",,,,,,,,,,,,,,,,,,"05000US30063","Missoula County, Montana",45596,"Missoula County, Montana",4035
"G3001110","2010","MT",,,"Montana","30","Yellowstone County","111",,,,,,,,,,,,,,,,,,"05000US30111","Yellowstone County, Montana",48153,"Yellowstone County, Montana",3582
"G3100550","2010","NE",,,"Nebraska","31","Douglas County","055",,,,,,,,,,,,,,,,,,"05000US31055","Douglas County, Nebraska",50038,"Douglas County, Nebraska",1626
"G3101090","2010","NE",,,"Nebraska","31","Lancaster County","109",,,,,,,,,,,,,,,,,,"05000US31109","Lancaster County, Nebraska",50031,"Lancaster County, Nebraska",1899
"G3101530","2010","NE",,,"Nebraska","31","Sarpy County","153",,,,,,,,,,,,,,,,,,"05000US31153","Sarpy County, Nebraska",69538,"Sarpy County, Nebraska",2965
"G3200030","2010","NV",,,"Nevada","32","Clark County","003",,,,,,,,,,,,,,,,,,"05000US32003","Clark County, Nevada",51437,"Clark County, Nevada",840
"G3200310","2010","NV",,,"Nevada","32","Washoe County","031",,,,,,,,,,,,,,,,,,"05000US32031","Washoe County, Nevada",50556,"Washoe County, Nevada",2111
"G3300050","2010","NH",,,"New Hampshire","33","Cheshire County","005",,,,,,,,,,,,,,,,,,"05000US33005","Cheshire County, New Hampshire",48030,"Cheshire County, New Hampshire",3847
"G3300090","2010","NH",,,"New Hampshire","33","Grafton County","009",,,,,,,,,,,,,,,,,,"05000US33009","Grafton County, New Hampshire",50738,"Grafton County, New Hampshire",2743
"G3300110","2010","NH",,,"New Hampshire","33","Hillsborough County","011",,,,,,,,,,,,,,,,,,"05000US33011","Hillsborough County, New Hampshire",68312,"Hillsborough County, New Hampshire",2342
"G3300130","2010","NH",,,"New Hampshire","33","Merrimack County","013",,,,,,,,,,,,,,,,,,"05000US33013","Merrimack County, New Hampshire",61310,"Merrimack County, New Hampshire",2229
"G3300150","2010","NH",,,"New Hampshire","33","Rockingham County","015",,,,,,,,,,,,,,,,,,"05000US33015","Rockingham County, New Hampshire",73925,"Rockingham County, New Hampshire",2807
"G3300170","2010","NH",,,"New Hampshire","33","Strafford County","017",,,,,,,,,,,,,,,,,,"05000US33017","Strafford County, New Hampshire",52212,"Strafford County, New Hampshire",3039
"G3400010","2010","NJ",,,"New Jersey","34","Atlantic County","001",,,,,,,,,,,,,,,,,,"05000US34001","Atlantic County, New Jersey",52571,"Atlantic County, New Jersey",2906
"G3400030","2010","NJ",,,"New Jersey","34","Bergen County","003",,,,,,,,,,,,,,,,,,"05000US34003","Bergen County, New Jersey",77389,"Bergen County, New Jersey",2822
"G3400050","2010","NJ",,,"New Jersey","34","Burlington County","005",,,,,,,,,,,,,,,,,,"05000US34005","Burlington County, New Jersey",74329,"Burlington County, New Jersey",2322
"G3400070","2010","NJ",,,"New Jersey","34","Camden County","007",,,,,,,,,,,,,,,,,,"05000US34007","Camden County, New Jersey",57352,"Camden County, New Jersey",2273
"G3400090","2010","NJ",,,"New Jersey","34","Cape May County","009",,,,,,,,,,,,,,,,,,"05000US34009","Cape May County, New Jersey",53392,"Cape May County, New Jersey",3666
"G3400110","2010","NJ",,,"New Jersey","34","Cumberland County","011",,,,,,,,,,,,,,,,,,"05000US34011","Cumberland County, New Jersey",51619,"Cumberland County, New Jersey",2460
"G3400130","2010","NJ",,,"New Jersey","34","Essex County","013",,,,,,,,,,,,,,,,,,"05000US34013","Essex County, New Jersey",52394,"Essex County, New Jersey",1225
"G3400150","2010","NJ",,,"New Jersey","34","Gloucester County","015",,,,,,,,,,,,,,,,,,"05000US34015","Gloucester County, New Jersey",70514,"Gloucester County, New Jersey",2509
"G3400170","2010","NJ",,,"New Jersey","34","Hudson County","017",,,,,,,,,,,,,,,,,,"05000US34017","Hudson County, New Jersey",54817,"Hudson County, New Jersey",2503
"G3400190","2010","NJ",,,"New Jersey","34","Hunterdon County","019",,,,,,,,,,,,,,,,,,"05000US34019","Hunterdon County, New Jersey",97874,"Hunterdon County, New Jersey",8666
"G3400210","2010","NJ",,,"New Jersey","34","Mercer County","021",,,,,,,,,,,,,,,,,,"05000US34021","Mercer County, New Jersey",70956,"Mercer County, New Jersey",2427
"G3400230","2010","NJ",,,"New Jersey","34","Middlesex County","023",,,,,,,,,,,,,,,,,,"05000US34023","Middlesex County, New Jersey",76443,"Middlesex County, New Jersey",2032
"G3400250","2010","NJ",,,"New Jersey","34","Monmouth County","025",,,,,,,,,,,,,,,,,,"05000US34025","Monmouth County, New Jersey",80816,"Monmouth County, New Jersey",2234
"G3400270","2010","NJ",,,"New Jersey","34","Morris County","027",,,,,,,,,,,,,,,,,,"05000US34027","Morris County, New Jersey",91469,"Morris County, New Jersey",2256
"G3400290","2010","NJ",,,"New Jersey","34","Ocean County","029",,,,,,,,,,,,,,,,,,"05000US34029","Ocean County, New Jersey",57128,"Ocean County, New Jersey",2033
"G3400310","2010","NJ",,,"New Jersey","34","Passaic County","031",,,,,,,,,,,,,,,,,,"05000US34031","Passaic County, New Jersey",53993,"Passaic County, New Jersey",2556
"G3400330","2010","NJ",,,"New Jersey","34","Salem County","033",,,,,,,,,,,,,,,,,,"05000US34033","Salem County, New Jersey",56357,"Salem County, New Jersey",4639
"G3400350","2010","NJ",,,"New Jersey","34","Somerset County","035",,,,,,,,,,,,,,,,,,"05000US34035","Somerset County, New Jersey",94270,"Somerset County, New Jersey",3617
"G3400370","2010","NJ",,,"New Jersey","34","Sussex County","037",,,,,,,,,,,,,,,,,,"05000US34037","Sussex County, New Jersey",84115,"Sussex County, New Jersey",7133
"G3400390","2010","NJ",,,"New Jersey","34","Union County","039",,,,,,,,,,,,,,,,,,"05000US34039","Union County, New Jersey",66665,"Union County, New Jersey",2173
"G3400410","2010","NJ",,,"New Jersey","34","Warren County","041",,,,,,,,,,,,,,,,,,"05000US34041","Warren County, New Jersey",71832,"Warren County, New Jersey",5465
"G3500010","2010","NM",,,"New Mexico","35","Bernalillo County","001",,,,,,,,,,,,,,,,,,"05000US35001","Bernalillo County, New Mexico",47624,"Bernalillo County, New Mexico",1762
"G3500050","2010","NM",,,"New Mexico","35","Chaves County","005",,,,,,,,,,,,,,,,,,"05000US35005","Chaves County, New Mexico",34325,"Chaves County, New Mexico",4364
"G3500130","2010","NM",,,"New Mexico","35","Dona Ana County","013",,,,,,,,,,,,,,,,,,"05000US35013","Doña Ana County, New Mexico",35230,"Doña Ana County, New Mexico",2850
"G3500310","2010","NM",,,"New Mexico","35","McKinley County","031",,,,,,,,,,,,,,,,,,"05000US35031","McKinley County, New Mexico",29369,"McKinley County, New Mexico",2936
"G3500430","2010","NM",,,"New Mexico","35","Sandoval County","043",,,,,,,,,,,,,,,,,,"05000US35043","Sandoval County, New Mexico",51959,"Sandoval County, New Mexico",3498
"G3500450","2010","NM",,,"New Mexico","35","San Juan County","045",,,,,,,,,,,,,,,,,,"05000US35045","San Juan County, New Mexico",45127,"San Juan County, New Mexico",4116
"G3500490","2010","NM",,,"New Mexico","35","Santa Fe County","049",,,,,,,,,,,,,,,,,,"05000US35049","Santa Fe County, New Mexico",47080,"Santa Fe County, New Mexico",4035
"G3500610","2010","NM",,,"New Mexico","35","Valencia County","061",,,,,,,,,,,,,,,,,,"05000US35061","Valencia County, New Mexico",39241,"Valencia County, New Mexico",5111
"G3600010","2010","NY",,,"New York","36","Albany County","001",,,,,,,,,,,,,,,,,,"05000US36001","Albany County, New York",53965,"Albany County, New York",3031
"G3600050","2010","NY",,,"New York","36","Bronx County","005",,,,,,,,,,,,,,,,,,"05000US36005","Bronx County, New York",32568,"Bronx County, New York",1393
"G3600070","2010","NY",,,"New York","36","Broome County","007",,,,,,,,,,,,,,,,,,"05000US36007","Broome County, New York",44473,"Broome County, New York",2269
"G3600090","2010","NY",,,"New York","36","Cattaraugus County","009",,,,,,,,,,,,,,,,,,"05000US36009","Cattaraugus County, New York",41578,"Cattaraugus County, New York",1977
"G3600110","2010","NY",,,"New York","36","Cayuga County","011",,,,,,,,,,,,,,,,,,"05000US36011","Cayuga County, New York",49136,"Cayuga County, New York",1891
"G3600130","2010","NY",,,"New York","36","Chautauqua County","013",,,,,,,,,,,,,,,,,,"05000US36013","Chautauqua County, New York",40443,"Chautauqua County, New York",2516
"G3600150","2010","NY",,,"New York","36","Chemung County","015",,,,,,,,,,,,,,,,,,"05000US36015","Chemung County, New York",47643,"Chemung County, New York",2895
"G3600190","2010","NY",,,"New York","36","Clinton County","019",,,,,,,,,,,,,,,,,,"05000US36019","Clinton County, New York",43600,"Clinton County, New York",3063
"G3600270","2010","NY",,,"New York","36","Dutchess County","027",,,,,,,,,,,,,,,,,,"05000US36027","Dutchess County, New York",69613,"Dutchess County, New York",2593
"G3600290","2010","NY",,,"New York","36","Erie County","029",,,,,,,,,,,,,,,,,,"05000US36029","Erie County, New York",46816,"Erie County, New York",1180
"G3600450","2010","NY",,,"New York","36","Jefferson County","045",,,,,,,,,,,,,,,,,,"05000US36045","Jefferson County, New York",43557,"Jefferson County, New York",3321
"G3600470","2010","NY",,,"New York","36","Kings County","047",,,,,,,,,,,,,,,,,,"05000US36047","Kings County, New York",42143,"Kings County, New York",615
"G3600510","2010","NY",,,"New York","36","Livingston County","051",,,,,,,,,,,,,,,,,,"05000US36051","Livingston County, New York",50640,"Livingston County, New York",2882
"G3600530","2010","NY",,,"New York","36","Madison County","053",,,,,,,,,,,,,,,,,,"05000US36053","Madison County, New York",53006,"Madison County, New York",4611
"G3600550","2010","NY",,,"New York","36","Monroe County","055",,,,,,,,,,,,,,,,,,"05000US36055","Monroe County, New York",49532,"Monroe County, New York",1478
"G3600590","2010","NY",,,"New York","36","Nassau County","059",,,,,,,,,,,,,,,,,,"05000US36059","Nassau County, New York",91104,"Nassau County, New York",2189
"G3600610","2010","NY",,,"New York","36","New York County","061",,,,,,,,,,,,,,,,,,"05000US36061","New York County, New York",63832,"New York County, New York",2125
"G3600630","2010","NY",,,"New York","36","Niagara County","063",,,,,,,,,,,,,,,,,,"05000US36063","Niagara County, New York",43991,"Niagara County, New York",3138
"G3600650","2010","NY",,,"New York","36","Oneida County","065",,,,,,,,,,,,,,,,,,"05000US36065","Oneida County, New York",47286,"Oneida County, New York",2128
"G3600670","2010","NY",,,"New York","36","Onondaga County","067",,,,,,,,,,,,,,,,,,"05000US36067","Onondaga County, New York",50426,"Onondaga County, New York",1481
"G3600690","2010","NY",,,"New York","36","Ontario County","069",,,,,,,,,,,,,,,,,,"05000US36069","Ontario County, New York",53567,"Ontario County, New York",3722
"G3600710","2010","NY",,,"New York","36","Orange County","071",,,,,,,,,,,,,,,,,,"05000US36071","Orange County, New York",65891,"Orange County, New York",1829
"G3600750","2010","NY",,,"New York","36","Oswego County","075",,,,,,,,,,,,,,,,,,"05000US36075","Oswego County, New York",44643,"Oswego County, New York",2909
"G3600790","2010","NY",,,"New York","36","Putnam County","079",,,,,,,,,,,,,,,,,,"05000US36079","Putnam County, New York",81233,"Putnam County, New York",13546
"G3600810","2010","NY",,,"New York","36","Queens County","081",,,,,,,,,,,,,,,,,,"05000US36081","Queens County, New York",53054,"Queens County, New York",1310
"G3600830","2010","NY",,,"New York","36","Rensselaer County","083",,,,,,,,,,,,,,,,,,"05000US36083","Rensselaer County, New York",51653,"Rensselaer County, New York",2757
"G3600850","2010","NY",,,"New York","36","Richmond County","085",,,,,,,,,,,,,,,,,,"05000US36085","Richmond County, New York",70560,"Richmond County, New York",2862
"G3600870","2010","NY",,,"New York","36","Rockland County","087",,,,,,,,,,,,,,,,,,"05000US36087","Rockland County, New York",84027,"Rockland County, New York",5671
"G3600890","2010","NY",,,"New York","36","St. Lawrence County","089",,,,,,,,,,,,,,,,,,"05000US36089","St. Lawrence County, New York",40163,"St. Lawrence County, New York",3229
"G3600910","2010","NY",,,"New York","36","Saratoga County","091",,,,,,,,,,,,,,,,,,"05000US36091","Saratoga County, New York",66212,"Saratoga County, New York",3422
"G3600930","2010","NY",,,"New York","36","Schenectady County","093",,,,,,,,,,,,,,,,,,"05000US36093","Schenectady County, New York",52331,"Schenectady County, New York",2537
"G3601010","2010","NY",,,"New York","36","Steuben County","101",,,,,,,,,,,,,,,,,,"05000US36101","Steuben County, New York",45995,"Steuben County, New York",2573
"G3601030","2010","NY",,,"New York","36","Suffolk County","103",,,,,,,,,,,,,,,,,,"05000US36103","Suffolk County, New York",81551,"Suffolk County, New York",1334
"G3601050","2010","NY",,,"New York","36","Sullivan County","105",,,,,,,,,,,,,,,,,,"05000US36105","Sullivan County, New York",43578,"Sullivan County, New York",5471
"G3601090","2010","NY",,,"New York","36","Tompkins County","109",,,,,,,,,,,,,,,,,,"05000US36109","Tompkins County, New York",52064,"Tompkins County, New York",3897
"G3601110","2010","NY",,,"New York","36","Ulster County","111",,,,,,,,,,,,,,,,,,"05000US36111","Ulster County, New York",51301,"Ulster County, New York",2590
"G3601130","2010","NY",,,"New York","36","Warren County","113",,,,,,,,,,,,,,,,,,"05000US36113","Warren County, New York",52715,"Warren County, New York",3935
"G3601170","2010","NY",,,"New York","36","Wayne County","117",,,,,,,,,,,,,,,,,,"05000US36117","Wayne County, New York",50363,"Wayne County, New York",2816
"G3601190","2010","NY",,,"New York","36","Westchester County","119",,,,,,,,,,,,,,,,,,"05000US36119","Westchester County, New York",77415,"Westchester County, New York",2465
"G3700010","2010","NC",,,"North Carolina","37","Alamance County","001",,,,,,,,,,,,,,,,,,"05000US37001","Alamance County, North Carolina",41058,"Alamance County, North Carolina",2232
"G3700190","2010","NC",,,"North Carolina","37","Brunswick County","019",,,,,,,,,,,,,,,,,,"05000US37019","Brunswick County, North Carolina",43884,"Brunswick County, North Carolina",2044
"G3700210","2010","NC",,,"North Carolina","37","Buncombe County","021",,,,,,,,,,,,,,,,,,"05000US37021","Buncombe County, North Carolina",43241,"Buncombe County, North Carolina",3310
"G3700230","2010","NC",,,"North Carolina","37","Burke County","023",,,,,,,,,,,,,,,,,,"05000US37023","Burke County, North Carolina",38131,"Burke County, North Carolina",4709
"G3700250","2010","NC",,,"North Carolina","37","Cabarrus County","025",,,,,,,,,,,,,,,,,,"05000US37025","Cabarrus County, North Carolina",48666,"Cabarrus County, North Carolina",1942
"G3700270","2010","NC",,,"North Carolina","37","Caldwell County","027",,,,,,,,,,,,,,,,,,"05000US37027","Caldwell County, North Carolina",36050,"Caldwell County, North Carolina",3790
"G3700310","2010","NC",,,"North Carolina","37","Carteret County","031",,,,,,,,,,,,,,,,,,"05000US37031","Carteret County, North Carolina",40614,"Carteret County, North Carolina",4630
"G3700350","2010","NC",,,"North Carolina","37","Catawba County","035",,,,,,,,,,,,,,,,,,"05000US37035","Catawba County, North Carolina",41244,"Catawba County, North Carolina",2393
"G3700450","2010","NC",,,"North Carolina","37","Cleveland County","045",,,,,,,,,,,,,,,,,,"05000US37045","Cleveland County, North Carolina",38282,"Cleveland County, North Carolina",3034
"G3700490","2010","NC",,,"North Carolina","37","Craven County","049",,,,,,,,,,,,,,,,,,"05000US37049","Craven County, North Carolina",40218,"Craven County, North Carolina",4060
"G3700510","2010","NC",,,"North Carolina","37","Cumberland County","051",,,,,,,,,,,,,,,,,,"05000US37051","Cumberland County, North Carolina",43205,"Cumberland County, North Carolina",1762
"G3700570","2010","NC",,,"North Carolina","37","Davidson County","057",,,,,,,,,,,,,,,,,,"05000US37057","Davidson County, North Carolina",39660,"Davidson County, North Carolina",2493
"G3700630","2010","NC",,,"North Carolina","37","Durham County","063",,,,,,,,,,,,,,,,,,"05000US37063","Durham County, North Carolina",47401,"Durham County, North Carolina",2321
"G3700670","2010","NC",,,"North Carolina","37","Forsyth County","067",,,,,,,,,,,,,,,,,,"05000US37067","Forsyth County, North Carolina",43537,"Forsyth County, North Carolina",2561
"G3700710","2010","NC",,,"North Carolina","37","Gaston County","071",,,,,,,,,,,,,,,,,,"05000US37071","Gaston County, North Carolina",39054,"Gaston County, North Carolina",2499
"G3700810","2010","NC",,,"North Carolina","37","Guilford County","081",,,,,,,,,,,,,,,,,,"05000US37081","Guilford County, North Carolina",42090,"Guilford County, North Carolina",1146
"G3700850","2010","NC",,,"North Carolina","37","Harnett County","085",,,,,,,,,,,,,,,,,,"05000US37085","Harnett County, North Carolina",39584,"Harnett County, North Carolina",3886
"G3700890","2010","NC",,,"North Carolina","37","Henderson County","089",,,,,,,,,,,,,,,,,,"05000US37089","Henderson County, North Carolina",43105,"Henderson County, North Carolina",3319
"G3700970","2010","NC",,,"North Carolina","37","Iredell County","097",,,,,,,,,,,,,,,,,,"05000US37097","Iredell County, North Carolina",45714,"Iredell County, North Carolina",3026
"G3701010","2010","NC",,,"North Carolina","37","Johnston County","101",,,,,,,,,,,,,,,,,,"05000US37101","Johnston County, North Carolina",45988,"Johnston County, North Carolina",2351
"G3701090","2010","NC",,,"North Carolina","37","Lincoln County","109",,,,,,,,,,,,,,,,,,"05000US37109","Lincoln County, North Carolina",42456,"Lincoln County, North Carolina",3813
"G3701190","2010","NC",,,"North Carolina","37","Mecklenburg County","119",,,,,,,,,,,,,,,,,,"05000US37119","Mecklenburg County, North Carolina",52188,"Mecklenburg County, North Carolina",1240
"G3701250","2010","NC",,,"North Carolina","37","Moore County","125",,,,,,,,,,,,,,,,,,"05000US37125","Moore County, North Carolina",47692,"Moore County, North Carolina",5869
"G3701270","2010","NC",,,"North Carolina","37","Nash County","127",,,,,,,,,,,,,,,,,,"05000US37127","Nash County, North Carolina",42967,"Nash County, North Carolina",4618
"G3701290","2010","NC",,,"North Carolina","37","New Hanover County","129",,,,,,,,,,,,,,,,,,"05000US37129","New Hanover County, North Carolina",46130,"New Hanover County, North Carolina",2960
"G3701330","2010","NC",,,"North Carolina","37","Onslow County","133",,,,,,,,,,,,,,,,,,"05000US37133","Onslow County, North Carolina",41787,"Onslow County, North Carolina",1598
"G3701350","2010","NC",,,"North Carolina","37","Orange County","135",,,,,,,,,,,,,,,,,,"05000US37135","Orange County, North Carolina",48207,"Orange County, North Carolina",3875
"G3701470","2010","NC",,,"North Carolina","37","Pitt County","147",,,,,,,,,,,,,,,,,,"05000US37147","Pitt County, North Carolina",39222,"Pitt County, North Carolina",2243
"G3701510","2010","NC",,,"North Carolina","37","Randolph County","151",,,,,,,,,,,,,,,,,,"05000US37151","Randolph County, North Carolina",38267,"Randolph County, North Carolina",3289
"G3701550","2010","NC",,,"North Carolina","37","Robeson County","155",,,,,,,,,,,,,,,,,,"05000US37155","Robeson County, North Carolina",29453,"Robeson County, North Carolina",3749
"G3701570","2010","NC",,,"North Carolina","37","Rockingham County","157",,,,,,,,,,,,,,,,,,"05000US37157","Rockingham County, North Carolina",37818,"Rockingham County, North Carolina",2278
"G3701590","2010","NC",,,"North Carolina","37","Rowan County","159",,,,,,,,,,,,,,,,,,"05000US37159","Rowan County, North Carolina",37360,"Rowan County, North Carolina",2439
"G3701610","2010","NC",,,"North Carolina","37","Rutherford County","161",,,,,,,,,,,,,,,,,,"05000US37161","Rutherford County, North Carolina",35442,"Rutherford County, North Carolina",3231
"G3701710","2010","NC",,,"North Carolina","37","Surry County","171",,,,,,,,,,,,,,,,,,"05000US37171","Surry County, North Carolina",35928,"Surry County, North Carolina",3436
"G3701790","2010","NC",,,"North Carolina","37","Union County","179",,,,,,,,,,,,,,,,,,"05000US37179","Union County, North Carolina",65576,"Union County, North Carolina",4572
"G3701830","2010","NC",,,"North Carolina","37","Wake County","183",,,,,,,,,,,,,,,,,,"05000US37183","Wake County, North Carolina",61426,"Wake County, North Carolina",1380
"G3701910","2010","NC",,,"North Carolina","37","Wayne County","191",,,,,,,,,,,,,,,,,,"05000US37191","Wayne County, North Carolina",40787,"Wayne County, North Carolina",2598
"G3701930","2010","NC",,,"North Carolina","37","Wilkes County","193",,,,,,,,,,,,,,,,,,"05000US37193","Wilkes County, North Carolina",31869,"Wilkes County, North Carolina",3457
"G3701950","2010","NC",,,"North Carolina","37","Wilson County","195",,,,,,,,,,,,,,,,,,"05000US37195","Wilson County, North Carolina",34883,"Wilson County, North Carolina",3225
"G3800150","2010","ND",,,"North Dakota","38","Burleigh County","015",,,,,,,,,,,,,,,,,,"05000US38015","Burleigh County, North Dakota",55489,"Burleigh County, North Dakota",5638
"G3800170","2010","ND",,,"North Dakota","38","Cass County","017",,,,,,,,,,,,,,,,,,"05000US38017","Cass County, North Dakota",50616,"Cass County, North Dakota",3049
"G3800350","2010","ND",,,"North Dakota","38","Grand Forks County","035",,,,,,,,,,,,,,,,,,"05000US38035","Grand Forks County, North Dakota",42923,"Grand Forks County, North Dakota",5922
"G3900030","2010","OH",,,"Ohio","39","Allen County","003",,,,,,,,,,,,,,,,,,"05000US39003","Allen County, Ohio",41057,"Allen County, Ohio",1755
"G3900070","2010","OH",,,"Ohio","39","Ashtabula County","007",,,,,,,,,,,,,,,,,,"05000US39007","Ashtabula County, Ohio",38751,"Ashtabula County, Ohio",3551
"G3900130","2010","OH",,,"Ohio","39","Belmont County","013",,,,,,,,,,,,,,,,,,"05000US39013","Belmont County, Ohio",38548,"Belmont County, Ohio",3670
"G3900170","2010","OH",,,"Ohio","39","Butler County","017",,,,,,,,,,,,,,,,,,"05000US39017","Butler County, Ohio",54541,"Butler County, Ohio",2259
"G3900230","2010","OH",,,"Ohio","39","Clark County","023",,,,,,,,,,,,,,,,,,"05000US39023","Clark County, Ohio",39580,"Clark County, Ohio",2283
"G3900250","2010","OH",,,"Ohio","39","Clermont County","025",,,,,,,,,,,,,,,,,,"05000US39025","Clermont County, Ohio",56952,"Clermont County, Ohio",2993
"G3900290","2010","OH",,,"Ohio","39","Columbiana County","029",,,,,,,,,,,,,,,,,,"05000US39029","Columbiana County, Ohio",35909,"Columbiana County, Ohio",2946
"G3900350","2010","OH",,,"Ohio","39","Cuyahoga County","035",,,,,,,,,,,,,,,,,,"05000US39035","Cuyahoga County, Ohio",41347,"Cuyahoga County, Ohio",670
"G3900410","2010","OH",,,"Ohio","39","Delaware County","041",,,,,,,,,,,,,,,,,,"05000US39041","Delaware County, Ohio",85146,"Delaware County, Ohio",3065
"G3900430","2010","OH",,,"Ohio","39","Erie County","043",,,,,,,,,,,,,,,,,,"05000US39043","Erie County, Ohio",42246,"Erie County, Ohio",4221
"G3900450","2010","OH",,,"Ohio","39","Fairfield County","045",,,,,,,,,,,,,,,,,,"05000US39045","Fairfield County, Ohio",55981,"Fairfield County, Ohio",2569
"G3900490","2010","OH",,,"Ohio","39","Franklin County","049",,,,,,,,,,,,,,,,,,"05000US39049","Franklin County, Ohio",47557,"Franklin County, Ohio",1200
"G3900550","2010","OH",,,"Ohio","39","Geauga County","055",,,,,,,,,,,,,,,,,,"05000US39055","Geauga County, Ohio",61236,"Geauga County, Ohio",4809
"G3900570","2010","OH",,,"Ohio","39","Greene County","057",,,,,,,,,,,,,,,,,,"05000US39057","Greene County, Ohio",51048,"Greene County, Ohio",2365
"G3900610","2010","OH",,,"Ohio","39","Hamilton County","061",,,,,,,,,,,,,,,,,,"05000US39061","Hamilton County, Ohio",46236,"Hamilton County, Ohio",1468
"G3900630","2010","OH",,,"Ohio","39","Hancock County","063",,,,,,,,,,,,,,,,,,"05000US39063","Hancock County, Ohio",50150,"Hancock County, Ohio",4571
"G3900810","2010","OH",,,"Ohio","39","Jefferson County","081",,,,,,,,,,,,,,,,,,"05000US39081","Jefferson County, Ohio",36008,"Jefferson County, Ohio",3086
"G3900850","2010","OH",,,"Ohio","39","Lake County","085",,,,,,,,,,,,,,,,,,"05000US39085","Lake County, Ohio",52685,"Lake County, Ohio",2732
"G3900890","2010","OH",,,"Ohio","39","Licking County","089",,,,,,,,,,,,,,,,,,"05000US39089","Licking County, Ohio",51132,"Licking County, Ohio",2741
"G3900930","2010","OH",,,"Ohio","39","Lorain County","093",,,,,,,,,,,,,,,,,,"05000US39093","Lorain County, Ohio",50200,"Lorain County, Ohio",2632
"G3900950","2010","OH",,,"Ohio","39","Lucas County","095",,,,,,,,,,,,,,,,,,"05000US39095","Lucas County, Ohio",38773,"Lucas County, Ohio",1534
"G3900990","2010","OH",,,"Ohio","39","Mahoning County","099",,,,,,,,,,,,,,,,,,"05000US39099","Mahoning County, Ohio",37847,"Mahoning County, Ohio",1791
"G3901010","2010","OH",,,"Ohio","39","Marion County","101",,,,,,,,,,,,,,,,,,"05000US39101","Marion County, Ohio",38824,"Marion County, Ohio",5058
"G3901030","2010","OH",,,"Ohio","39","Medina County","103",,,,,,,,,,,,,,,,,,"05000US39103","Medina County, Ohio",63543,"Medina County, Ohio",3321
"G3901090","2010","OH",,,"Ohio","39","Miami County","109",,,,,,,,,,,,,,,,,,"05000US39109","Miami County, Ohio",49222,"Miami County, Ohio",2584
"G3901130","2010","OH",,,"Ohio","39","Montgomery County","113",,,,,,,,,,,,,,,,,,"05000US39113","Montgomery County, Ohio",40618,"Montgomery County, Ohio",1194
"G3901190","2010","OH",,,"Ohio","39","Muskingum County","119",,,,,,,,,,,,,,,,,,"05000US39119","Muskingum County, Ohio",40894,"Muskingum County, Ohio",2398
"G3901330","2010","OH",,,"Ohio","39","Portage County","133",,,,,,,,,,,,,,,,,,"05000US39133","Portage County, Ohio",49244,"Portage County, Ohio",2627
"G3901390","2010","OH",,,"Ohio","39","Richland County","139",,,,,,,,,,,,,,,,,,"05000US39139","Richland County, Ohio",41572,"Richland County, Ohio",1873
"G3901410","2010","OH",,,"Ohio","39","Ross County","141",,,,,,,,,,,,,,,,,,"05000US39141","Ross County, Ohio",40811,"Ross County, Ohio",2878
"G3901450","2010","OH",,,"Ohio","39","Scioto County","145",,,,,,,,,,,,,,,,,,"05000US39145","Scioto County, Ohio",36859,"Scioto County, Ohio",3925
"G3901510","2010","OH",,,"Ohio","39","Stark County","151",,,,,,,,,,,,,,,,,,"05000US39151","Stark County, Ohio",42664,"Stark County, Ohio",1398
"G3901530","2010","OH",,,"Ohio","39","Summit County","153",,,,,,,,,,,,,,,,,,"05000US39153","Summit County, Ohio",45593,"Summit County, Ohio",1370
"G3901550","2010","OH",,,"Ohio","39","Trumbull County","155",,,,,,,,,,,,,,,,,,"05000US39155","Trumbull County, Ohio",40153,"Trumbull County, Ohio",2396
"G3901570","2010","OH",,,"Ohio","39","Tuscarawas County","157",,,,,,,,,,,,,,,,,,"05000US39157","Tuscarawas County, Ohio",38882,"Tuscarawas County, Ohio",2787
"G3901650","2010","OH",,,"Ohio","39","Warren County","165",,,,,,,,,,,,,,,,,,"05000US39165","Warren County, Ohio",66499,"Warren County, Ohio",2469
"G3901690","2010","OH",,,"Ohio","39","Wayne County","169",,,,,,,,,,,,,,,,,,"05000US39169","Wayne County, Ohio",46288,"Wayne County, Ohio",2553
"G3901730","2010","OH",,,"Ohio","39","Wood County","173",,,,,,,,,,,,,,,,,,"05000US39173","Wood County, Ohio",47485,"Wood County, Ohio",3684
"G4000170","2010","OK",,,"Oklahoma","40","Canadian County","017",,,,,,,,,,,,,,,,,,"05000US40017","Canadian County, Oklahoma",56072,"Canadian County, Oklahoma",3248
"G4000270","2010","OK",,,"Oklahoma","40","Cleveland County","027",,,,,,,,,,,,,,,,,,"05000US40027","Cleveland County, Oklahoma",50967,"Cleveland County, Oklahoma",2349
"G4000310","2010","OK",,,"Oklahoma","40","Comanche County","031",,,,,,,,,,,,,,,,,,"05000US40031","Comanche County, Oklahoma",43817,"Comanche County, Oklahoma",3158
"G4000370","2010","OK",,,"Oklahoma","40","Creek County","037",,,,,,,,,,,,,,,,,,"05000US40037","Creek County, Oklahoma",40640,"Creek County, Oklahoma",3538
"G4001010","2010","OK",,,"Oklahoma","40","Muskogee County","101",,,,,,,,,,,,,,,,,,"05000US40101","Muskogee County, Oklahoma",39910,"Muskogee County, Oklahoma",2984
"G4001090","2010","OK",,,"Oklahoma","40","Oklahoma County","109",,,,,,,,,,,,,,,,,,"05000US40109","Oklahoma County, Oklahoma",42564,"Oklahoma County, Oklahoma",1404
"G4001190","2010","OK",,,"Oklahoma","40","Payne County","119",,,,,,,,,,,,,,,,,,"05000US40119","Payne County, Oklahoma",35488,"Payne County, Oklahoma",3079
"G4001250","2010","OK",,,"Oklahoma","40","Pottawatomie County","125",,,,,,,,,,,,,,,,,,"05000US40125","Pottawatomie County, Oklahoma",36795,"Pottawatomie County, Oklahoma",3065
"G4001310","2010","OK",,,"Oklahoma","40","Rogers County","131",,,,,,,,,,,,,,,,,,"05000US40131","Rogers County, Oklahoma",56176,"Rogers County, Oklahoma",2823
"G4001430","2010","OK",,,"Oklahoma","40","Tulsa County","143",,,,,,,,,,,,,,,,,,"05000US40143","Tulsa County, Oklahoma",43836,"Tulsa County, Oklahoma",1582
"G4001450","2010","OK",,,"Oklahoma","40","Wagoner County","145",,,,,,,,,,,,,,,,,,"05000US40145","Wagoner County, Oklahoma",57884,"Wagoner County, Oklahoma",4665
"G4100030","2010","OR",,,"Oregon","41","Benton County","003",,,,,,,,,,,,,,,,,,"05000US41003","Benton County, Oregon",45913,"Benton County, Oregon",5983
"G4100050","2010","OR",,,"Oregon","41","Clackamas County","005",,,,,,,,,,,,,,,,,,"05000US41005","Clackamas County, Oregon",57298,"Clackamas County, Oregon",2749
"G4100170","2010","OR",,,"Oregon","41","Deschutes County","017",,,,,,,,,,,,,,,,,,"05000US41017","Deschutes County, Oregon",44680,"Deschutes County, Oregon",3893
"G4100190","2010","OR",,,"Oregon","41","Douglas County","019",,,,,,,,,,,,,,,,,,"05000US41019","Douglas County, Oregon",36510,"Douglas County, Oregon",2831
"G4100290","2010","OR",,,"Oregon","41","Jackson County","029",,,,,,,,,,,,,,,,,,"05000US41029","Jackson County, Oregon",40177,"Jackson County, Oregon",2436
"G4100330","2010","OR",,,"Oregon","41","Josephine County","033",,,,,,,,,,,,,,,,,,"05000US41033","Josephine County, Oregon",36626,"Josephine County, Oregon",3783
"G4100350","2010","OR",,,"Oregon","41","Klamath County","035",,,,,,,,,,,,,,,,,,"05000US41035","Klamath County, Oregon",37660,"Klamath County, Oregon",4744
"G4100390","2010","OR",,,"Oregon","41","Lane County","039",,,,,,,,,,,,,,,,,,"05000US41039","Lane County, Oregon",40276,"Lane County, Oregon",1447
"G4100430","2010","OR",,,"Oregon","41","Linn County","043",,,,,,,,,,,,,,,,,,"05000US41043","Linn County, Oregon",42900,"Linn County, Oregon",2653
"G4100470","2010","OR",,,"Oregon","41","Marion County","047",,,,,,,,,,,,,,,,,,"05000US41047","Marion County, Oregon",44570,"Marion County, Oregon",1755
"G4100510","2010","OR",,,"Oregon","41","Multnomah County","051",,,,,,,,,,,,,,,,,,"05000US41051","Multnomah County, Oregon",48043,"Multnomah County, Oregon",1477
"G4100530","2010","OR",,,"Oregon","41","Polk County","053",,,,,,,,,,,,,,,,,,"05000US41053","Polk County, Oregon",48809,"Polk County, Oregon",3484
"G4100590","2010","OR",,,"Oregon","41","Umatilla County","059",,,,,,,,,,,,,,,,,,"05000US41059","Umatilla County, Oregon",44107,"Umatilla County, Oregon",3192
"G4100670","2010","OR",,,"Oregon","41","Washington County","067",,,,,,,,,,,,,,,,,,"05000US41067","Washington County, Oregon",60489,"Washington County, Oregon",1872
"G4100710","2010","OR",,,"Oregon","41","Yamhill County","071",,,,,,,,,,,,,,,,,,"05000US41071","Yamhill County, Oregon",50297,"Yamhill County, Oregon",2942
"G4200010","2010","PA",,,"Pennsylvania","42","Adams County","001",,,,,,,,,,,,,,,,,,"05000US42001","Adams County, Pennsylvania",55652,"Adams County, Pennsylvania",3557
"G4200030","2010","PA",,,"Pennsylvania","42","Allegheny County","003",,,,,,,,,,,,,,,,,,"05000US42003","Allegheny County, Pennsylvania",47505,"Allegheny County, Pennsylvania",1139
"G4200050","2010","PA",,,"Pennsylvania","42","Armstrong County","005",,,,,,,,,,,,,,,,,,"05000US42005","Armstrong County, Pennsylvania",43695,"Armstrong County, Pennsylvania",2678
"G4200070","2010","PA",,,"Pennsylvania","42","Beaver County","007",,,,,,,,,,,,,,,,,,"05000US42007","Beaver County, Pennsylvania",43898,"Beaver County, Pennsylvania",2216
"G4200110","2010","PA",,,"Pennsylvania","42","Berks County","011",,,,,,,,,,,,,,,,,,"05000US42011","Berks County, Pennsylvania",51759,"Berks County, Pennsylvania",1695
"G4200130","2010","PA",,,"Pennsylvania","42","Blair County","013",,,,,,,,,,,,,,,,,,"05000US42013","Blair County, Pennsylvania",42990,"Blair County, Pennsylvania",3896
"G4200170","2010","PA",,,"Pennsylvania","42","Bucks County","017",,,,,,,,,,,,,,,,,,"05000US42017","Bucks County, Pennsylvania",70999,"Bucks County, Pennsylvania",1563
"G4200190","2010","PA",,,"Pennsylvania","42","Butler County","019",,,,,,,,,,,,,,,,,,"05000US42019","Butler County, Pennsylvania",54256,"Butler County, Pennsylvania",3137
"G4200210","2010","PA",,,"Pennsylvania","42","Cambria County","021",,,,,,,,,,,,,,,,,,"05000US42021","Cambria County, Pennsylvania",41220,"Cambria County, Pennsylvania",2053
"G4200250","2010","PA",,,"Pennsylvania","42","Carbon County","025",,,,,,,,,,,,,,,,,,"05000US42025","Carbon County, Pennsylvania",50332,"Carbon County, Pennsylvania",6810
"G4200270","2010","PA",,,"Pennsylvania","42","Centre County","027",,,,,,,,,,,,,,,,,,"05000US42027","Centre County, Pennsylvania",44746,"Centre County, Pennsylvania",2309
"G4200290","2010","PA",,,"Pennsylvania","42","Chester County","029",,,,,,,,,,,,,,,,,,"05000US42029","Chester County, Pennsylvania",84284,"Chester County, Pennsylvania",2554
"G4200330","2010","PA",,,"Pennsylvania","42","Clearfield County","033",,,,,,,,,,,,,,,,,,"05000US42033","Clearfield County, Pennsylvania",36331,"Clearfield County, Pennsylvania",3282
"G4200370","2010","PA",,,"Pennsylvania","42","Columbia County","037",,,,,,,,,,,,,,,,,,"05000US42037","Columbia County, Pennsylvania",42086,"Columbia County, Pennsylvania",3323
"G4200390","2010","PA",,,"Pennsylvania","42","Crawford County","039",,,,,,,,,,,,,,,,,,"05000US42039","Crawford County, Pennsylvania",38321,"Crawford County, Pennsylvania",2929
"G4200410","2010","PA",,,"Pennsylvania","42","Cumberland County","041",,,,,,,,,,,,,,,,,,"05000US42041","Cumberland County, Pennsylvania",56209,"Cumberland County, Pennsylvania",1992
"G4200430","2010","PA",,,"Pennsylvania","42","Dauphin County","043",,,,,,,,,,,,,,,,,,"05000US42043","Dauphin County, Pennsylvania",52177,"Dauphin County, Pennsylvania",2448
"G4200450","2010","PA",,,"Pennsylvania","42","Delaware County","045",,,,,,,,,,,,,,,,,,"05000US42045","Delaware County, Pennsylvania",59125,"Delaware County, Pennsylvania",1776
"G4200490","2010","PA",,,"Pennsylvania","42","Erie County","049",,,,,,,,,,,,,,,,,,"05000US42049","Erie County, Pennsylvania",42519,"Erie County, Pennsylvania",1850
"G4200510","2010","PA",,,"Pennsylvania","42","Fayette County","051",,,,,,,,,,,,,,,,,,"05000US42051","Fayette County, Pennsylvania",35750,"Fayette County, Pennsylvania",2762
"G4200550","2010","PA",,,"Pennsylvania","42","Franklin County","055",,,,,,,,,,,,,,,,,,"05000US42055","Franklin County, Pennsylvania",49514,"Franklin County, Pennsylvania",2060
"G4200630","2010","PA",,,"Pennsylvania","42","Indiana County","063",,,,,,,,,,,,,,,,,,"05000US42063","Indiana County, Pennsylvania",41162,"Indiana County, Pennsylvania",3129
"G4200690","2010","PA",,,"Pennsylvania","42","Lackawanna County","069",,,,,,,,,,,,,,,,,,"05000US42069","Lackawanna County, Pennsylvania",42185,"Lackawanna County, Pennsylvania",2475
"G4200710","2010","PA",,,"Pennsylvania","42","Lancaster County","071",,,,,,,,,,,,,,,,,,"05000US42071","Lancaster County, Pennsylvania",51740,"Lancaster County, Pennsylvania",1393
"G4200730","2010","PA",,,"Pennsylvania","42","Lawrence County","073",,,,,,,,,,,,,,,,,,"05000US42073","Lawrence County, Pennsylvania",38192,"Lawrence County, Pennsylvania",3566
"G4200750","2010","PA",,,"Pennsylvania","42","Lebanon County","075",,,,,,,,,,,,,,,,,,"05000US42075","Lebanon County, Pennsylvania",51436,"Lebanon County, Pennsylvania",1865
"G4200770","2010","PA",,,"Pennsylvania","42","Lehigh County","077",,,,,,,,,,,,,,,,,,"05000US42077","Lehigh County, Pennsylvania",51729,"Lehigh County, Pennsylvania",1934
"G4200790","2010","PA",,,"Pennsylvania","42","Luzerne County","079",,,,,,,,,,,,,,,,,,"05000US42079","Luzerne County, Pennsylvania",41898,"Luzerne County, Pennsylvania",1715
"G4200810","2010","PA",,,"Pennsylvania","42","Lycoming County","081",,,,,,,,,,,,,,,,,,"05000US42081","Lycoming County, Pennsylvania",41037,"Lycoming County, Pennsylvania",3015
"G4200850","2010","PA",,,"Pennsylvania","42","Mercer County","085",,,,,,,,,,,,,,,,,,"05000US42085","Mercer County, Pennsylvania",40398,"Mercer County, Pennsylvania",2198
"G4200890","2010","PA",,,"Pennsylvania","42","Monroe County","089",,,,,,,,,,,,,,,,,,"05000US42089","Monroe County, Pennsylvania",54549,"Monroe County, Pennsylvania",6443
"G4200910","2010","PA",,,"Pennsylvania","42","Montgomery County","091",,,,,,,,,,,,,,,,,,"05000US42091","Montgomery County, Pennsylvania",75448,"Montgomery County, Pennsylvania",1472
"G4200950","2010","PA",,,"Pennsylvania","42","Northampton County","095",,,,,,,,,,,,,,,,,,"05000US42095","Northampton County, Pennsylvania",56729,"Northampton County, Pennsylvania",2181
"G4200970","2010","PA",,,"Pennsylvania","42","Northumberland County","097",,,,,,,,,,,,,,,,,,"05000US42097","Northumberland County, Pennsylvania",35394,"Northumberland County, Pennsylvania",2316
"G4201010","2010","PA",,,"Pennsylvania","42","Philadelphia County","101",,,,,,,,,,,,,,,,,,"05000US42101","Philadelphia County, Pennsylvania",34400,"Philadelphia County, Pennsylvania",1159
"G4201070","2010","PA",,,"Pennsylvania","42","Schuylkill County","107",,,,,,,,,,,,,,,,,,"05000US42107","Schuylkill County, Pennsylvania",40265,"Schuylkill County, Pennsylvania",2889
"G4201110","2010","PA",,,"Pennsylvania","42","Somerset County","111",,,,,,,,,,,,,,,,,,"05000US42111","Somerset County, Pennsylvania",39978,"Somerset County, Pennsylvania",2664
"G4201250","2010","PA",,,"Pennsylvania","42","Washington County","125",,,,,,,,,,,,,,,,,,"05000US42125","Washington County, Pennsylvania",47615,"Washington County, Pennsylvania",3213
"G4201290","2010","PA",,,"Pennsylvania","42","Westmoreland County","129",,,,,,,,,,,,,,,,,,"05000US42129","Westmoreland County, Pennsylvania",46361,"Westmoreland County, Pennsylvania",1966
"G4201330","2010","PA",,,"Pennsylvania","42","York County","133",,,,,,,,,,,,,,,,,,"05000US42133","York County, Pennsylvania",56368,"York County, Pennsylvania",2550
"G4400030","2010","RI",,,"Rhode Island","44","Kent County","003",,,,,,,,,,,,,,,,,,"05000US44003","Kent County, Rhode Island",53954,"Kent County, Rhode Island",2720
"G4400050","2010","RI",,,"Rhode Island","44","Newport County","005",,,,,,,,,,,,,,,,,,"05000US44005","Newport County, Rhode Island",75397,"Newport County, Rhode Island",7188
"G4400070","2010","RI",,,"Rhode Island","44","Providence County","007",,,,,,,,,,,,,,,,,,"05000US44007","Providence County, Rhode Island",45915,"Providence County, Rhode Island",1918
"G4400090","2010","RI",,,"Rhode Island","44","Washington County","009",,,,,,,,,,,,,,,,,,"05000US44009","Washington County, Rhode Island",70161,"Washington County, Rhode Island",5935
"G4500030","2010","SC",,,"South Carolina","45","Aiken County","003",,,,,,,,,,,,,,,,,,"05000US45003","Aiken County, South Carolina",42377,"Aiken County, South Carolina",3434
"G4500070","2010","SC",,,"South Carolina","45","Anderson County","007",,,,,,,,,,,,,,,,,,"05000US45007","Anderson County, South Carolina",36770,"Anderson County, South Carolina",3444
"G4500130","2010","SC",,,"South Carolina","45","Beaufort County","013",,,,,,,,,,,,,,,,,,"05000US45013","Beaufort County, South Carolina",56960,"Beaufort County, South Carolina",4285
"G4500150","2010","SC",,,"South Carolina","45","Berkeley County","015",,,,,,,,,,,,,,,,,,"05000US45015","Berkeley County, South Carolina",49427,"Berkeley County, South Carolina",3261
"G4500190","2010","SC",,,"South Carolina","45","Charleston County","019",,,,,,,,,,,,,,,,,,"05000US45019","Charleston County, South Carolina",46324,"Charleston County, South Carolina",1723
"G4500310","2010","SC",,,"South Carolina","45","Darlington County","031",,,,,,,,,,,,,,,,,,"05000US45031","Darlington County, South Carolina",32385,"Darlington County, South Carolina",3888
"G4500350","2010","SC",,,"South Carolina","45","Dorchester County","035",,,,,,,,,,,,,,,,,,"05000US45035","Dorchester County, South Carolina",50908,"Dorchester County, South Carolina",2794
"G4500410","2010","SC",,,"South Carolina","45","Florence County","041",,,,,,,,,,,,,,,,,,"05000US45041","Florence County, South Carolina",38872,"Florence County, South Carolina",1683
"G4500450","2010","SC",,,"South Carolina","45","Greenville County","045",,,,,,,,,,,,,,,,,,"05000US45045","Greenville County, South Carolina",45185,"Greenville County, South Carolina",2112
"G4500470","2010","SC",,,"South Carolina","45","Greenwood County","047",,,,,,,,,,,,,,,,,,"05000US45047","Greenwood County, South Carolina",30808,"Greenwood County, South Carolina",4310
"G4500510","2010","SC",,,"South Carolina","45","Horry County","051",,,,,,,,,,,,,,,,,,"05000US45051","Horry County, South Carolina",41568,"Horry County, South Carolina",2980
"G4500570","2010","SC",,,"South Carolina","45","Lancaster County","057",,,,,,,,,,,,,,,,,,"05000US45057","Lancaster County, South Carolina",35634,"Lancaster County, South Carolina",4376
"G4500590","2010","SC",,,"South Carolina","45","Laurens County","059",,,,,,,,,,,,,,,,,,"05000US45059","Laurens County, South Carolina",36265,"Laurens County, South Carolina",4988
"G4500630","2010","SC",,,"South Carolina","45","Lexington County","063",,,,,,,,,,,,,,,,,,"05000US45063","Lexington County, South Carolina",51594,"Lexington County, South Carolina",1870
"G4500730","2010","SC",,,"South Carolina","45","Oconee County","073",,,,,,,,,,,,,,,,,,"05000US45073","Oconee County, South Carolina",42848,"Oconee County, South Carolina",4775
"G4500750","2010","SC",,,"South Carolina","45","Orangeburg County","075",,,,,,,,,,,,,,,,,,"05000US45075","Orangeburg County, South Carolina",31979,"Orangeburg County, South Carolina",3580
"G4500770","2010","SC",,,"South Carolina","45","Pickens County","077",,,,,,,,,,,,,,,,,,"05000US45077","Pickens County, South Carolina",39280,"Pickens County, South Carolina",3079
"G4500790","2010","SC",,,"South Carolina","45","Richland County","079",,,,,,,,,,,,,,,,,,"05000US45079","Richland County, South Carolina",45925,"Richland County, South Carolina",1949
"G4500830","2010","SC",,,"South Carolina","45","Spartanburg County","083",,,,,,,,,,,,,,,,,,"05000US45083","Spartanburg County, South Carolina",41850,"Spartanburg County, South Carolina",1664
"G4500850","2010","SC",,,"South Carolina","45","Sumter County","085",,,,,,,,,,,,,,,,,,"05000US45085","Sumter County, South Carolina",36457,"Sumter County, South Carolina",3424
"G4500910","2010","SC",,,"South Carolina","45","York County","091",,,,,,,,,,,,,,,,,,"05000US45091","York County, South Carolina",50797,"York County, South Carolina",3137
"G4600990","2010","SD",,,"South Dakota","46","Minnehaha County","099",,,,,,,,,,,,,,,,,,"05000US46099","Minnehaha County, South Dakota",49243,"Minnehaha County, South Dakota",3218
"G4601030","2010","SD",,,"South Dakota","46","Pennington County","103",,,,,,,,,,,,,,,,,,"05000US46103","Pennington County, South Dakota",45704,"Pennington County, South Dakota",4205
"G4700010","2010","TN",,,"Tennessee","47","Anderson County","001",,,,,,,,,,,,,,,,,,"05000US47001","Anderson County, Tennessee",48310,"Anderson County, Tennessee",4355
"G4700090","2010","TN",,,"Tennessee","47","Blount County","009",,,,,,,,,,,,,,,,,,"05000US47009","Blount County, Tennessee",40846,"Blount County, Tennessee",2174
"G4700110","2010","TN",,,"Tennessee","47","Bradley County","011",,,,,,,,,,,,,,,,,,"05000US47011","Bradley County, Tennessee",36978,"Bradley County, Tennessee",3408
"G4700370","2010","TN",,,"Tennessee","47","Davidson County","037",,,,,,,,,,,,,,,,,,"05000US47037","Davidson County, Tennessee",43616,"Davidson County, Tennessee",1468
"G4700590","2010","TN",,,"Tennessee","47","Greene County","059",,,,,,,,,,,,,,,,,,"05000US47059","Greene County, Tennessee",35196,"Greene County, Tennessee",4923
"G4700650","2010","TN",,,"Tennessee","47","Hamilton County","065",,,,,,,,,,,,,,,,,,"05000US47065","Hamilton County, Tennessee",43935,"Hamilton County, Tennessee",3367
"G4700930","2010","TN",,,"Tennessee","47","Knox County","093",,,,,,,,,,,,,,,,,,"05000US47093","Knox County, Tennessee",43610,"Knox County, Tennessee",2085
"G4701130","2010","TN",,,"Tennessee","47","Madison County","113",,,,,,,,,,,,,,,,,,"05000US47113","Madison County, Tennessee",40438,"Madison County, Tennessee",3183
"G4701190","2010","TN",,,"Tennessee","47","Maury County","119",,,,,,,,,,,,,,,,,,"05000US47119","Maury County, Tennessee",45435,"Maury County, Tennessee",3266
"G4701250","2010","TN",,,"Tennessee","47","Montgomery County","125",,,,,,,,,,,,,,,,,,"05000US47125","Montgomery County, Tennessee",46703,"Montgomery County, Tennessee",2999
"G4701410","2010","TN",,,"Tennessee","47","Putnam County","141",,,,,,,,,,,,,,,,,,"05000US47141","Putnam County, Tennessee",32983,"Putnam County, Tennessee",4034
"G4701470","2010","TN",,,"Tennessee","47","Robertson County","147",,,,,,,,,,,,,,,,,,"05000US47147","Robertson County, Tennessee",51687,"Robertson County, Tennessee",2808
"G4701490","2010","TN",,,"Tennessee","47","Rutherford County","149",,,,,,,,,,,,,,,,,,"05000US47149","Rutherford County, Tennessee",51489,"Rutherford County, Tennessee",2214
"G4701550","2010","TN",,,"Tennessee","47","Sevier County","155",,,,,,,,,,,,,,,,,,"05000US47155","Sevier County, Tennessee",40402,"Sevier County, Tennessee",4625
"G4701570","2010","TN",,,"Tennessee","47","Shelby County","157",,,,,,,,,,,,,,,,,,"05000US47157","Shelby County, Tennessee",43990,"Shelby County, Tennessee",1580
"G4701630","2010","TN",,,"Tennessee","47","Sullivan County","163",,,,,,,,,,,,,,,,,,"05000US47163","Sullivan County, Tennessee",34590,"Sullivan County, Tennessee",2553
"G4701650","2010","TN",,,"Tennessee","47","Sumner County","165",,,,,,,,,,,,,,,,,,"05000US47165","Sumner County, Tennessee",47110,"Sumner County, Tennessee",2705
"G4701790","2010","TN",,,"Tennessee","47","Washington County","179",,,,,,,,,,,,,,,,,,"05000US47179","Washington County, Tennessee",42213,"Washington County, Tennessee",3665
"G4701870","2010","TN",,,"Tennessee","47","Williamson County","187",,,,,,,,,,,,,,,,,,"05000US47187","Williamson County, Tennessee",80533,"Williamson County, Tennessee",3753
"G4701890","2010","TN",,,"Tennessee","47","Wilson County","189",,,,,,,,,,,,,,,,,,"05000US47189","Wilson County, Tennessee",55343,"Wilson County, Tennessee",3453
"G4800050","2010","TX",,,"Texas","48","Angelina County","005",,,,,,,,,,,,,,,,,,"05000US48005","Angelina County, Texas",37775,"Angelina County, Texas",4437
"G4800210","2010","TX",,,"Texas","48","Bastrop County","021",,,,,,,,,,,,,,,,,,"05000US48021","Bastrop County, Texas",49880,"Bastrop County, Texas",5305
"G4800270","2010","TX",,,"Texas","48","Bell County","027",,,,,,,,,,,,,,,,,,"05000US48027","Bell County, Texas",50175,"Bell County, Texas",2023
"G4800290","2010","TX",,,"Texas","48","Bexar County","029",,,,,,,,,,,,,,,,,,"05000US48029","Bexar County, Texas",47921,"Bexar County, Texas",1235
"G4800370","2010","TX",,,"Texas","48","Bowie County","037",,,,,,,,,,,,,,,,,,"05000US48037","Bowie County, Texas",43760,"Bowie County, Texas",6938
"G4800390","2010","TX",,,"Texas","48","Brazoria County","039",,,,,,,,,,,,,,,,,,"05000US48039","Brazoria County, Texas",64633,"Brazoria County, Texas",3488
"G4800410","2010","TX",,,"Texas","48","Brazos County","041",,,,,,,,,,,,,,,,,,"05000US48041","Brazos County, Texas",35407,"Brazos County, Texas",2988
"G4800610","2010","TX",,,"Texas","48","Cameron County","061",,,,,,,,,,,,,,,,,,"05000US48061","Cameron County, Texas",31736,"Cameron County, Texas",1683
"G4800850","2010","TX",,,"Texas","48","Collin County","085",,,,,,,,,,,,,,,,,,"05000US48085","Collin County, Texas",77090,"Collin County, Texas",2589
"G4800910","2010","TX",,,"Texas","48","Comal County","091",,,,,,,,,,,,,,,,,,"05000US48091","Comal County, Texas",62735,"Comal County, Texas",4074
"G4800990","2010","TX",,,"Texas","48","Coryell County","099",,,,,,,,,,,,,,,,,,"05000US48099","Coryell County, Texas",48794,"Coryell County, Texas",6991
"G4801130","2010","TX",,,"Texas","48","Dallas County","113",,,,,,,,,,,,,,,,,,"05000US48113","Dallas County, Texas",46860,"Dallas County, Texas",744
"G4801210","2010","TX",,,"Texas","48","Denton County","121",,,,,,,,,,,,,,,,,,"05000US48121","Denton County, Texas",67892,"Denton County, Texas",2994
"G4801350","2010","TX",,,"Texas","48","Ector County","135",,,,,,,,,,,,,,,,,,"05000US48135","Ector County, Texas",42282,"Ector County, Texas",4245
"G4801390","2010","TX",,,"Texas","48","Ellis County","139",,,,,,,,,,,,,,,,,,"05000US48139","Ellis County, Texas",58063,"Ellis County, Texas",3683
"G4801410","2010","TX",,,"Texas","48","El Paso County","141",,,,,,,,,,,,,,,,,,"05000US48141","El Paso County, Texas",36015,"El Paso County, Texas",1127
"G4801570","2010","TX",,,"Texas","48","Fort Bend County","157",,,,,,,,,,,,,,,,,,"05000US48157","Fort Bend County, Texas",76269,"Fort Bend County, Texas",2970
"G4801670","2010","TX",,,"Texas","48","Galveston County","167",,,,,,,,,,,,,,,,,,"05000US48167","Galveston County, Texas",58324,"Galveston County, Texas",4150
"G4801810","2010","TX",,,"Texas","48","Grayson County","181",,,,,,,,,,,,,,,,,,"05000US48181","Grayson County, Texas",45577,"Grayson County, Texas",4423
"G4801830","2010","TX",,,"Texas","48","Gregg County","183",,,,,,,,,,,,,,,,,,"05000US48183","Gregg County, Texas",40348,"Gregg County, Texas",2820
"G4801870","2010","TX",,,"Texas","48","Guadalupe County","187",,,,,,,,,,,,,,,,,,"05000US48187","Guadalupe County, Texas",59801,"Guadalupe County, Texas",3988
"G4802010","2010","TX",,,"Texas","48","Harris County","201",,,,,,,,,,,,,,,,,,"05000US48201","Harris County, Texas",50422,"Harris County, Texas",536
"G4802030","2010","TX",,,"Texas","48","Harrison County","203",,,,,,,,,,,,,,,,,,"05000US48203","Harrison County, Texas",47801,"Harrison County, Texas",8729
"G4802090","2010","TX",,,"Texas","48","Hays County","209",,,,,,,,,,,,,,,,,,"05000US48209","Hays County, Texas",57332,"Hays County, Texas",3927
"G4802130","2010","TX",,,"Texas","48","Henderson County","213",,,,,,,,,,,,,,,,,,"05000US48213","Henderson County, Texas",36570,"Henderson County, Texas",2705
"G4802150","2010","TX",,,"Texas","48","Hidalgo County","215",,,,,,,,,,,,,,,,,,"05000US48215","Hidalgo County, Texas",33732,"Hidalgo County, Texas",1709
"G4802310","2010","TX",,,"Texas","48","Hunt County","231",,,,,,,,,,,,,,,,,,"05000US48231","Hunt County, Texas",40218,"Hunt County, Texas",4233
"G4802450","2010","TX",,,"Texas","48","Jefferson County","245",,,,,,,,,,,,,,,,,,"05000US48245","Jefferson County, Texas",38553,"Jefferson County, Texas",3320
"G4802510","2010","TX",,,"Texas","48","Johnson County","251",,,,,,,,,,,,,,,,,,"05000US48251","Johnson County, Texas",52275,"Johnson County, Texas",2457
"G4802570","2010","TX",,,"Texas","48","Kaufman County","257",,,,,,,,,,,,,,,,,,"05000US48257","Kaufman County, Texas",57790,"Kaufman County, Texas",3646
"G4802910","2010","TX",,,"Texas","48","Liberty County","291",,,,,,,,,,,,,,,,,,"05000US48291","Liberty County, Texas",48608,"Liberty County, Texas",6268
"G4803030","2010","TX",,,"Texas","48","Lubbock County","303",,,,,,,,,,,,,,,,,,"05000US48303","Lubbock County, Texas",42241,"Lubbock County, Texas",2191
"G4803090","2010","TX",,,"Texas","48","McLennan County","309",,,,,,,,,,,,,,,,,,"05000US48309","McLennan County, Texas",39143,"McLennan County, Texas",2803
"G4803290","2010","TX",,,"Texas","48","Midland County","329",,,,,,,,,,,,,,,,,,"05000US48329","Midland County, Texas",53170,"Midland County, Texas",3088
"G4803390","2010","TX",,,"Texas","48","Montgomery County","339",,,,,,,,,,,,,,,,,,"05000US48339","Montgomery County, Texas",65196,"Montgomery County, Texas",2640
"G4803550","2010","TX",,,"Texas","48","Nueces County","355",,,,,,,,,,,,,,,,,,"05000US48355","Nueces County, Texas",41992,"Nueces County, Texas",2993
"G4803610","2010","TX",,,"Texas","48","Orange County","361",,,,,,,,,,,,,,,,,,"05000US48361","Orange County, Texas",44763,"Orange County, Texas",4889
"G4803670","2010","TX",,,"Texas","48","Parker County","367",,,,,,,,,,,,,,,,,,"05000US48367","Parker County, Texas",54712,"Parker County, Texas",7368
"G4803750","2010","TX",,,"Texas","48","Potter County","375",,,,,,,,,,,,,,,,,,"05000US48375","Potter County, Texas",35003,"Potter County, Texas",4544
"G4803810","2010","TX",,,"Texas","48","Randall County","381",,,,,,,,,,,,,,,,,,"05000US48381","Randall County, Texas",58096,"Randall County, Texas",3677
"G4803970","2010","TX",,,"Texas","48","Rockwall County","397",,,,,,,,,,,,,,,,,,"05000US48397","Rockwall County, Texas",80209,"Rockwall County, Texas",4065
"G4804090","2010","TX",,,"Texas","48","San Patricio County","409",,,,,,,,,,,,,,,,,,"05000US48409","San Patricio County, Texas",45940,"San Patricio County, Texas",8025
"G4804230","2010","TX",,,"Texas","48","Smith County","423",,,,,,,,,,,,,,,,,,"05000US48423","Smith County, Texas",43209,"Smith County, Texas",4080
"G4804390","2010","TX",,,"Texas","48","Tarrant County","439",,,,,,,,,,,,,,,,,,"05000US48439","Tarrant County, Texas",52385,"Tarrant County, Texas",1068
"G4804410","2010","TX",,,"Texas","48","Taylor County","441",,,,,,,,,,,,,,,,,,"05000US48441","Taylor County, Texas",41704,"Taylor County, Texas",2664
"G4804510","2010","TX",,,"Texas","48","Tom Green County","451",,,,,,,,,,,,,,,,,,"05000US48451","Tom Green County, Texas",38043,"Tom Green County, Texas",3341
"G4804530","2010","TX",,,"Texas","48","Travis County","453",,,,,,,,,,,,,,,,,,"05000US48453","Travis County, Texas",51743,"Travis County, Texas",1136
"G4804690","2010","TX",,,"Texas","48","Victoria County","469",,,,,,,,,,,,,,,,,,"05000US48469","Victoria County, Texas",48341,"Victoria County, Texas",4453
"G4804710","2010","TX",,,"Texas","48","Walker County","471",,,,,,,,,,,,,,,,,,"05000US48471","Walker County, Texas",35806,"Walker County, Texas",3891
"G4804790","2010","TX",,,"Texas","48","Webb County","479",,,,,,,,,,,,,,,,,,"05000US48479","Webb County, Texas",35770,"Webb County, Texas",2841
"G4804850","2010","TX",,,"Texas","48","Wichita County","485",,,,,,,,,,,,,,,,,,"05000US48485","Wichita County, Texas",38689,"Wichita County, Texas",1853
"G4804910","2010","TX",,,"Texas","48","Williamson County","491",,,,,,,,,,,,,,,,,,"05000US48491","Williamson County, Texas",65140,"Williamson County, Texas",2577
"G4900050","2010","UT",,,"Utah","49","Cache County","005",,,,,,,,,,,,,,,,,,"05000US49005","Cache County, Utah",46956,"Cache County, Utah",2121
"G4900110","2010","UT",,,"Utah","49","Davis County","011",,,,,,,,,,,,,,,,,,"05000US49011","Davis County, Utah",64360,"Davis County, Utah",2755
"G4900350","2010","UT",,,"Utah","49","Salt Lake County","035",,,,,,,,,,,,,,,,,,"05000US49035","Salt Lake County, Utah",56711,"Salt Lake County, Utah",1238
"G4900490","2010","UT",,,"Utah","49","Utah County","049",,,,,,,,,,,,,,,,,,"05000US49049","Utah County, Utah",54275,"Utah County, Utah",2057
"G4900530","2010","UT",,,"Utah","49","Washington County","053",,,,,,,,,,,,,,,,,,"05000US49053","Washington County, Utah",49058,"Washington County, Utah",3168
"G4900570","2010","UT",,,"Utah","49","Weber County","057",,,,,,,,,,,,,,,,,,"05000US49057","Weber County, Utah",53569,"Weber County, Utah",2518
"G5000070","2010","VT",,,"Vermont","50","Chittenden County","007",,,,,,,,,,,,,,,,,,"05000US50007","Chittenden County, Vermont",55764,"Chittenden County, Vermont",4268
"G5100030","2010","VA",,,"Virginia","51","Albemarle County","003",,,,,,,,,,,,,,,,,,"05000US51003","Albemarle County, Virginia",59499,"Albemarle County, Virginia",5892
"G5100130","2010","VA",,,"Virginia","51","Arlington County","013",,,,,,,,,,,,,,,,,,"05000US51013","Arlington County, Virginia",94986,"Arlington County, Virginia",4776
"G5100150","2010","VA",,,"Virginia","51","Augusta County","015",,,,,,,,,,,,,,,,,,"05000US51015","Augusta County, Virginia",49903,"Augusta County, Virginia",3193
"G5100190","2010","VA",,,"Virginia","51","Bedford County","019",,,,,,,,,,,,,,,,,,"05000US51019","Bedford County, Virginia",49002,"Bedford County, Virginia",4798
"G5100410","2010","VA",,,"Virginia","51","Chesterfield County","041",,,,,,,,,,,,,,,,,,"05000US51041","Chesterfield County, Virginia",69149,"Chesterfield County, Virginia",3229
"G5100590","2010","VA",,,"Virginia","51","Fairfax County","059",,,,,,,,,,,,,,,,,,"05000US51059","Fairfax County, Virginia",103010,"Fairfax County, Virginia",2121
"G5100610","2010","VA",,,"Virginia","51","Fauquier County","061",,,,,,,,,,,,,,,,,,"05000US51061","Fauquier County, Virginia",85614,"Fauquier County, Virginia",6123
"G5100690","2010","VA",,,"Virginia","51","Frederick County","069",,,,,,,,,,,,,,,,,,"05000US51069","Frederick County, Virginia",63331,"Frederick County, Virginia",5410
"G5100850","2010","VA",,,"Virginia","51","Hanover County","085",,,,,,,,,,,,,,,,,,"05000US51085","Hanover County, Virginia",71891,"Hanover County, Virginia",4420
"G5100870","2010","VA",,,"Virginia","51","Henrico County","087",,,,,,,,,,,,,,,,,,"05000US51087","Henrico County, Virginia",59202,"Henrico County, Virginia",3837
"G5100950","2010","VA",,,"Virginia","51","James City County","095",,,,,,,,,,,,,,,,,,"05000US51095","James City County, Virginia",74706,"James City County, Virginia",5106
"G5101070","2010","VA",,,"Virginia","51","Loudoun County","107",,,,,,,,,,,,,,,,,,"05000US51107","Loudoun County, Virginia",119540,"Loudoun County, Virginia",3915
"G5101210","2010","VA",,,"Virginia","51","Montgomery County","121",,,,,,,,,,,,,,,,,,"05000US51121","Montgomery County, Virginia",40685,"Montgomery County, Virginia",6701
"G5101530","2010","VA",,,"Virginia","51","Prince William County","153",,,,,,,,,,,,,,,,,,"05000US51153","Prince William County, Virginia",92655,"Prince William County, Virginia",3848
"G5101610","2010","VA",,,"Virginia","51","Roanoke County","161",,,,,,,,,,,,,,,,,,"05000US51161","Roanoke County, Virginia",57212,"Roanoke County, Virginia",4481
"G5101650","2010","VA",,,"Virginia","51","Rockingham County","165",,,,,,,,,,,,,,,,,,"05000US51165","Rockingham County, Virginia",48243,"Rockingham County, Virginia",3397
"G5101770","2010","VA",,,"Virginia","51","Spotsylvania County","177",,,,,,,,,,,,,,,,,,"05000US51177","Spotsylvania County, Virginia",72217,"Spotsylvania County, Virginia",3621
"G5101790","2010","VA",,,"Virginia","51","Stafford County","179",,,,,,,,,,,,,,,,,,"05000US51179","Stafford County, Virginia",94317,"Stafford County, Virginia",3923
"G5101990","2010","VA",,,"Virginia","51","York County","199",,,,,,,,,,,,,,,,,,"05000US51199","York County, Virginia",79120,"York County, Virginia",8129
"G5105100","2010","VA",,,"Virginia","51","Alexandria City","510",,,,,,,,,,,,,,,,,,"05000US51510","Alexandria city, Virginia",77793,"Alexandria city, Virginia",5014
"G5105500","2010","VA",,,"Virginia","51","Chesapeake City","550",,,,,,,,,,,,,,,,,,"05000US51550","Chesapeake city, Virginia",68955,"Chesapeake city, Virginia",3078
"G5106500","2010","VA",,,"Virginia","51","Hampton City","650",,,,,,,,,,,,,,,,,,"05000US51650","Hampton city, Virginia",51275,"Hampton city, Virginia",1446
"G5106800","2010","VA",,,"Virginia","51","Lynchburg City","680",,,,,,,,,,,,,,,,,,"05000US51680","Lynchburg city, Virginia",35156,"Lynchburg city, Virginia",3544
"G5107000","2010","VA",,,"Virginia","51","Newport News City","700",,,,,,,,,,,,,,,,,,"05000US51700","Newport News city, Virginia",50937,"Newport News city, Virginia",2777
"G5107100","2010","VA",,,"Virginia","51","Norfolk City","710",,,,,,,,,,,,,,,,,,"05000US51710","Norfolk city, Virginia",41613,"Norfolk city, Virginia",2134
"G5107400","2010","VA",,,"Virginia","51","Portsmouth City","740",,,,,,,,,,,,,,,,,,"05000US51740","Portsmouth city, Virginia",43674,"Portsmouth city, Virginia",3013
"G5107600","2010","VA",,,"Virginia","51","Richmond City","760",,,,,,,,,,,,,,,,,,"05000US51760","Richmond city, Virginia",39608,"Richmond city, Virginia",2341
"G5107700","2010","VA",,,"Virginia","51","Roanoke City","770",,,,,,,,,,,,,,,,,,"05000US51770","Roanoke city, Virginia",37472,"Roanoke city, Virginia",2681
"G5108000","2010","VA",,,"Virginia","51","Suffolk City","800",,,,,,,,,,,,,,,,,,"05000US51800","Suffolk city, Virginia",69294,"Suffolk city, Virginia",6608
"G5108100","2010","VA",,,"Virginia","51","Virginia Beach City","810",,,,,,,,,,,,,,,,,,"05000US51810","Virginia Beach city, Virginia",64212,"Virginia Beach city, Virginia",2475
"G5300050","2010","WA",,,"Washington","53","Benton County","005",,,,,,,,,,,,,,,,,,"05000US53005","Benton County, Washington",59766,"Benton County, Washington",4576
"G5300070","2010","WA",,,"Washington","53","Chelan County","007",,,,,,,,,,,,,,,,,,"05000US53007","Chelan County, Washington",46515,"Chelan County, Washington",3586
"G5300090","2010","WA",,,"Washington","53","Clallam County","009",,,,,,,,,,,,,,,,,,"05000US53009","Clallam County, Washington",38841,"Clallam County, Washington",4325
"G5300110","2010","WA",,,"Washington","53","Clark County","011",,,,,,,,,,,,,,,,,,"05000US53011","Clark County, Washington",54924,"Clark County, Washington",1932
"G5300150","2010","WA",,,"Washington","53","Cowlitz County","015",,,,,,,,,,,,,,,,,,"05000US53015","Cowlitz County, Washington",41054,"Cowlitz County, Washington",3274
"G5300210","2010","WA",,,"Washington","53","Franklin County","021",,,,,,,,,,,,,,,,,,"05000US53021","Franklin County, Washington",51457,"Franklin County, Washington",4390
"G5300250","2010","WA",,,"Washington","53","Grant County","025",,,,,,,,,,,,,,,,,,"05000US53025","Grant County, Washington",42337,"Grant County, Washington",3389
"G5300270","2010","WA",,,"Washington","53","Grays Harbor County","027",,,,,,,,,,,,,,,,,,"05000US53027","Grays Harbor County, Washington",40019,"Grays Harbor County, Washington",2812
"G5300290","2010","WA",,,"Washington","53","Island County","029",,,,,,,,,,,,,,,,,,"05000US53029","Island County, Washington",54839,"Island County, Washington",2833
"G5300330","2010","WA",,,"Washington","53","King County","033",,,,,,,,,,,,,,,,,,"05000US53033","King County, Washington",66174,"King County, Washington",944
"G5300350","2010","WA",,,"Washington","53","Kitsap County","035",,,,,,,,,,,,,,,,,,"05000US53035","Kitsap County, Washington",56303,"Kitsap County, Washington",3313
"G5300410","2010","WA",,,"Washington","53","Lewis County","041",,,,,,,,,,,,,,,,,,"05000US53041","Lewis County, Washington",38643,"Lewis County, Washington",3199
"G5300530","2010","WA",,,"Washington","53","Pierce County","053",,,,,,,,,,,,,,,,,,"05000US53053","Pierce County, Washington",56510,"Pierce County, Washington",1492
"G5300570","2010","WA",,,"Washington","53","Skagit County","057",,,,,,,,,,,,,,,,,,"05000US53057","Skagit County, Washington",55458,"Skagit County, Washington",2603
"G5300610","2010","WA",,,"Washington","53","Snohomish County","061",,,,,,,,,,,,,,,,,,"05000US53061","Snohomish County, Washington",63188,"Snohomish County, Washington",2639
"G5300630","2010","WA",,,"Washington","53","Spokane County","063",,,,,,,,,,,,,,,,,,"05000US53063","Spokane County, Washington",47039,"Spokane County, Washington",1627
"G5300670","2010","WA",,,"Washington","53","Thurston County","067",,,,,,,,,,,,,,,,,,"05000US53067","Thurston County, Washington",61011,"Thurston County, Washington",2332
"G5300730","2010","WA",,,"Washington","53","Whatcom County","073",,,,,,,,,,,,,,,,,,"05000US53073","Whatcom County, Washington",49938,"Whatcom County, Washington",2873
"G5300770","2010","WA",,,"Washington","53","Yakima County","077",,,,,,,,,,,,,,,,,,"05000US53077","Yakima County, Washington",40648,"Yakima County, Washington",2930
"G5400030","2010","WV",,,"West Virginia","54","Berkeley County","003",,,,,,,,,,,,,,,,,,"05000US54003","Berkeley County, West Virginia",50724,"Berkeley County, West Virginia",3014
"G5400110","2010","WV",,,"West Virginia","54","Cabell County","011",,,,,,,,,,,,,,,,,,"05000US54011","Cabell County, West Virginia",36153,"Cabell County, West Virginia",3836
"G5400330","2010","WV",,,"West Virginia","54","Harrison County","033",,,,,,,,,,,,,,,,,,"05000US54033","Harrison County, West Virginia",40589,"Harrison County, West Virginia",5176
"G5400390","2010","WV",,,"West Virginia","54","Kanawha County","039",,,,,,,,,,,,,,,,,,"05000US54039","Kanawha County, West Virginia",43474,"Kanawha County, West Virginia",2014
"G5400610","2010","WV",,,"West Virginia","54","Monongalia County","061",,,,,,,,,,,,,,,,,,"05000US54061","Monongalia County, West Virginia",42028,"Monongalia County, West Virginia",5385
"G5400810","2010","WV",,,"West Virginia","54","Raleigh County","081",,,,,,,,,,,,,,,,,,"05000US54081","Raleigh County, West Virginia",37982,"Raleigh County, West Virginia",5578
"G5401070","2010","WV",,,"West Virginia","54","Wood County","107",,,,,,,,,,,,,,,,,,"05000US54107","Wood County, West Virginia",39689,"Wood County, West Virginia",2983
"G5500090","2010","WI",,,"Wisconsin","55","Brown County","009",,,,,,,,,,,,,,,,,,"05000US55009","Brown County, Wisconsin",50743,"Brown County, Wisconsin",2533
"G5500250","2010","WI",,,"Wisconsin","55","Dane County","025",,,,,,,,,,,,,,,,,,"05000US55025","Dane County, Wisconsin",58661,"Dane County, Wisconsin",2283
"G5500270","2010","WI",,,"Wisconsin","55","Dodge County","027",,,,,,,,,,,,,,,,,,"05000US55027","Dodge County, Wisconsin",50797,"Dodge County, Wisconsin",2738
"G5500350","2010","WI",,,"Wisconsin","55","Eau Claire County","035",,,,,,,,,,,,,,,,,,"05000US55035","Eau Claire County, Wisconsin",42807,"Eau Claire County, Wisconsin",2882
"G5500390","2010","WI",,,"Wisconsin","55","Fond du Lac County","039",,,,,,,,,,,,,,,,,,"05000US55039","Fond du Lac County, Wisconsin",49718,"Fond du Lac County, Wisconsin",2846
"G5500550","2010","WI",,,"Wisconsin","55","Jefferson County","055",,,,,,,,,,,,,,,,,,"05000US55055","Jefferson County, Wisconsin",49611,"Jefferson County, Wisconsin",3944
"G5500590","2010","WI",,,"Wisconsin","55","Kenosha County","059",,,,,,,,,,,,,,,,,,"05000US55059","Kenosha County, Wisconsin",51887,"Kenosha County, Wisconsin",3031
"G5500630","2010","WI",,,"Wisconsin","55","La Crosse County","063",,,,,,,,,,,,,,,,,,"05000US55063","La Crosse County, Wisconsin",47085,"La Crosse County, Wisconsin",2653
"G5500710","2010","WI",,,"Wisconsin","55","Manitowoc County","071",,,,,,,,,,,,,,,,,,"05000US55071","Manitowoc County, Wisconsin",47298,"Manitowoc County, Wisconsin",3341
"G5500730","2010","WI",,,"Wisconsin","55","Marathon County","073",,,,,,,,,,,,,,,,,,"05000US55073","Marathon County, Wisconsin",49356,"Marathon County, Wisconsin",3168
"G5500790","2010","WI",,,"Wisconsin","55","Milwaukee County","079",,,,,,,,,,,,,,,,,,"05000US55079","Milwaukee County, Wisconsin",40509,"Milwaukee County, Wisconsin",750
"G5500870","2010","WI",,,"Wisconsin","55","Outagamie County","087",,,,,,,,,,,,,,,,,,"05000US55087","Outagamie County, Wisconsin",54498,"Outagamie County, Wisconsin",3920
"G5500890","2010","WI",,,"Wisconsin","55","Ozaukee County","089",,,,,,,,,,,,,,,,,,"05000US55089","Ozaukee County, Wisconsin",72213,"Ozaukee County, Wisconsin",6916
"G5500970","2010","WI",,,"Wisconsin","55","Portage County","097",,,,,,,,,,,,,,,,,,"05000US55097","Portage County, Wisconsin",48620,"Portage County, Wisconsin",4222
"G5501010","2010","WI",,,"Wisconsin","55","Racine County","101",,,,,,,,,,,,,,,,,,"05000US55101","Racine County, Wisconsin",51377,"Racine County, Wisconsin",2344
"G5501050","2010","WI",,,"Wisconsin","55","Rock County","105",,,,,,,,,,,,,,,,,,"05000US55105","Rock County, Wisconsin",46758,"Rock County, Wisconsin",2429
"G5501090","2010","WI",,,"Wisconsin","55","St. Croix County","109",,,,,,,,,,,,,,,,,,"05000US55109","St. Croix County, Wisconsin",62386,"St. Croix County, Wisconsin",4930
"G5501170","2010","WI",,,"Wisconsin","55","Sheboygan County","117",,,,,,,,,,,,,,,,,,"05000US55117","Sheboygan County, Wisconsin",49440,"Sheboygan County, Wisconsin",2873
"G5501270","2010","WI",,,"Wisconsin","55","Walworth County","127",,,,,,,,,,,,,,,,,,"05000US55127","Walworth County, Wisconsin",53388,"Walworth County, Wisconsin",3357
"G5501310","2010","WI",,,"Wisconsin","55","Washington County","131",,,,,,,,,,,,,,,,,,"05000US55131","Washington County, Wisconsin",60446,"Washington County, Wisconsin",3405
"G5501330","2010","WI",,,"Wisconsin","55","Waukesha County","133",,,,,,,,,,,,,,,,,,"05000US55133","Waukesha County, Wisconsin",70815,"Waukesha County, Wisconsin",2125
"G5501390","2010","WI",,,"Wisconsin","55","Winnebago County","139",,,,,,,,,,,,,,,,,,"05000US55139","Winnebago County, Wisconsin",48177,"Winnebago County, Wisconsin",2994
"G5501410","2010","WI",,,"Wisconsin","55","Wood County","141",,,,,,,,,,,,,,,,,,"05000US55141","Wood County, Wisconsin",43319,"Wood County, Wisconsin",3645
"G5600210","2010","WY",,,"Wyoming","56","Laramie County","021",,,,,,,,,,,,,,,,,,"05000US56021","Laramie County, Wyoming",48784,"Laramie County, Wyoming",3565
"G5600250","2010","WY",,,"Wyoming","56","Natrona County","025",,,,,,,,,,,,,,,,,,"05000US56025","Natrona County, Wyoming",51735,"Natrona County, Wyoming",2682
"G7200130","2010","PR",,,"Puerto Rico","72","Arecibo Municipio","013",,,,,,,,,,,,,,,,,,"05000US72013","Arecibo Municipio, Puerto Rico",16539,"Arecibo Municipio, Puerto Rico",1564
"G7200210","2010","PR",,,"Puerto Rico","72","Bayamón Municipio","021",,,,,,,,,,,,,,,,,,"05000US72021","Bayamón Municipio, Puerto Rico",23703,"Bayamón Municipio, Puerto Rico",1426
"G7200250","2010","PR",,,"Puerto Rico","72","Caguas Municipio","025",,,,,,,,,,,,,,,,,,"05000US72025","Caguas Municipio, Puerto Rico",22062,"Caguas Municipio, Puerto Rico",1306
"G7200310","2010","PR",,,"Puerto Rico","72","Carolina Municipio","031",,,,,,,,,,,,,,,,,,"05000US72031","Carolina Municipio, Puerto Rico",28410,"Carolina Municipio, Puerto Rico",1970
"G7200610","2010","PR",,,"Puerto Rico","72","Guaynabo Municipio","061",,,,,,,,,,,,,,,,,,"05000US72061","Guaynabo Municipio, Puerto Rico",31643,"Guaynabo Municipio, Puerto Rico",2226
"G7200970","2010","PR",,,"Puerto Rico","72","Mayagüez Municipio","097",,,,,,,,,,,,,,,,,,"05000US72097","Mayagüez Municipio, Puerto Rico",15381,"Mayagüez Municipio, Puerto Rico",1282
"G7201130","2010","PR",,,"Puerto Rico","72","Ponce Municipio","113",,,,,,,,,,,,,,,,,,"05000US72113","Ponce Municipio, Puerto Rico",16223,"Ponce Municipio, Puerto Rico",1148
"G7201270","2010","PR",,,"Puerto Rico","72","San Juan Municipio","127",,,,,,,,,,,,,,,,,,"05000US72127","San Juan Municipio, Puerto Rico",22905,"San Juan Municipio, Puerto Rico",1334
"G7201350","2010","PR",,,"Puerto Rico","72","Toa Alta Municipio","135",,,,,,,,,,,,,,,,,,"05000US72135","Toa Alta Municipio, Puerto Rico",25432,"Toa Alta Municipio, Puerto Rico",2993
"G7201370","2010","PR",,,"Puerto Rico","72","Toa Baja Municipio","137",,,,,,,,,,,,,,,,,,"05000US72137","Toa Baja Municipio, Puerto Rico",23296,"Toa Baja Municipio, Puerto Rico",2490
"G7201390","2010","PR",,,"Puerto Rico","72","Trujillo Alto Municipio","139",,,,,,,,,,,,,,,,,,"05000US72139","Trujillo Alto Municipio, Puerto Rico",29120,"Trujillo Alto Municipio, Puerto Rico",3643
