GISJOIN,YEAR,STUSAB,REGIONA,DIVISIONA,STATE,STATEA,COUNTYA,COUSUBA,PLACEA,AIANHHA,ANRCA,CBSAA,CSAA,METDIVA,NECTAA,CNECTAA,NECTADIVA,UAA,CDCURRA,SDELMA,SDSECA,SDUNIA,PCI,PUMAA,GEOID,NAME_E,I25E001,NAME_M,I25M001
"G01000100","2010","AL",,,"Alabama","01",,,,,,,,,,,,,,,,,,"00100","79500US0100100","PUMA5 00100, Alabama",37638,"PUMA5 00100, Alabama",2752
"G01000200","2010","AL",,,"Alabama","01",,,,,,,,,,,,,,,,,,"00200","79500US0100200","PUMA5 00200, Alabama",42264,"PUMA5 00200, Alabama",2998
"G01000300","2010","AL",,,"Alabama","01",,,,,,,,,,,,,,,,,,"00300","79500US0100300","PUMA5 00300, Alabama",61255,"PUMA5 00300, Alabama",3279
"G01000400","2010","AL",,,"Alabama","01",,,,,,,,,,,,,,,,,,"00400","79500US0100400","PUMA5 00400, Alabama",34757,"PUMA5 00400, Alabama",3618
"G01000500","2010","AL",,,"Alabama","01",,,,,,,,,,,,,,,,,,"00500","79500US0100500","PUMA5 00500, Alabama",37590,"PUMA5 00500, Alabama",2381
"G01000600","2010","AL",,,"Alabama","01",,,,,,,,,,,,,,,,,,"00600","79500US0100600","PUMA5 00600, Alabama",42172,"PUMA5 00600, Alabama",4474
"G01000700","2010","AL",,,"Alabama","01",,,,,,,,,,,,,,,,,,"00700","79500US0100700","PUMA5 00700, Alabama",32728,"PUMA5 00700, Alabama",1968
"G01000800","2010","AL",,,"Alabama","01",,,,,,,,,,,,,,,,,,"00800","79500US0100800","PUMA5 00800, Alabama",41836,"PUMA5 00800, Alabama",2034
"G01000901","2010","AL",,,"Alabama","01",,,,,,,,,,,,,,,,,,"00901","79500US0100901","PUMA5 00901, Alabama",31044,"PUMA5 00901, Alabama",3064
"G01000902","2010","AL",,,"Alabama","01",,,,,,,,,,,,,,,,,,"00902","79500US0100902","PUMA5 00902, Alabama",25418,"PUMA5 00902, Alabama",1833
"G01000903","2010","AL",,,"Alabama","01",,,,,,,,,,,,,,,,,,"00903","79500US0100903","PUMA5 00903, Alabama",60279,"PUMA5 00903, Alabama",3029
"G01000904","2010","AL",,,"Alabama","01",,,,,,,,,,,,,,,,,,"00904","79500US0100904","PUMA5 00904, Alabama",48840,"PUMA5 00904, Alabama",3445
"G01000905","2010","AL",,,"Alabama","01",,,,,,,,,,,,,,,,,,"00905","79500US0100905","PUMA5 00905, Alabama",44733,"PUMA5 00905, Alabama",5193
"G01001000","2010","AL",,,"Alabama","01",,,,,,,,,,,,,,,,,,"01000","79500US0101000","PUMA5 01000, Alabama",35897,"PUMA5 01000, Alabama",2125
"G01001100","2010","AL",,,"Alabama","01",,,,,,,,,,,,,,,,,,"01100","79500US0101100","PUMA5 01100, Alabama",32886,"PUMA5 01100, Alabama",2090
"G01001200","2010","AL",,,"Alabama","01",,,,,,,,,,,,,,,,,,"01200","79500US0101200","PUMA5 01200, Alabama",36675,"PUMA5 01200, Alabama",3304
"G01001300","2010","AL",,,"Alabama","01",,,,,,,,,,,,,,,,,,"01300","79500US0101300","PUMA5 01300, Alabama",65673,"PUMA5 01300, Alabama",4623
"G01001400","2010","AL",,,"Alabama","01",,,,,,,,,,,,,,,,,,"01400","79500US0101400","PUMA5 01400, Alabama",43450,"PUMA5 01400, Alabama",3018
"G01001500","2010","AL",,,"Alabama","01",,,,,,,,,,,,,,,,,,"01500","79500US0101500","PUMA5 01500, Alabama",26162,"PUMA5 01500, Alabama",2847
"G01001600","2010","AL",,,"Alabama","01",,,,,,,,,,,,,,,,,,"01600","79500US0101600","PUMA5 01600, Alabama",32345,"PUMA5 01600, Alabama",2480
"G01001700","2010","AL",,,"Alabama","01",,,,,,,,,,,,,,,,,,"01700","79500US0101700","PUMA5 01700, Alabama",39381,"PUMA5 01700, Alabama",3294
"G01001800","2010","AL",,,"Alabama","01",,,,,,,,,,,,,,,,,,"01800","79500US0101800","PUMA5 01800, Alabama",32829,"PUMA5 01800, Alabama",2463
"G01001900","2010","AL",,,"Alabama","01",,,,,,,,,,,,,,,,,,"01900","79500US0101900","PUMA5 01900, Alabama",41353,"PUMA5 01900, Alabama",1713
"G01002000","2010","AL",,,"Alabama","01",,,,,,,,,,,,,,,,,,"02000","79500US0102000","PUMA5 02000, Alabama",53589,"PUMA5 02000, Alabama",2695
"G01002100","2010","AL",,,"Alabama","01",,,,,,,,,,,,,,,,,,"02100","79500US0102100","PUMA5 02100, Alabama",28574,"PUMA5 02100, Alabama",2140
"G01002200","2010","AL",,,"Alabama","01",,,,,,,,,,,,,,,,,,"02200","79500US0102200","PUMA5 02200, Alabama",37604,"PUMA5 02200, Alabama",2391
"G01002300","2010","AL",,,"Alabama","01",,,,,,,,,,,,,,,,,,"02300","79500US0102300","PUMA5 02300, Alabama",42590,"PUMA5 02300, Alabama",3020
"G01002400","2010","AL",,,"Alabama","01",,,,,,,,,,,,,,,,,,"02400","79500US0102400","PUMA5 02400, Alabama",47502,"PUMA5 02400, Alabama",2902
"G01002500","2010","AL",,,"Alabama","01",,,,,,,,,,,,,,,,,,"02500","79500US0102500","PUMA5 02500, Alabama",37470,"PUMA5 02500, Alabama",3134
"G01002600","2010","AL",,,"Alabama","01",,,,,,,,,,,,,,,,,,"02600","79500US0102600","PUMA5 02600, Alabama",40419,"PUMA5 02600, Alabama",1959
"G02000101","2010","AK",,,"Alaska","02",,,,,,,,,,,,,,,,,,"00101","79500US0200101","PUMA5 00101, Alaska",63747,"PUMA5 00101, Alaska",2579
"G02000102","2010","AK",,,"Alaska","02",,,,,,,,,,,,,,,,,,"00102","79500US0200102","PUMA5 00102, Alaska",80485,"PUMA5 00102, Alaska",5376
"G02000200","2010","AK",,,"Alaska","02",,,,,,,,,,,,,,,,,,"00200","79500US0200200","PUMA5 00200, Alaska",63303,"PUMA5 00200, Alaska",4625
"G02000300","2010","AK",,,"Alaska","02",,,,,,,,,,,,,,,,,,"00300","79500US0200300","PUMA5 00300, Alaska",61575,"PUMA5 00300, Alaska",2720
"G02000400","2010","AK",,,"Alaska","02",,,,,,,,,,,,,,,,,,"00400","79500US0200400","PUMA5 00400, Alaska",51548,"PUMA5 00400, Alaska",2053
"G04000101","2010","AZ",,,"Arizona","04",,,,,,,,,,,,,,,,,,"00101","79500US0400101","PUMA5 00101, Arizona",41776,"PUMA5 00101, Arizona",2090
"G04000102","2010","AZ",,,"Arizona","04",,,,,,,,,,,,,,,,,,"00102","79500US0400102","PUMA5 00102, Arizona",54597,"PUMA5 00102, Arizona",2435
"G04000103","2010","AZ",,,"Arizona","04",,,,,,,,,,,,,,,,,,"00103","79500US0400103","PUMA5 00103, Arizona",56369,"PUMA5 00103, Arizona",3547
"G04000104","2010","AZ",,,"Arizona","04",,,,,,,,,,,,,,,,,,"00104","79500US0400104","PUMA5 00104, Arizona",61149,"PUMA5 00104, Arizona",2032
"G04000105","2010","AZ",,,"Arizona","04",,,,,,,,,,,,,,,,,,"00105","79500US0400105","PUMA5 00105, Arizona",83176,"PUMA5 00105, Arizona",7160
"G04000106","2010","AZ",,,"Arizona","04",,,,,,,,,,,,,,,,,,"00106","79500US0400106","PUMA5 00106, Arizona",50234,"PUMA5 00106, Arizona",5068
"G04000107","2010","AZ",,,"Arizona","04",,,,,,,,,,,,,,,,,,"00107","79500US0400107","PUMA5 00107, Arizona",45622,"PUMA5 00107, Arizona",4831
"G04000108","2010","AZ",,,"Arizona","04",,,,,,,,,,,,,,,,,,"00108","79500US0400108","PUMA5 00108, Arizona",56683,"PUMA5 00108, Arizona",3742
"G04000109","2010","AZ",,,"Arizona","04",,,,,,,,,,,,,,,,,,"00109","79500US0400109","PUMA5 00109, Arizona",39760,"PUMA5 00109, Arizona",2116
"G04000110","2010","AZ",,,"Arizona","04",,,,,,,,,,,,,,,,,,"00110","79500US0400110","PUMA5 00110, Arizona",61332,"PUMA5 00110, Arizona",1774
"G04000111","2010","AZ",,,"Arizona","04",,,,,,,,,,,,,,,,,,"00111","79500US0400111","PUMA5 00111, Arizona",33861,"PUMA5 00111, Arizona",2564
"G04000112","2010","AZ",,,"Arizona","04",,,,,,,,,,,,,,,,,,"00112","79500US0400112","PUMA5 00112, Arizona",32703,"PUMA5 00112, Arizona",2818
"G04000113","2010","AZ",,,"Arizona","04",,,,,,,,,,,,,,,,,,"00113","79500US0400113","PUMA5 00113, Arizona",36804,"PUMA5 00113, Arizona",3536
"G04000114","2010","AZ",,,"Arizona","04",,,,,,,,,,,,,,,,,,"00114","79500US0400114","PUMA5 00114, Arizona",47129,"PUMA5 00114, Arizona",3019
"G04000115","2010","AZ",,,"Arizona","04",,,,,,,,,,,,,,,,,,"00115","79500US0400115","PUMA5 00115, Arizona",35091,"PUMA5 00115, Arizona",3298
"G04000116","2010","AZ",,,"Arizona","04",,,,,,,,,,,,,,,,,,"00116","79500US0400116","PUMA5 00116, Arizona",44596,"PUMA5 00116, Arizona",4188
"G04000117","2010","AZ",,,"Arizona","04",,,,,,,,,,,,,,,,,,"00117","79500US0400117","PUMA5 00117, Arizona",27794,"PUMA5 00117, Arizona",3033
"G04000118","2010","AZ",,,"Arizona","04",,,,,,,,,,,,,,,,,,"00118","79500US0400118","PUMA5 00118, Arizona",29605,"PUMA5 00118, Arizona",2896
"G04000119","2010","AZ",,,"Arizona","04",,,,,,,,,,,,,,,,,,"00119","79500US0400119","PUMA5 00119, Arizona",61161,"PUMA5 00119, Arizona",2772
"G04000120","2010","AZ",,,"Arizona","04",,,,,,,,,,,,,,,,,,"00120","79500US0400120","PUMA5 00120, Arizona",65028,"PUMA5 00120, Arizona",3240
"G04000121","2010","AZ",,,"Arizona","04",,,,,,,,,,,,,,,,,,"00121","79500US0400121","PUMA5 00121, Arizona",78332,"PUMA5 00121, Arizona",3906
"G04000122","2010","AZ",,,"Arizona","04",,,,,,,,,,,,,,,,,,"00122","79500US0400122","PUMA5 00122, Arizona",49424,"PUMA5 00122, Arizona",3526
"G04000201","2010","AZ",,,"Arizona","04",,,,,,,,,,,,,,,,,,"00201","79500US0400201","PUMA5 00201, Arizona",29656,"PUMA5 00201, Arizona",3776
"G04000202","2010","AZ",,,"Arizona","04",,,,,,,,,,,,,,,,,,"00202","79500US0400202","PUMA5 00202, Arizona",34069,"PUMA5 00202, Arizona",2685
"G04000203","2010","AZ",,,"Arizona","04",,,,,,,,,,,,,,,,,,"00203","79500US0400203","PUMA5 00203, Arizona",67687,"PUMA5 00203, Arizona",4967
"G04000204","2010","AZ",,,"Arizona","04",,,,,,,,,,,,,,,,,,"00204","79500US0400204","PUMA5 00204, Arizona",27973,"PUMA5 00204, Arizona",2982
"G04000205","2010","AZ",,,"Arizona","04",,,,,,,,,,,,,,,,,,"00205","79500US0400205","PUMA5 00205, Arizona",57314,"PUMA5 00205, Arizona",5300
"G04000206","2010","AZ",,,"Arizona","04",,,,,,,,,,,,,,,,,,"00206","79500US0400206","PUMA5 00206, Arizona",59554,"PUMA5 00206, Arizona",2827
"G04000207","2010","AZ",,,"Arizona","04",,,,,,,,,,,,,,,,,,"00207","79500US0400207","PUMA5 00207, Arizona",46851,"PUMA5 00207, Arizona",2485
"G04000300","2010","AZ",,,"Arizona","04",,,,,,,,,,,,,,,,,,"00300","79500US0400300","PUMA5 00300, Arizona",35419,"PUMA5 00300, Arizona",3164
"G04000400","2010","AZ",,,"Arizona","04",,,,,,,,,,,,,,,,,,"00400","79500US0400400","PUMA5 00400, Arizona",42130,"PUMA5 00400, Arizona",2888
"G04000500","2010","AZ",,,"Arizona","04",,,,,,,,,,,,,,,,,,"00500","79500US0400500","PUMA5 00500, Arizona",40274,"PUMA5 00500, Arizona",2060
"G04000600","2010","AZ",,,"Arizona","04",,,,,,,,,,,,,,,,,,"00600","79500US0400600","PUMA5 00600, Arizona",36702,"PUMA5 00600, Arizona",1584
"G04000700","2010","AZ",,,"Arizona","04",,,,,,,,,,,,,,,,,,"00700","79500US0400700","PUMA5 00700, Arizona",42240,"PUMA5 00700, Arizona",2726
"G04000800","2010","AZ",,,"Arizona","04",,,,,,,,,,,,,,,,,,"00800","79500US0400800","PUMA5 00800, Arizona",48320,"PUMA5 00800, Arizona",2190
"G04000900","2010","AZ",,,"Arizona","04",,,,,,,,,,,,,,,,,,"00900","79500US0400900","PUMA5 00900, Arizona",41854,"PUMA5 00900, Arizona",2127
"G05000100","2010","AR",,,"Arkansas","05",,,,,,,,,,,,,,,,,,"00100","79500US0500100","PUMA5 00100, Arkansas",52368,"PUMA5 00100, Arkansas",2369
"G05000200","2010","AR",,,"Arkansas","05",,,,,,,,,,,,,,,,,,"00200","79500US0500200","PUMA5 00200, Arkansas",38278,"PUMA5 00200, Arkansas",2248
"G05000300","2010","AR",,,"Arkansas","05",,,,,,,,,,,,,,,,,,"00300","79500US0500300","PUMA5 00300, Arkansas",33835,"PUMA5 00300, Arkansas",1639
"G05000400","2010","AR",,,"Arkansas","05",,,,,,,,,,,,,,,,,,"00400","79500US0500400","PUMA5 00400, Arkansas",30291,"PUMA5 00400, Arkansas",1696
"G05000500","2010","AR",,,"Arkansas","05",,,,,,,,,,,,,,,,,,"00500","79500US0500500","PUMA5 00500, Arkansas",35121,"PUMA5 00500, Arkansas",1546
"G05000600","2010","AR",,,"Arkansas","05",,,,,,,,,,,,,,,,,,"00600","79500US0500600","PUMA5 00600, Arkansas",31910,"PUMA5 00600, Arkansas",2787
"G05000700","2010","AR",,,"Arkansas","05",,,,,,,,,,,,,,,,,,"00700","79500US0500700","PUMA5 00700, Arkansas",30542,"PUMA5 00700, Arkansas",2160
"G05000800","2010","AR",,,"Arkansas","05",,,,,,,,,,,,,,,,,,"00800","79500US0500800","PUMA5 00800, Arkansas",34068,"PUMA5 00800, Arkansas",3056
"G05000900","2010","AR",,,"Arkansas","05",,,,,,,,,,,,,,,,,,"00900","79500US0500900","PUMA5 00900, Arkansas",44400,"PUMA5 00900, Arkansas",3193
"G05001000","2010","AR",,,"Arkansas","05",,,,,,,,,,,,,,,,,,"01000","79500US0501000","PUMA5 01000, Arkansas",44555,"PUMA5 01000, Arkansas",3082
"G05001100","2010","AR",,,"Arkansas","05",,,,,,,,,,,,,,,,,,"01100","79500US0501100","PUMA5 01100, Arkansas",48637,"PUMA5 01100, Arkansas",3072
"G05001200","2010","AR",,,"Arkansas","05",,,,,,,,,,,,,,,,,,"01200","79500US0501200","PUMA5 01200, Arkansas",35046,"PUMA5 01200, Arkansas",2864
"G05001300","2010","AR",,,"Arkansas","05",,,,,,,,,,,,,,,,,,"01300","79500US0501300","PUMA5 01300, Arkansas",38513,"PUMA5 01300, Arkansas",2256
"G05001400","2010","AR",,,"Arkansas","05",,,,,,,,,,,,,,,,,,"01400","79500US0501400","PUMA5 01400, Arkansas",35982,"PUMA5 01400, Arkansas",2421
"G05001500","2010","AR",,,"Arkansas","05",,,,,,,,,,,,,,,,,,"01500","79500US0501500","PUMA5 01500, Arkansas",35578,"PUMA5 01500, Arkansas",1679
"G05001600","2010","AR",,,"Arkansas","05",,,,,,,,,,,,,,,,,,"01600","79500US0501600","PUMA5 01600, Arkansas",35214,"PUMA5 01600, Arkansas",3298
"G05001700","2010","AR",,,"Arkansas","05",,,,,,,,,,,,,,,,,,"01700","79500US0501700","PUMA5 01700, Arkansas",35813,"PUMA5 01700, Arkansas",3162
"G05001800","2010","AR",,,"Arkansas","05",,,,,,,,,,,,,,,,,,"01800","79500US0501800","PUMA5 01800, Arkansas",33946,"PUMA5 01800, Arkansas",3694
"G05001900","2010","AR",,,"Arkansas","05",,,,,,,,,,,,,,,,,,"01900","79500US0501900","PUMA5 01900, Arkansas",35869,"PUMA5 01900, Arkansas",2717
"G06000100","2010","CA",,,"California","06",,,,,,,,,,,,,,,,,,"00100","79500US0600100","PUMA5 00100, California",38108,"PUMA5 00100, California",2701
"G06000200","2010","CA",,,"California","06",,,,,,,,,,,,,,,,,,"00200","79500US0600200","PUMA5 00200, California",38492,"PUMA5 00200, California",2268
"G06000300","2010","CA",,,"California","06",,,,,,,,,,,,,,,,,,"00300","79500US0600300","PUMA5 00300, California",41023,"PUMA5 00300, California",1839
"G06000400","2010","CA",,,"California","06",,,,,,,,,,,,,,,,,,"00400","79500US0600400","PUMA5 00400, California",37568,"PUMA5 00400, California",3226
"G06000500","2010","CA",,,"California","06",,,,,,,,,,,,,,,,,,"00500","79500US0600500","PUMA5 00500, California",41629,"PUMA5 00500, California",3749
"G06000600","2010","CA",,,"California","06",,,,,,,,,,,,,,,,,,"00600","79500US0600600","PUMA5 00600, California",41657,"PUMA5 00600, California",2238
"G06000700","2010","CA",,,"California","06",,,,,,,,,,,,,,,,,,"00700","79500US0600700","PUMA5 00700, California",49830,"PUMA5 00700, California",4319
"G06000800","2010","CA",,,"California","06",,,,,,,,,,,,,,,,,,"00800","79500US0600800","PUMA5 00800, California",46314,"PUMA5 00800, California",3229
"G06000900","2010","CA",,,"California","06",,,,,,,,,,,,,,,,,,"00900","79500US0600900","PUMA5 00900, California",55798,"PUMA5 00900, California",4338
"G06001000","2010","CA",,,"California","06",,,,,,,,,,,,,,,,,,"01000","79500US0601000","PUMA5 01000, California",64401,"PUMA5 01000, California",4324
"G06001101","2010","CA",,,"California","06",,,,,,,,,,,,,,,,,,"01101","79500US0601101","PUMA5 01101, California",61580,"PUMA5 01101, California",2543
"G06001102","2010","CA",,,"California","06",,,,,,,,,,,,,,,,,,"01102","79500US0601102","PUMA5 01102, California",63013,"PUMA5 01102, California",3996
"G06001103","2010","CA",,,"California","06",,,,,,,,,,,,,,,,,,"01103","79500US0601103","PUMA5 01103, California",53670,"PUMA5 01103, California",3389
"G06001201","2010","CA",,,"California","06",,,,,,,,,,,,,,,,,,"01201","79500US0601201","PUMA5 01201, California",75551,"PUMA5 01201, California",8859
"G06001202","2010","CA",,,"California","06",,,,,,,,,,,,,,,,,,"01202","79500US0601202","PUMA5 01202, California",92713,"PUMA5 01202, California",4584
"G06001301","2010","CA",,,"California","06",,,,,,,,,,,,,,,,,,"01301","79500US0601301","PUMA5 01301, California",60312,"PUMA5 01301, California",3314
"G06001302","2010","CA",,,"California","06",,,,,,,,,,,,,,,,,,"01302","79500US0601302","PUMA5 01302, California",64126,"PUMA5 01302, California",3915
"G06001303","2010","CA",,,"California","06",,,,,,,,,,,,,,,,,,"01303","79500US0601303","PUMA5 01303, California",68020,"PUMA5 01303, California",4997
"G06001401","2010","CA",,,"California","06",,,,,,,,,,,,,,,,,,"01401","79500US0601401","PUMA5 01401, California",47434,"PUMA5 01401, California",2976
"G06001402","2010","CA",,,"California","06",,,,,,,,,,,,,,,,,,"01402","79500US0601402","PUMA5 01402, California",43829,"PUMA5 01402, California",2763
"G06001403","2010","CA",,,"California","06",,,,,,,,,,,,,,,,,,"01403","79500US0601403","PUMA5 01403, California",47982,"PUMA5 01403, California",4436
"G06001501","2010","CA",,,"California","06",,,,,,,,,,,,,,,,,,"01501","79500US0601501","PUMA5 01501, California",46479,"PUMA5 01501, California",2929
"G06001502","2010","CA",,,"California","06",,,,,,,,,,,,,,,,,,"01502","79500US0601502","PUMA5 01502, California",50452,"PUMA5 01502, California",2443
"G06001503","2010","CA",,,"California","06",,,,,,,,,,,,,,,,,,"01503","79500US0601503","PUMA5 01503, California",74084,"PUMA5 01503, California",3900
"G06001504","2010","CA",,,"California","06",,,,,,,,,,,,,,,,,,"01504","79500US0601504","PUMA5 01504, California",45493,"PUMA5 01504, California",3582
"G06001505","2010","CA",,,"California","06",,,,,,,,,,,,,,,,,,"01505","79500US0601505","PUMA5 01505, California",53685,"PUMA5 01505, California",4326
"G06001506","2010","CA",,,"California","06",,,,,,,,,,,,,,,,,,"01506","79500US0601506","PUMA5 01506, California",66768,"PUMA5 01506, California",3565
"G06001601","2010","CA",,,"California","06",,,,,,,,,,,,,,,,,,"01601","79500US0601601","PUMA5 01601, California",66735,"PUMA5 01601, California",3782
"G06001602","2010","CA",,,"California","06",,,,,,,,,,,,,,,,,,"01602","79500US0601602","PUMA5 01602, California",70095,"PUMA5 01602, California",6638
"G06001700","2010","CA",,,"California","06",,,,,,,,,,,,,,,,,,"01700","79500US0601700","PUMA5 01700, California",66399,"PUMA5 01700, California",4417
"G06001800","2010","CA",,,"California","06",,,,,,,,,,,,,,,,,,"01800","79500US0601800","PUMA5 01800, California",46789,"PUMA5 01800, California",3067
"G06001901","2010","CA",,,"California","06",,,,,,,,,,,,,,,,,,"01901","79500US0601901","PUMA5 01901, California",39104,"PUMA5 01901, California",3837
"G06001902","2010","CA",,,"California","06",,,,,,,,,,,,,,,,,,"01902","79500US0601902","PUMA5 01902, California",48699,"PUMA5 01902, California",3155
"G06002001","2010","CA",,,"California","06",,,,,,,,,,,,,,,,,,"02001","79500US0602001","PUMA5 02001, California",65237,"PUMA5 02001, California",5742
"G06002002","2010","CA",,,"California","06",,,,,,,,,,,,,,,,,,"02002","79500US0602002","PUMA5 02002, California",45537,"PUMA5 02002, California",2743
"G06002101","2010","CA",,,"California","06",,,,,,,,,,,,,,,,,,"02101","79500US0602101","PUMA5 02101, California",43436,"PUMA5 02101, California",5251
"G06002102","2010","CA",,,"California","06",,,,,,,,,,,,,,,,,,"02102","79500US0602102","PUMA5 02102, California",80258,"PUMA5 02102, California",6777
"G06002103","2010","CA",,,"California","06",,,,,,,,,,,,,,,,,,"02103","79500US0602103","PUMA5 02103, California",70107,"PUMA5 02103, California",7688
"G06002104","2010","CA",,,"California","06",,,,,,,,,,,,,,,,,,"02104","79500US0602104","PUMA5 02104, California",92127,"PUMA5 02104, California",6839
"G06002105","2010","CA",,,"California","06",,,,,,,,,,,,,,,,,,"02105","79500US0602105","PUMA5 02105, California",127938,"PUMA5 02105, California",8504
"G06002106","2010","CA",,,"California","06",,,,,,,,,,,,,,,,,,"02106","79500US0602106","PUMA5 02106, California",71010,"PUMA5 02106, California",5729
"G06002107","2010","CA",,,"California","06",,,,,,,,,,,,,,,,,,"02107","79500US0602107","PUMA5 02107, California",52866,"PUMA5 02107, California",3728
"G06002108","2010","CA",,,"California","06",,,,,,,,,,,,,,,,,,"02108","79500US0602108","PUMA5 02108, California",71420,"PUMA5 02108, California",5257
"G06002201","2010","CA",,,"California","06",,,,,,,,,,,,,,,,,,"02201","79500US0602201","PUMA5 02201, California",64413,"PUMA5 02201, California",4833
"G06002202","2010","CA",,,"California","06",,,,,,,,,,,,,,,,,,"02202","79500US0602202","PUMA5 02202, California",80753,"PUMA5 02202, California",5614
"G06002203","2010","CA",,,"California","06",,,,,,,,,,,,,,,,,,"02203","79500US0602203","PUMA5 02203, California",52604,"PUMA5 02203, California",3966
"G06002204","2010","CA",,,"California","06",,,,,,,,,,,,,,,,,,"02204","79500US0602204","PUMA5 02204, California",93059,"PUMA5 02204, California",10645
"G06002205","2010","CA",,,"California","06",,,,,,,,,,,,,,,,,,"02205","79500US0602205","PUMA5 02205, California",75667,"PUMA5 02205, California",7159
"G06002206","2010","CA",,,"California","06",,,,,,,,,,,,,,,,,,"02206","79500US0602206","PUMA5 02206, California",79877,"PUMA5 02206, California",5797
"G06002207","2010","CA",,,"California","06",,,,,,,,,,,,,,,,,,"02207","79500US0602207","PUMA5 02207, California",53019,"PUMA5 02207, California",8363
"G06002301","2010","CA",,,"California","06",,,,,,,,,,,,,,,,,,"02301","79500US0602301","PUMA5 02301, California",77289,"PUMA5 02301, California",5599
"G06002302","2010","CA",,,"California","06",,,,,,,,,,,,,,,,,,"02302","79500US0602302","PUMA5 02302, California",73475,"PUMA5 02302, California",7029
"G06002303","2010","CA",,,"California","06",,,,,,,,,,,,,,,,,,"02303","79500US0602303","PUMA5 02303, California",84476,"PUMA5 02303, California",8715
"G06002304","2010","CA",,,"California","06",,,,,,,,,,,,,,,,,,"02304","79500US0602304","PUMA5 02304, California",90439,"PUMA5 02304, California",7370
"G06002305","2010","CA",,,"California","06",,,,,,,,,,,,,,,,,,"02305","79500US0602305","PUMA5 02305, California",87464,"PUMA5 02305, California",6654
"G06002306","2010","CA",,,"California","06",,,,,,,,,,,,,,,,,,"02306","79500US0602306","PUMA5 02306, California",92060,"PUMA5 02306, California",8086
"G06002401","2010","CA",,,"California","06",,,,,,,,,,,,,,,,,,"02401","79500US0602401","PUMA5 02401, California",60248,"PUMA5 02401, California",7207
"G06002402","2010","CA",,,"California","06",,,,,,,,,,,,,,,,,,"02402","79500US0602402","PUMA5 02402, California",41010,"PUMA5 02402, California",3926
"G06002403","2010","CA",,,"California","06",,,,,,,,,,,,,,,,,,"02403","79500US0602403","PUMA5 02403, California",83721,"PUMA5 02403, California",7665
"G06002404","2010","CA",,,"California","06",,,,,,,,,,,,,,,,,,"02404","79500US0602404","PUMA5 02404, California",34669,"PUMA5 02404, California",3740
"G06002405","2010","CA",,,"California","06",,,,,,,,,,,,,,,,,,"02405","79500US0602405","PUMA5 02405, California",65778,"PUMA5 02405, California",4542
"G06002406","2010","CA",,,"California","06",,,,,,,,,,,,,,,,,,"02406","79500US0602406","PUMA5 02406, California",65396,"PUMA5 02406, California",4554
"G06002407","2010","CA",,,"California","06",,,,,,,,,,,,,,,,,,"02407","79500US0602407","PUMA5 02407, California",61154,"PUMA5 02407, California",4666
"G06002408","2010","CA",,,"California","06",,,,,,,,,,,,,,,,,,"02408","79500US0602408","PUMA5 02408, California",80890,"PUMA5 02408, California",2792
"G06002409","2010","CA",,,"California","06",,,,,,,,,,,,,,,,,,"02409","79500US0602409","PUMA5 02409, California",86911,"PUMA5 02409, California",6043
"G06002410","2010","CA",,,"California","06",,,,,,,,,,,,,,,,,,"02410","79500US0602410","PUMA5 02410, California",101484,"PUMA5 02410, California",4767
"G06002500","2010","CA",,,"California","06",,,,,,,,,,,,,,,,,,"02500","79500US0602500","PUMA5 02500, California",47903,"PUMA5 02500, California",3948
"G06002601","2010","CA",,,"California","06",,,,,,,,,,,,,,,,,,"02601","79500US0602601","PUMA5 02601, California",45349,"PUMA5 02601, California",3730
"G06002602","2010","CA",,,"California","06",,,,,,,,,,,,,,,,,,"02602","79500US0602602","PUMA5 02602, California",51080,"PUMA5 02602, California",2769
"G06002701","2010","CA",,,"California","06",,,,,,,,,,,,,,,,,,"02701","79500US0602701","PUMA5 02701, California",104535,"PUMA5 02701, California",6232
"G06002702","2010","CA",,,"California","06",,,,,,,,,,,,,,,,,,"02702","79500US0602702","PUMA5 02702, California",95223,"PUMA5 02702, California",6567
"G06002703","2010","CA",,,"California","06",,,,,,,,,,,,,,,,,,"02703","79500US0602703","PUMA5 02703, California",86426,"PUMA5 02703, California",6555
"G06002704","2010","CA",,,"California","06",,,,,,,,,,,,,,,,,,"02704","79500US0602704","PUMA5 02704, California",92484,"PUMA5 02704, California",9519
"G06002705","2010","CA",,,"California","06",,,,,,,,,,,,,,,,,,"02705","79500US0602705","PUMA5 02705, California",69331,"PUMA5 02705, California",6307
"G06002706","2010","CA",,,"California","06",,,,,,,,,,,,,,,,,,"02706","79500US0602706","PUMA5 02706, California",76935,"PUMA5 02706, California",5880
"G06002707","2010","CA",,,"California","06",,,,,,,,,,,,,,,,,,"02707","79500US0602707","PUMA5 02707, California",126029,"PUMA5 02707, California",10574
"G06002708","2010","CA",,,"California","06",,,,,,,,,,,,,,,,,,"02708","79500US0602708","PUMA5 02708, California",81573,"PUMA5 02708, California",7729
"G06002709","2010","CA",,,"California","06",,,,,,,,,,,,,,,,,,"02709","79500US0602709","PUMA5 02709, California",51788,"PUMA5 02709, California",6238
"G06002710","2010","CA",,,"California","06",,,,,,,,,,,,,,,,,,"02710","79500US0602710","PUMA5 02710, California",68103,"PUMA5 02710, California",6800
"G06002711","2010","CA",,,"California","06",,,,,,,,,,,,,,,,,,"02711","79500US0602711","PUMA5 02711, California",83424,"PUMA5 02711, California",8320
"G06002712","2010","CA",,,"California","06",,,,,,,,,,,,,,,,,,"02712","79500US0602712","PUMA5 02712, California",99922,"PUMA5 02712, California",8425
"G06002713","2010","CA",,,"California","06",,,,,,,,,,,,,,,,,,"02713","79500US0602713","PUMA5 02713, California",102140,"PUMA5 02713, California",6126
"G06002714","2010","CA",,,"California","06",,,,,,,,,,,,,,,,,,"02714","79500US0602714","PUMA5 02714, California",49542,"PUMA5 02714, California",5821
"G06002801","2010","CA",,,"California","06",,,,,,,,,,,,,,,,,,"02801","79500US0602801","PUMA5 02801, California",58816,"PUMA5 02801, California",4518
"G06002802","2010","CA",,,"California","06",,,,,,,,,,,,,,,,,,"02802","79500US0602802","PUMA5 02802, California",62736,"PUMA5 02802, California",7767
"G06002900","2010","CA",,,"California","06",,,,,,,,,,,,,,,,,,"02900","79500US0602900","PUMA5 02900, California",47591,"PUMA5 02900, California",3135
"G06003001","2010","CA",,,"California","06",,,,,,,,,,,,,,,,,,"03001","79500US0603001","PUMA5 03001, California",60897,"PUMA5 03001, California",3795
"G06003002","2010","CA",,,"California","06",,,,,,,,,,,,,,,,,,"03002","79500US0603002","PUMA5 03002, California",56907,"PUMA5 03002, California",5615
"G06003100","2010","CA",,,"California","06",,,,,,,,,,,,,,,,,,"03100","79500US0603100","PUMA5 03100, California",42586,"PUMA5 03100, California",2933
"G06003200","2010","CA",,,"California","06",,,,,,,,,,,,,,,,,,"03200","79500US0603200","PUMA5 03200, California",48268,"PUMA5 03200, California",6554
"G06003301","2010","CA",,,"California","06",,,,,,,,,,,,,,,,,,"03301","79500US0603301","PUMA5 03301, California",30187,"PUMA5 03301, California",2222
"G06003302","2010","CA",,,"California","06",,,,,,,,,,,,,,,,,,"03302","79500US0603302","PUMA5 03302, California",60794,"PUMA5 03302, California",5258
"G06003401","2010","CA",,,"California","06",,,,,,,,,,,,,,,,,,"03401","79500US0603401","PUMA5 03401, California",38851,"PUMA5 03401, California",4803
"G06003402","2010","CA",,,"California","06",,,,,,,,,,,,,,,,,,"03402","79500US0603402","PUMA5 03402, California",57429,"PUMA5 03402, California",3600
"G06003501","2010","CA",,,"California","06",,,,,,,,,,,,,,,,,,"03501","79500US0603501","PUMA5 03501, California",51311,"PUMA5 03501, California",2947
"G06003502","2010","CA",,,"California","06",,,,,,,,,,,,,,,,,,"03502","79500US0603502","PUMA5 03502, California",44136,"PUMA5 03502, California",3658
"G06003503","2010","CA",,,"California","06",,,,,,,,,,,,,,,,,,"03503","79500US0603503","PUMA5 03503, California",36829,"PUMA5 03503, California",3054
"G06003600","2010","CA",,,"California","06",,,,,,,,,,,,,,,,,,"03600","79500US0603600","PUMA5 03600, California",44609,"PUMA5 03600, California",4060
"G06003701","2010","CA",,,"California","06",,,,,,,,,,,,,,,,,,"03701","79500US0603701","PUMA5 03701, California",60308,"PUMA5 03701, California",4663
"G06003702","2010","CA",,,"California","06",,,,,,,,,,,,,,,,,,"03702","79500US0603702","PUMA5 03702, California",49460,"PUMA5 03702, California",4125
"G06003800","2010","CA",,,"California","06",,,,,,,,,,,,,,,,,,"03800","79500US0603800","PUMA5 03800, California",52071,"PUMA5 03800, California",1955
"G06003901","2010","CA",,,"California","06",,,,,,,,,,,,,,,,,,"03901","79500US0603901","PUMA5 03901, California",36822,"PUMA5 03901, California",3411
"G06003902","2010","CA",,,"California","06",,,,,,,,,,,,,,,,,,"03902","79500US0603902","PUMA5 03902, California",43182,"PUMA5 03902, California",3526
"G06003903","2010","CA",,,"California","06",,,,,,,,,,,,,,,,,,"03903","79500US0603903","PUMA5 03903, California",42030,"PUMA5 03903, California",2404
"G06004000","2010","CA",,,"California","06",,,,,,,,,,,,,,,,,,"04000","79500US0604000","PUMA5 04000, California",53764,"PUMA5 04000, California",5027
"G06004100","2010","CA",,,"California","06",,,,,,,,,,,,,,,,,,"04100","79500US0604100","PUMA5 04100, California",75359,"PUMA5 04100, California",6904
"G06004200","2010","CA",,,"California","06",,,,,,,,,,,,,,,,,,"04200","79500US0604200","PUMA5 04200, California",59204,"PUMA5 04200, California",4426
"G06004300","2010","CA",,,"California","06",,,,,,,,,,,,,,,,,,"04300","79500US0604300","PUMA5 04300, California",39226,"PUMA5 04300, California",3857
"G06004401","2010","CA",,,"California","06",,,,,,,,,,,,,,,,,,"04401","79500US0604401","PUMA5 04401, California",84840,"PUMA5 04401, California",4980
"G06004402","2010","CA",,,"California","06",,,,,,,,,,,,,,,,,,"04402","79500US0604402","PUMA5 04402, California",58065,"PUMA5 04402, California",3914
"G06004403","2010","CA",,,"California","06",,,,,,,,,,,,,,,,,,"04403","79500US0604403","PUMA5 04403, California",43896,"PUMA5 04403, California",3901
"G06004404","2010","CA",,,"California","06",,,,,,,,,,,,,,,,,,"04404","79500US0604404","PUMA5 04404, California",60421,"PUMA5 04404, California",4466
"G06004405","2010","CA",,,"California","06",,,,,,,,,,,,,,,,,,"04405","79500US0604405","PUMA5 04405, California",40569,"PUMA5 04405, California",3986
"G06004406","2010","CA",,,"California","06",,,,,,,,,,,,,,,,,,"04406","79500US0604406","PUMA5 04406, California",49880,"PUMA5 04406, California",3219
"G06004407","2010","CA",,,"California","06",,,,,,,,,,,,,,,,,,"04407","79500US0604407","PUMA5 04407, California",46364,"PUMA5 04407, California",7269
"G06004500","2010","CA",,,"California","06",,,,,,,,,,,,,,,,,,"04500","79500US0604500","PUMA5 04500, California",50492,"PUMA5 04500, California",5170
"G06004600","2010","CA",,,"California","06",,,,,,,,,,,,,,,,,,"04600","79500US0604600","PUMA5 04600, California",53095,"PUMA5 04600, California",2909
"G06004700","2010","CA",,,"California","06",,,,,,,,,,,,,,,,,,"04700","79500US0604700","PUMA5 04700, California",76481,"PUMA5 04700, California",2553
"G06004800","2010","CA",,,"California","06",,,,,,,,,,,,,,,,,,"04800","79500US0604800","PUMA5 04800, California",61520,"PUMA5 04800, California",5707
"G06004900","2010","CA",,,"California","06",,,,,,,,,,,,,,,,,,"04900","79500US0604900","PUMA5 04900, California",51865,"PUMA5 04900, California",6021
"G06005000","2010","CA",,,"California","06",,,,,,,,,,,,,,,,,,"05000","79500US0605000","PUMA5 05000, California",67279,"PUMA5 05000, California",7047
"G06005100","2010","CA",,,"California","06",,,,,,,,,,,,,,,,,,"05100","79500US0605100","PUMA5 05100, California",41076,"PUMA5 05100, California",3846
"G06005200","2010","CA",,,"California","06",,,,,,,,,,,,,,,,,,"05200","79500US0605200","PUMA5 05200, California",45807,"PUMA5 05200, California",3891
"G06005300","2010","CA",,,"California","06",,,,,,,,,,,,,,,,,,"05300","79500US0605300","PUMA5 05300, California",39329,"PUMA5 05300, California",2421
"G06005401","2010","CA",,,"California","06",,,,,,,,,,,,,,,,,,"05401","79500US0605401","PUMA5 05401, California",65447,"PUMA5 05401, California",7168
"G06005402","2010","CA",,,"California","06",,,,,,,,,,,,,,,,,,"05402","79500US0605402","PUMA5 05402, California",59334,"PUMA5 05402, California",5221
"G06005403","2010","CA",,,"California","06",,,,,,,,,,,,,,,,,,"05403","79500US0605403","PUMA5 05403, California",47165,"PUMA5 05403, California",5564
"G06005404","2010","CA",,,"California","06",,,,,,,,,,,,,,,,,,"05404","79500US0605404","PUMA5 05404, California",49388,"PUMA5 05404, California",4299
"G06005405","2010","CA",,,"California","06",,,,,,,,,,,,,,,,,,"05405","79500US0605405","PUMA5 05405, California",44648,"PUMA5 05405, California",4027
"G06005406","2010","CA",,,"California","06",,,,,,,,,,,,,,,,,,"05406","79500US0605406","PUMA5 05406, California",45462,"PUMA5 05406, California",3946
"G06005407","2010","CA",,,"California","06",,,,,,,,,,,,,,,,,,"05407","79500US0605407","PUMA5 05407, California",41281,"PUMA5 05407, California",2316
"G06005408","2010","CA",,,"California","06",,,,,,,,,,,,,,,,,,"05408","79500US0605408","PUMA5 05408, California",60220,"PUMA5 05408, California",4634
"G06005409","2010","CA",,,"California","06",,,,,,,,,,,,,,,,,,"05409","79500US0605409","PUMA5 05409, California",61679,"PUMA5 05409, California",3867
"G06005410","2010","CA",,,"California","06",,,,,,,,,,,,,,,,,,"05410","79500US0605410","PUMA5 05410, California",88309,"PUMA5 05410, California",5718
"G06005411","2010","CA",,,"California","06",,,,,,,,,,,,,,,,,,"05411","79500US0605411","PUMA5 05411, California",60575,"PUMA5 05411, California",4170
"G06005412","2010","CA",,,"California","06",,,,,,,,,,,,,,,,,,"05412","79500US0605412","PUMA5 05412, California",54431,"PUMA5 05412, California",4763
"G06005413","2010","CA",,,"California","06",,,,,,,,,,,,,,,,,,"05413","79500US0605413","PUMA5 05413, California",42468,"PUMA5 05413, California",2662
"G06005414","2010","CA",,,"California","06",,,,,,,,,,,,,,,,,,"05414","79500US0605414","PUMA5 05414, California",31850,"PUMA5 05414, California",1348
"G06005415","2010","CA",,,"California","06",,,,,,,,,,,,,,,,,,"05415","79500US0605415","PUMA5 05415, California",31323,"PUMA5 05415, California",2095
"G06005416","2010","CA",,,"California","06",,,,,,,,,,,,,,,,,,"05416","79500US0605416","PUMA5 05416, California",50280,"PUMA5 05416, California",3413
"G06005417","2010","CA",,,"California","06",,,,,,,,,,,,,,,,,,"05417","79500US0605417","PUMA5 05417, California",25129,"PUMA5 05417, California",2361
"G06005418","2010","CA",,,"California","06",,,,,,,,,,,,,,,,,,"05418","79500US0605418","PUMA5 05418, California",27178,"PUMA5 05418, California",3979
"G06005419","2010","CA",,,"California","06",,,,,,,,,,,,,,,,,,"05419","79500US0605419","PUMA5 05419, California",37020,"PUMA5 05419, California",2391
"G06005420","2010","CA",,,"California","06",,,,,,,,,,,,,,,,,,"05420","79500US0605420","PUMA5 05420, California",82802,"PUMA5 05420, California",4997
"G06005421","2010","CA",,,"California","06",,,,,,,,,,,,,,,,,,"05421","79500US0605421","PUMA5 05421, California",33650,"PUMA5 05421, California",2744
"G06005422","2010","CA",,,"California","06",,,,,,,,,,,,,,,,,,"05422","79500US0605422","PUMA5 05422, California",28114,"PUMA5 05422, California",3025
"G06005423","2010","CA",,,"California","06",,,,,,,,,,,,,,,,,,"05423","79500US0605423","PUMA5 05423, California",31633,"PUMA5 05423, California",2603
"G06005424","2010","CA",,,"California","06",,,,,,,,,,,,,,,,,,"05424","79500US0605424","PUMA5 05424, California",45902,"PUMA5 05424, California",5412
"G06005500","2010","CA",,,"California","06",,,,,,,,,,,,,,,,,,"05500","79500US0605500","PUMA5 05500, California",40839,"PUMA5 05500, California",3257
"G06005600","2010","CA",,,"California","06",,,,,,,,,,,,,,,,,,"05600","79500US0605600","PUMA5 05600, California",69288,"PUMA5 05600, California",4632
"G06005701","2010","CA",,,"California","06",,,,,,,,,,,,,,,,,,"05701","79500US0605701","PUMA5 05701, California",50633,"PUMA5 05701, California",4092
"G06005702","2010","CA",,,"California","06",,,,,,,,,,,,,,,,,,"05702","79500US0605702","PUMA5 05702, California",40429,"PUMA5 05702, California",2597
"G06005703","2010","CA",,,"California","06",,,,,,,,,,,,,,,,,,"05703","79500US0605703","PUMA5 05703, California",76734,"PUMA5 05703, California",6250
"G06005800","2010","CA",,,"California","06",,,,,,,,,,,,,,,,,,"05800","79500US0605800","PUMA5 05800, California",62498,"PUMA5 05800, California",3113
"G06005900","2010","CA",,,"California","06",,,,,,,,,,,,,,,,,,"05900","79500US0605900","PUMA5 05900, California",53490,"PUMA5 05900, California",3149
"G06006000","2010","CA",,,"California","06",,,,,,,,,,,,,,,,,,"06000","79500US0606000","PUMA5 06000, California",57037,"PUMA5 06000, California",4608
"G06006101","2010","CA",,,"California","06",,,,,,,,,,,,,,,,,,"06101","79500US0606101","PUMA5 06101, California",76942,"PUMA5 06101, California",6386
"G06006102","2010","CA",,,"California","06",,,,,,,,,,,,,,,,,,"06102","79500US0606102","PUMA5 06102, California",80253,"PUMA5 06102, California",4752
"G06006103","2010","CA",,,"California","06",,,,,,,,,,,,,,,,,,"06103","79500US0606103","PUMA5 06103, California",58230,"PUMA5 06103, California",7040
"G06006104","2010","CA",,,"California","06",,,,,,,,,,,,,,,,,,"06104","79500US0606104","PUMA5 06104, California",70704,"PUMA5 06104, California",4922
"G06006105","2010","CA",,,"California","06",,,,,,,,,,,,,,,,,,"06105","79500US0606105","PUMA5 06105, California",48999,"PUMA5 06105, California",4666
"G06006106","2010","CA",,,"California","06",,,,,,,,,,,,,,,,,,"06106","79500US0606106","PUMA5 06106, California",74847,"PUMA5 06106, California",2591
"G06006107","2010","CA",,,"California","06",,,,,,,,,,,,,,,,,,"06107","79500US0606107","PUMA5 06107, California",59697,"PUMA5 06107, California",5040
"G06006108","2010","CA",,,"California","06",,,,,,,,,,,,,,,,,,"06108","79500US0606108","PUMA5 06108, California",71632,"PUMA5 06108, California",6959
"G06006109","2010","CA",,,"California","06",,,,,,,,,,,,,,,,,,"06109","79500US0606109","PUMA5 06109, California",54119,"PUMA5 06109, California",5069
"G06006110","2010","CA",,,"California","06",,,,,,,,,,,,,,,,,,"06110","79500US0606110","PUMA5 06110, California",61929,"PUMA5 06110, California",4149
"G06006111","2010","CA",,,"California","06",,,,,,,,,,,,,,,,,,"06111","79500US0606111","PUMA5 06111, California",48991,"PUMA5 06111, California",3987
"G06006112","2010","CA",,,"California","06",,,,,,,,,,,,,,,,,,"06112","79500US0606112","PUMA5 06112, California",49262,"PUMA5 06112, California",3312
"G06006113","2010","CA",,,"California","06",,,,,,,,,,,,,,,,,,"06113","79500US0606113","PUMA5 06113, California",36361,"PUMA5 06113, California",2722
"G06006114","2010","CA",,,"California","06",,,,,,,,,,,,,,,,,,"06114","79500US0606114","PUMA5 06114, California",38154,"PUMA5 06114, California",4302
"G06006115","2010","CA",,,"California","06",,,,,,,,,,,,,,,,,,"06115","79500US0606115","PUMA5 06115, California",39100,"PUMA5 06115, California",3712
"G06006116","2010","CA",,,"California","06",,,,,,,,,,,,,,,,,,"06116","79500US0606116","PUMA5 06116, California",42065,"PUMA5 06116, California",2997
"G06006117","2010","CA",,,"California","06",,,,,,,,,,,,,,,,,,"06117","79500US0606117","PUMA5 06117, California",65807,"PUMA5 06117, California",8408
"G06006118","2010","CA",,,"California","06",,,,,,,,,,,,,,,,,,"06118","79500US0606118","PUMA5 06118, California",74865,"PUMA5 06118, California",4646
"G06006119","2010","CA",,,"California","06",,,,,,,,,,,,,,,,,,"06119","79500US0606119","PUMA5 06119, California",43210,"PUMA5 06119, California",3534
"G06006120","2010","CA",,,"California","06",,,,,,,,,,,,,,,,,,"06120","79500US0606120","PUMA5 06120, California",65184,"PUMA5 06120, California",4573
"G06006121","2010","CA",,,"California","06",,,,,,,,,,,,,,,,,,"06121","79500US0606121","PUMA5 06121, California",85592,"PUMA5 06121, California",11312
"G06006122","2010","CA",,,"California","06",,,,,,,,,,,,,,,,,,"06122","79500US0606122","PUMA5 06122, California",92466,"PUMA5 06122, California",5506
"G06006123","2010","CA",,,"California","06",,,,,,,,,,,,,,,,,,"06123","79500US0606123","PUMA5 06123, California",42797,"PUMA5 06123, California",4284
"G06006124","2010","CA",,,"California","06",,,,,,,,,,,,,,,,,,"06124","79500US0606124","PUMA5 06124, California",41498,"PUMA5 06124, California",2553
"G06006125","2010","CA",,,"California","06",,,,,,,,,,,,,,,,,,"06125","79500US0606125","PUMA5 06125, California",66625,"PUMA5 06125, California",4170
"G06006126","2010","CA",,,"California","06",,,,,,,,,,,,,,,,,,"06126","79500US0606126","PUMA5 06126, California",101153,"PUMA5 06126, California",5918
"G06006200","2010","CA",,,"California","06",,,,,,,,,,,,,,,,,,"06200","79500US0606200","PUMA5 06200, California",60538,"PUMA5 06200, California",2461
"G06006300","2010","CA",,,"California","06",,,,,,,,,,,,,,,,,,"06300","79500US0606300","PUMA5 06300, California",60330,"PUMA5 06300, California",5249
"G06006400","2010","CA",,,"California","06",,,,,,,,,,,,,,,,,,"06400","79500US0606400","PUMA5 06400, California",84449,"PUMA5 06400, California",8764
"G06006500","2010","CA",,,"California","06",,,,,,,,,,,,,,,,,,"06500","79500US0606500","PUMA5 06500, California",95281,"PUMA5 06500, California",8202
"G06006601","2010","CA",,,"California","06",,,,,,,,,,,,,,,,,,"06601","79500US0606601","PUMA5 06601, California",56716,"PUMA5 06601, California",5776
"G06006602","2010","CA",,,"California","06",,,,,,,,,,,,,,,,,,"06602","79500US0606602","PUMA5 06602, California",82687,"PUMA5 06602, California",6043
"G06006701","2010","CA",,,"California","06",,,,,,,,,,,,,,,,,,"06701","79500US0606701","PUMA5 06701, California",54036,"PUMA5 06701, California",2414
"G06006702","2010","CA",,,"California","06",,,,,,,,,,,,,,,,,,"06702","79500US0606702","PUMA5 06702, California",62541,"PUMA5 06702, California",5330
"G06006801","2010","CA",,,"California","06",,,,,,,,,,,,,,,,,,"06801","79500US0606801","PUMA5 06801, California",48505,"PUMA5 06801, California",3932
"G06006802","2010","CA",,,"California","06",,,,,,,,,,,,,,,,,,"06802","79500US0606802","PUMA5 06802, California",62969,"PUMA5 06802, California",5973
"G06006900","2010","CA",,,"California","06",,,,,,,,,,,,,,,,,,"06900","79500US0606900","PUMA5 06900, California",63229,"PUMA5 06900, California",3858
"G06007000","2010","CA",,,"California","06",,,,,,,,,,,,,,,,,,"07000","79500US0607000","PUMA5 07000, California",65258,"PUMA5 07000, California",4749
"G06007100","2010","CA",,,"California","06",,,,,,,,,,,,,,,,,,"07100","79500US0607100","PUMA5 07100, California",60977,"PUMA5 07100, California",3358
"G06007200","2010","CA",,,"California","06",,,,,,,,,,,,,,,,,,"07200","79500US0607200","PUMA5 07200, California",72495,"PUMA5 07200, California",3491
"G06007300","2010","CA",,,"California","06",,,,,,,,,,,,,,,,,,"07300","79500US0607300","PUMA5 07300, California",85899,"PUMA5 07300, California",6608
"G06007400","2010","CA",,,"California","06",,,,,,,,,,,,,,,,,,"07400","79500US0607400","PUMA5 07400, California",72393,"PUMA5 07400, California",5053
"G06007501","2010","CA",,,"California","06",,,,,,,,,,,,,,,,,,"07501","79500US0607501","PUMA5 07501, California",57008,"PUMA5 07501, California",4004
"G06007502","2010","CA",,,"California","06",,,,,,,,,,,,,,,,,,"07502","79500US0607502","PUMA5 07502, California",47576,"PUMA5 07502, California",3557
"G06007601","2010","CA",,,"California","06",,,,,,,,,,,,,,,,,,"07601","79500US0607601","PUMA5 07601, California",80309,"PUMA5 07601, California",5478
"G06007602","2010","CA",,,"California","06",,,,,,,,,,,,,,,,,,"07602","79500US0607602","PUMA5 07602, California",100577,"PUMA5 07602, California",3565
"G06007603","2010","CA",,,"California","06",,,,,,,,,,,,,,,,,,"07603","79500US0607603","PUMA5 07603, California",84749,"PUMA5 07603, California",4236
"G06007604","2010","CA",,,"California","06",,,,,,,,,,,,,,,,,,"07604","79500US0607604","PUMA5 07604, California",74620,"PUMA5 07604, California",4107
"G06007605","2010","CA",,,"California","06",,,,,,,,,,,,,,,,,,"07605","79500US0607605","PUMA5 07605, California",68728,"PUMA5 07605, California",4382
"G06007606","2010","CA",,,"California","06",,,,,,,,,,,,,,,,,,"07606","79500US0607606","PUMA5 07606, California",52168,"PUMA5 07606, California",6178
"G06007607","2010","CA",,,"California","06",,,,,,,,,,,,,,,,,,"07607","79500US0607607","PUMA5 07607, California",79913,"PUMA5 07607, California",4864
"G06007700","2010","CA",,,"California","06",,,,,,,,,,,,,,,,,,"07700","79500US0607700","PUMA5 07700, California",73340,"PUMA5 07700, California",3987
"G06007801","2010","CA",,,"California","06",,,,,,,,,,,,,,,,,,"07801","79500US0607801","PUMA5 07801, California",48827,"PUMA5 07801, California",3303
"G06007802","2010","CA",,,"California","06",,,,,,,,,,,,,,,,,,"07802","79500US0607802","PUMA5 07802, California",57664,"PUMA5 07802, California",4685
"G06007900","2010","CA",,,"California","06",,,,,,,,,,,,,,,,,,"07900","79500US0607900","PUMA5 07900, California",48907,"PUMA5 07900, California",5318
"G06008001","2010","CA",,,"California","06",,,,,,,,,,,,,,,,,,"08001","79500US0608001","PUMA5 08001, California",65090,"PUMA5 08001, California",2600
"G06008002","2010","CA",,,"California","06",,,,,,,,,,,,,,,,,,"08002","79500US0608002","PUMA5 08002, California",67422,"PUMA5 08002, California",3509
"G06008003","2010","CA",,,"California","06",,,,,,,,,,,,,,,,,,"08003","79500US0608003","PUMA5 08003, California",40592,"PUMA5 08003, California",1909
"G06008004","2010","CA",,,"California","06",,,,,,,,,,,,,,,,,,"08004","79500US0608004","PUMA5 08004, California",46016,"PUMA5 08004, California",2322
"G06008005","2010","CA",,,"California","06",,,,,,,,,,,,,,,,,,"08005","79500US0608005","PUMA5 08005, California",45316,"PUMA5 08005, California",4313
"G06008101","2010","CA",,,"California","06",,,,,,,,,,,,,,,,,,"08101","79500US0608101","PUMA5 08101, California",51876,"PUMA5 08101, California",2072
"G06008102","2010","CA",,,"California","06",,,,,,,,,,,,,,,,,,"08102","79500US0608102","PUMA5 08102, California",47671,"PUMA5 08102, California",5368
"G06008103","2010","CA",,,"California","06",,,,,,,,,,,,,,,,,,"08103","79500US0608103","PUMA5 08103, California",66863,"PUMA5 08103, California",4509
"G06008104","2010","CA",,,"California","06",,,,,,,,,,,,,,,,,,"08104","79500US0608104","PUMA5 08104, California",65563,"PUMA5 08104, California",4518
"G06008105","2010","CA",,,"California","06",,,,,,,,,,,,,,,,,,"08105","79500US0608105","PUMA5 08105, California",41488,"PUMA5 08105, California",2564
"G06008106","2010","CA",,,"California","06",,,,,,,,,,,,,,,,,,"08106","79500US0608106","PUMA5 08106, California",57040,"PUMA5 08106, California",4952
"G06008107","2010","CA",,,"California","06",,,,,,,,,,,,,,,,,,"08107","79500US0608107","PUMA5 08107, California",37134,"PUMA5 08107, California",2214
"G06008108","2010","CA",,,"California","06",,,,,,,,,,,,,,,,,,"08108","79500US0608108","PUMA5 08108, California",53305,"PUMA5 08108, California",3413
"G06008109","2010","CA",,,"California","06",,,,,,,,,,,,,,,,,,"08109","79500US0608109","PUMA5 08109, California",65193,"PUMA5 08109, California",2621
"G06008110","2010","CA",,,"California","06",,,,,,,,,,,,,,,,,,"08110","79500US0608110","PUMA5 08110, California",62409,"PUMA5 08110, California",3728
"G06008111","2010","CA",,,"California","06",,,,,,,,,,,,,,,,,,"08111","79500US0608111","PUMA5 08111, California",101059,"PUMA5 08111, California",4414
"G06008112","2010","CA",,,"California","06",,,,,,,,,,,,,,,,,,"08112","79500US0608112","PUMA5 08112, California",93359,"PUMA5 08112, California",4644
"G06008113","2010","CA",,,"California","06",,,,,,,,,,,,,,,,,,"08113","79500US0608113","PUMA5 08113, California",74069,"PUMA5 08113, California",5692
"G06008114","2010","CA",,,"California","06",,,,,,,,,,,,,,,,,,"08114","79500US0608114","PUMA5 08114, California",47822,"PUMA5 08114, California",3061
"G06008115","2010","CA",,,"California","06",,,,,,,,,,,,,,,,,,"08115","79500US0608115","PUMA5 08115, California",48267,"PUMA5 08115, California",2211
"G06008116","2010","CA",,,"California","06",,,,,,,,,,,,,,,,,,"08116","79500US0608116","PUMA5 08116, California",59157,"PUMA5 08116, California",4066
"G06008200","2010","CA",,,"California","06",,,,,,,,,,,,,,,,,,"08200","79500US0608200","PUMA5 08200, California",41802,"PUMA5 08200, California",3590
"G08000101","2010","CO",,,"Colorado","08",,,,,,,,,,,,,,,,,,"00101","79500US0800101","PUMA5 00101, Colorado",56536,"PUMA5 00101, Colorado",5146
"G08000102","2010","CO",,,"Colorado","08",,,,,,,,,,,,,,,,,,"00102","79500US0800102","PUMA5 00102, Colorado",60816,"PUMA5 00102, Colorado",2739
"G08000103","2010","CO",,,"Colorado","08",,,,,,,,,,,,,,,,,,"00103","79500US0800103","PUMA5 00103, Colorado",46392,"PUMA5 00103, Colorado",4727
"G08000200","2010","CO",,,"Colorado","08",,,,,,,,,,,,,,,,,,"00200","79500US0800200","PUMA5 00200, Colorado",47177,"PUMA5 00200, Colorado",3855
"G08000300","2010","CO",,,"Colorado","08",,,,,,,,,,,,,,,,,,"00300","79500US0800300","PUMA5 00300, Colorado",51993,"PUMA5 00300, Colorado",3595
"G08000400","2010","CO",,,"Colorado","08",,,,,,,,,,,,,,,,,,"00400","79500US0800400","PUMA5 00400, Colorado",45558,"PUMA5 00400, Colorado",2999
"G08000501","2010","CO",,,"Colorado","08",,,,,,,,,,,,,,,,,,"00501","79500US0800501","PUMA5 00501, Colorado",36076,"PUMA5 00501, Colorado",2542
"G08000502","2010","CO",,,"Colorado","08",,,,,,,,,,,,,,,,,,"00502","79500US0800502","PUMA5 00502, Colorado",37920,"PUMA5 00502, Colorado",3298
"G08000600","2010","CO",,,"Colorado","08",,,,,,,,,,,,,,,,,,"00600","79500US0800600","PUMA5 00600, Colorado",45563,"PUMA5 00600, Colorado",1791
"G08000700","2010","CO",,,"Colorado","08",,,,,,,,,,,,,,,,,,"00700","79500US0800700","PUMA5 00700, Colorado",61459,"PUMA5 00700, Colorado",3438
"G08000801","2010","CO",,,"Colorado","08",,,,,,,,,,,,,,,,,,"00801","79500US0800801","PUMA5 00801, Colorado",76030,"PUMA5 00801, Colorado",5494
"G08000802","2010","CO",,,"Colorado","08",,,,,,,,,,,,,,,,,,"00802","79500US0800802","PUMA5 00802, Colorado",60621,"PUMA5 00802, Colorado",3726
"G08000803","2010","CO",,,"Colorado","08",,,,,,,,,,,,,,,,,,"00803","79500US0800803","PUMA5 00803, Colorado",53577,"PUMA5 00803, Colorado",4415
"G08000804","2010","CO",,,"Colorado","08",,,,,,,,,,,,,,,,,,"00804","79500US0800804","PUMA5 00804, Colorado",77273,"PUMA5 00804, Colorado",5366
"G08000805","2010","CO",,,"Colorado","08",,,,,,,,,,,,,,,,,,"00805","79500US0800805","PUMA5 00805, Colorado",58009,"PUMA5 00805, Colorado",4984
"G08000806","2010","CO",,,"Colorado","08",,,,,,,,,,,,,,,,,,"00806","79500US0800806","PUMA5 00806, Colorado",52767,"PUMA5 00806, Colorado",3260
"G08000807","2010","CO",,,"Colorado","08",,,,,,,,,,,,,,,,,,"00807","79500US0800807","PUMA5 00807, Colorado",53224,"PUMA5 00807, Colorado",3566
"G08000808","2010","CO",,,"Colorado","08",,,,,,,,,,,,,,,,,,"00808","79500US0800808","PUMA5 00808, Colorado",81186,"PUMA5 00808, Colorado",3519
"G08000809","2010","CO",,,"Colorado","08",,,,,,,,,,,,,,,,,,"00809","79500US0800809","PUMA5 00809, Colorado",45781,"PUMA5 00809, Colorado",3304
"G08000810","2010","CO",,,"Colorado","08",,,,,,,,,,,,,,,,,,"00810","79500US0800810","PUMA5 00810, Colorado",36520,"PUMA5 00810, Colorado",2873
"G08000811","2010","CO",,,"Colorado","08",,,,,,,,,,,,,,,,,,"00811","79500US0800811","PUMA5 00811, Colorado",76758,"PUMA5 00811, Colorado",6680
"G08000812","2010","CO",,,"Colorado","08",,,,,,,,,,,,,,,,,,"00812","79500US0800812","PUMA5 00812, Colorado",48041,"PUMA5 00812, Colorado",3013
"G08000813","2010","CO",,,"Colorado","08",,,,,,,,,,,,,,,,,,"00813","79500US0800813","PUMA5 00813, Colorado",42176,"PUMA5 00813, Colorado",4524
"G08000814","2010","CO",,,"Colorado","08",,,,,,,,,,,,,,,,,,"00814","79500US0800814","PUMA5 00814, Colorado",52618,"PUMA5 00814, Colorado",3622
"G08000815","2010","CO",,,"Colorado","08",,,,,,,,,,,,,,,,,,"00815","79500US0800815","PUMA5 00815, Colorado",41097,"PUMA5 00815, Colorado",3145
"G08000816","2010","CO",,,"Colorado","08",,,,,,,,,,,,,,,,,,"00816","79500US0800816","PUMA5 00816, Colorado",39936,"PUMA5 00816, Colorado",2698
"G08000817","2010","CO",,,"Colorado","08",,,,,,,,,,,,,,,,,,"00817","79500US0800817","PUMA5 00817, Colorado",57965,"PUMA5 00817, Colorado",5381
"G08000818","2010","CO",,,"Colorado","08",,,,,,,,,,,,,,,,,,"00818","79500US0800818","PUMA5 00818, Colorado",48888,"PUMA5 00818, Colorado",3798
"G08000819","2010","CO",,,"Colorado","08",,,,,,,,,,,,,,,,,,"00819","79500US0800819","PUMA5 00819, Colorado",61322,"PUMA5 00819, Colorado",2118
"G08000820","2010","CO",,,"Colorado","08",,,,,,,,,,,,,,,,,,"00820","79500US0800820","PUMA5 00820, Colorado",50595,"PUMA5 00820, Colorado",2525
"G08000821","2010","CO",,,"Colorado","08",,,,,,,,,,,,,,,,,,"00821","79500US0800821","PUMA5 00821, Colorado",99734,"PUMA5 00821, Colorado",3297
"G08000822","2010","CO",,,"Colorado","08",,,,,,,,,,,,,,,,,,"00822","79500US0800822","PUMA5 00822, Colorado",91279,"PUMA5 00822, Colorado",4989
"G08000901","2010","CO",,,"Colorado","08",,,,,,,,,,,,,,,,,,"00901","79500US0800901","PUMA5 00901, Colorado",75041,"PUMA5 00901, Colorado",7722
"G08000902","2010","CO",,,"Colorado","08",,,,,,,,,,,,,,,,,,"00902","79500US0800902","PUMA5 00902, Colorado",47722,"PUMA5 00902, Colorado",5200
"G08000903","2010","CO",,,"Colorado","08",,,,,,,,,,,,,,,,,,"00903","79500US0800903","PUMA5 00903, Colorado",40039,"PUMA5 00903, Colorado",3089
"G08000904","2010","CO",,,"Colorado","08",,,,,,,,,,,,,,,,,,"00904","79500US0800904","PUMA5 00904, Colorado",65478,"PUMA5 00904, Colorado",5981
"G08000905","2010","CO",,,"Colorado","08",,,,,,,,,,,,,,,,,,"00905","79500US0800905","PUMA5 00905, Colorado",37472,"PUMA5 00905, Colorado",2338
"G08001000","2010","CO",,,"Colorado","08",,,,,,,,,,,,,,,,,,"01000","79500US0801000","PUMA5 01000, Colorado",48304,"PUMA5 01000, Colorado",3233
"G09000100","2010","CT",,,"Connecticut","09",,,,,,,,,,,,,,,,,,"00100","79500US0900100","PUMA5 00100, Connecticut",66307,"PUMA5 00100, Connecticut",4882
"G09000200","2010","CT",,,"Connecticut","09",,,,,,,,,,,,,,,,,,"00200","79500US0900200","PUMA5 00200, Connecticut",70749,"PUMA5 00200, Connecticut",4169
"G09000300","2010","CT",,,"Connecticut","09",,,,,,,,,,,,,,,,,,"00300","79500US0900300","PUMA5 00300, Connecticut",58910,"PUMA5 00300, Connecticut",4028
"G09000400","2010","CT",,,"Connecticut","09",,,,,,,,,,,,,,,,,,"00400","79500US0900400","PUMA5 00400, Connecticut",84447,"PUMA5 00400, Connecticut",6052
"G09000500","2010","CT",,,"Connecticut","09",,,,,,,,,,,,,,,,,,"00500","79500US0900500","PUMA5 00500, Connecticut",63490,"PUMA5 00500, Connecticut",4658
"G09000600","2010","CT",,,"Connecticut","09",,,,,,,,,,,,,,,,,,"00600","79500US0900600","PUMA5 00600, Connecticut",47270,"PUMA5 00600, Connecticut",4977
"G09000700","2010","CT",,,"Connecticut","09",,,,,,,,,,,,,,,,,,"00700","79500US0900700","PUMA5 00700, Connecticut",75581,"PUMA5 00700, Connecticut",4378
"G09000800","2010","CT",,,"Connecticut","09",,,,,,,,,,,,,,,,,,"00800","79500US0900800","PUMA5 00800, Connecticut",26499,"PUMA5 00800, Connecticut",2952
"G09000900","2010","CT",,,"Connecticut","09",,,,,,,,,,,,,,,,,,"00900","79500US0900900","PUMA5 00900, Connecticut",75626,"PUMA5 00900, Connecticut",4384
"G09001000","2010","CT",,,"Connecticut","09",,,,,,,,,,,,,,,,,,"01000","79500US0901000","PUMA5 01000, Connecticut",60026,"PUMA5 01000, Connecticut",5768
"G09001100","2010","CT",,,"Connecticut","09",,,,,,,,,,,,,,,,,,"01100","79500US0901100","PUMA5 01100, Connecticut",64266,"PUMA5 01100, Connecticut",5077
"G09001200","2010","CT",,,"Connecticut","09",,,,,,,,,,,,,,,,,,"01200","79500US0901200","PUMA5 01200, Connecticut",60943,"PUMA5 01200, Connecticut",3653
"G09001300","2010","CT",,,"Connecticut","09",,,,,,,,,,,,,,,,,,"01300","79500US0901300","PUMA5 01300, Connecticut",69566,"PUMA5 01300, Connecticut",5761
"G09001400","2010","CT",,,"Connecticut","09",,,,,,,,,,,,,,,,,,"01400","79500US0901400","PUMA5 01400, Connecticut",76836,"PUMA5 01400, Connecticut",10355
"G09001500","2010","CT",,,"Connecticut","09",,,,,,,,,,,,,,,,,,"01500","79500US0901500","PUMA5 01500, Connecticut",60586,"PUMA5 01500, Connecticut",4355
"G09001600","2010","CT",,,"Connecticut","09",,,,,,,,,,,,,,,,,,"01600","79500US0901600","PUMA5 01600, Connecticut",61462,"PUMA5 01600, Connecticut",4599
"G09001700","2010","CT",,,"Connecticut","09",,,,,,,,,,,,,,,,,,"01700","79500US0901700","PUMA5 01700, Connecticut",67235,"PUMA5 01700, Connecticut",5760
"G09001800","2010","CT",,,"Connecticut","09",,,,,,,,,,,,,,,,,,"01800","79500US0901800","PUMA5 01800, Connecticut",74303,"PUMA5 01800, Connecticut",5605
"G09001900","2010","CT",,,"Connecticut","09",,,,,,,,,,,,,,,,,,"01900","79500US0901900","PUMA5 01900, Connecticut",38672,"PUMA5 01900, Connecticut",4573
"G09002000","2010","CT",,,"Connecticut","09",,,,,,,,,,,,,,,,,,"02000","79500US0902000","PUMA5 02000, Connecticut",35122,"PUMA5 02000, Connecticut",6095
"G09002100","2010","CT",,,"Connecticut","09",,,,,,,,,,,,,,,,,,"02100","79500US0902100","PUMA5 02100, Connecticut",78390,"PUMA5 02100, Connecticut",5407
"G09002200","2010","CT",,,"Connecticut","09",,,,,,,,,,,,,,,,,,"02200","79500US0902200","PUMA5 02200, Connecticut",85239,"PUMA5 02200, Connecticut",3966
"G09002300","2010","CT",,,"Connecticut","09",,,,,,,,,,,,,,,,,,"02300","79500US0902300","PUMA5 02300, Connecticut",99152,"PUMA5 02300, Connecticut",5323
"G09002400","2010","CT",,,"Connecticut","09",,,,,,,,,,,,,,,,,,"02400","79500US0902400","PUMA5 02400, Connecticut",38919,"PUMA5 02400, Connecticut",4658
"G09002500","2010","CT",,,"Connecticut","09",,,,,,,,,,,,,,,,,,"02500","79500US0902500","PUMA5 02500, Connecticut",66565,"PUMA5 02500, Connecticut",5255
"G10000101","2010","DE",,,"Delaware","10",,,,,,,,,,,,,,,,,,"00101","79500US1000101","PUMA5 00101, Delaware",44353,"PUMA5 00101, Delaware",3144
"G10000102","2010","DE",,,"Delaware","10",,,,,,,,,,,,,,,,,,"00102","79500US1000102","PUMA5 00102, Delaware",87695,"PUMA5 00102, Delaware",4174
"G10000103","2010","DE",,,"Delaware","10",,,,,,,,,,,,,,,,,,"00103","79500US1000103","PUMA5 00103, Delaware",50707,"PUMA5 00103, Delaware",3363
"G10000104","2010","DE",,,"Delaware","10",,,,,,,,,,,,,,,,,,"00104","79500US1000104","PUMA5 00104, Delaware",75467,"PUMA5 00104, Delaware",4867
"G10000200","2010","DE",,,"Delaware","10",,,,,,,,,,,,,,,,,,"00200","79500US1000200","PUMA5 00200, Delaware",54617,"PUMA5 00200, Delaware",5424
"G10000300","2010","DE",,,"Delaware","10",,,,,,,,,,,,,,,,,,"00300","79500US1000300","PUMA5 00300, Delaware",49006,"PUMA5 00300, Delaware",1795
"G11000101","2010","DC",,,"District Of Columbia","11",,,,,,,,,,,,,,,,,,"00101","79500US1100101","PUMA5 00101, District of Columbia",104777,"PUMA5 00101, District of Columbia",6754
"G11000102","2010","DC",,,"District Of Columbia","11",,,,,,,,,,,,,,,,,,"00102","79500US1100102","PUMA5 00102, District of Columbia",57193,"PUMA5 00102, District of Columbia",5749
"G11000103","2010","DC",,,"District Of Columbia","11",,,,,,,,,,,,,,,,,,"00103","79500US1100103","PUMA5 00103, District of Columbia",56885,"PUMA5 00103, District of Columbia",5415
"G11000104","2010","DC",,,"District Of Columbia","11",,,,,,,,,,,,,,,,,,"00104","79500US1100104","PUMA5 00104, District of Columbia",31749,"PUMA5 00104, District of Columbia",2519
"G11000105","2010","DC",,,"District Of Columbia","11",,,,,,,,,,,,,,,,,,"00105","79500US1100105","PUMA5 00105, District of Columbia",75838,"PUMA5 00105, District of Columbia",3218
"G12000101","2010","FL",,,"Florida","12",,,,,,,,,,,,,,,,,,"00101","79500US1200101","PUMA5 00101, Florida",37704,"PUMA5 00101, Florida",2517
"G12000102","2010","FL",,,"Florida","12",,,,,,,,,,,,,,,,,,"00102","79500US1200102","PUMA5 00102, Florida",46699,"PUMA5 00102, Florida",3734
"G12000200","2010","FL",,,"Florida","12",,,,,,,,,,,,,,,,,,"00200","79500US1200200","PUMA5 00200, Florida",50517,"PUMA5 00200, Florida",3859
"G12000300","2010","FL",,,"Florida","12",,,,,,,,,,,,,,,,,,"00300","79500US1200300","PUMA5 00300, Florida",51529,"PUMA5 00300, Florida",2532
"G12000400","2010","FL",,,"Florida","12",,,,,,,,,,,,,,,,,,"00400","79500US1200400","PUMA5 00400, Florida",42117,"PUMA5 00400, Florida",4063
"G12000500","2010","FL",,,"Florida","12",,,,,,,,,,,,,,,,,,"00500","79500US1200500","PUMA5 00500, Florida",44881,"PUMA5 00500, Florida",2885
"G12000600","2010","FL",,,"Florida","12",,,,,,,,,,,,,,,,,,"00600","79500US1200600","PUMA5 00600, Florida",39128,"PUMA5 00600, Florida",2976
"G12000701","2010","FL",,,"Florida","12",,,,,,,,,,,,,,,,,,"00701","79500US1200701","PUMA5 00701, Florida",36760,"PUMA5 00701, Florida",2065
"G12000702","2010","FL",,,"Florida","12",,,,,,,,,,,,,,,,,,"00702","79500US1200702","PUMA5 00702, Florida",50166,"PUMA5 00702, Florida",5892
"G12000800","2010","FL",,,"Florida","12",,,,,,,,,,,,,,,,,,"00800","79500US1200800","PUMA5 00800, Florida",36495,"PUMA5 00800, Florida",2398
"G12000900","2010","FL",,,"Florida","12",,,,,,,,,,,,,,,,,,"00900","79500US1200900","PUMA5 00900, Florida",35228,"PUMA5 00900, Florida",2221
"G12001001","2010","FL",,,"Florida","12",,,,,,,,,,,,,,,,,,"01001","79500US1201001","PUMA5 01001, Florida",33212,"PUMA5 01001, Florida",3876
"G12001002","2010","FL",,,"Florida","12",,,,,,,,,,,,,,,,,,"01002","79500US1201002","PUMA5 01002, Florida",46827,"PUMA5 01002, Florida",2895
"G12001101","2010","FL",,,"Florida","12",,,,,,,,,,,,,,,,,,"01101","79500US1201101","PUMA5 01101, Florida",52856,"PUMA5 01101, Florida",4559
"G12001102","2010","FL",,,"Florida","12",,,,,,,,,,,,,,,,,,"01102","79500US1201102","PUMA5 01102, Florida",24460,"PUMA5 01102, Florida",1635
"G12001103","2010","FL",,,"Florida","12",,,,,,,,,,,,,,,,,,"01103","79500US1201103","PUMA5 01103, Florida",43092,"PUMA5 01103, Florida",3088
"G12001104","2010","FL",,,"Florida","12",,,,,,,,,,,,,,,,,,"01104","79500US1201104","PUMA5 01104, Florida",54780,"PUMA5 01104, Florida",4564
"G12001105","2010","FL",,,"Florida","12",,,,,,,,,,,,,,,,,,"01105","79500US1201105","PUMA5 01105, Florida",55026,"PUMA5 01105, Florida",4395
"G12001106","2010","FL",,,"Florida","12",,,,,,,,,,,,,,,,,,"01106","79500US1201106","PUMA5 01106, Florida",51268,"PUMA5 01106, Florida",4711
"G12001107","2010","FL",,,"Florida","12",,,,,,,,,,,,,,,,,,"01107","79500US1201107","PUMA5 01107, Florida",46858,"PUMA5 01107, Florida",2699
"G12001200","2010","FL",,,"Florida","12",,,,,,,,,,,,,,,,,,"01200","79500US1201200","PUMA5 01200, Florida",58888,"PUMA5 01200, Florida",4662
"G12001300","2010","FL",,,"Florida","12",,,,,,,,,,,,,,,,,,"01300","79500US1201300","PUMA5 01300, Florida",58263,"PUMA5 01300, Florida",3490
"G12001400","2010","FL",,,"Florida","12",,,,,,,,,,,,,,,,,,"01400","79500US1201400","PUMA5 01400, Florida",39150,"PUMA5 01400, Florida",3096
"G12001501","2010","FL",,,"Florida","12",,,,,,,,,,,,,,,,,,"01501","79500US1201501","PUMA5 01501, Florida",37730,"PUMA5 01501, Florida",3451
"G12001502","2010","FL",,,"Florida","12",,,,,,,,,,,,,,,,,,"01502","79500US1201502","PUMA5 01502, Florida",36802,"PUMA5 01502, Florida",1782
"G12001600","2010","FL",,,"Florida","12",,,,,,,,,,,,,,,,,,"01600","79500US1201600","PUMA5 01600, Florida",38875,"PUMA5 01600, Florida",1745
"G12001700","2010","FL",,,"Florida","12",,,,,,,,,,,,,,,,,,"01700","79500US1201700","PUMA5 01700, Florida",37459,"PUMA5 01700, Florida",2448
"G12001801","2010","FL",,,"Florida","12",,,,,,,,,,,,,,,,,,"01801","79500US1201801","PUMA5 01801, Florida",44384,"PUMA5 01801, Florida",4094
"G12001802","2010","FL",,,"Florida","12",,,,,,,,,,,,,,,,,,"01802","79500US1201802","PUMA5 01802, Florida",39212,"PUMA5 01802, Florida",3930
"G12001901","2010","FL",,,"Florida","12",,,,,,,,,,,,,,,,,,"01901","79500US1201901","PUMA5 01901, Florida",47845,"PUMA5 01901, Florida",2410
"G12001902","2010","FL",,,"Florida","12",,,,,,,,,,,,,,,,,,"01902","79500US1201902","PUMA5 01902, Florida",31988,"PUMA5 01902, Florida",1588
"G12001903","2010","FL",,,"Florida","12",,,,,,,,,,,,,,,,,,"01903","79500US1201903","PUMA5 01903, Florida",42181,"PUMA5 01903, Florida",3685
"G12002001","2010","FL",,,"Florida","12",,,,,,,,,,,,,,,,,,"02001","79500US1202001","PUMA5 02001, Florida",62005,"PUMA5 02001, Florida",2772
"G12002002","2010","FL",,,"Florida","12",,,,,,,,,,,,,,,,,,"02002","79500US1202002","PUMA5 02002, Florida",50051,"PUMA5 02002, Florida",4871
"G12002003","2010","FL",,,"Florida","12",,,,,,,,,,,,,,,,,,"02003","79500US1202003","PUMA5 02003, Florida",58062,"PUMA5 02003, Florida",3543
"G12002101","2010","FL",,,"Florida","12",,,,,,,,,,,,,,,,,,"02101","79500US1202101","PUMA5 02101, Florida",47102,"PUMA5 02101, Florida",3239
"G12002102","2010","FL",,,"Florida","12",,,,,,,,,,,,,,,,,,"02102","79500US1202102","PUMA5 02102, Florida",54496,"PUMA5 02102, Florida",4931
"G12002103","2010","FL",,,"Florida","12",,,,,,,,,,,,,,,,,,"02103","79500US1202103","PUMA5 02103, Florida",44235,"PUMA5 02103, Florida",3344
"G12002104","2010","FL",,,"Florida","12",,,,,,,,,,,,,,,,,,"02104","79500US1202104","PUMA5 02104, Florida",41031,"PUMA5 02104, Florida",2945
"G12002201","2010","FL",,,"Florida","12",,,,,,,,,,,,,,,,,,"02201","79500US1202201","PUMA5 02201, Florida",49639,"PUMA5 02201, Florida",3242
"G12002202","2010","FL",,,"Florida","12",,,,,,,,,,,,,,,,,,"02202","79500US1202202","PUMA5 02202, Florida",55421,"PUMA5 02202, Florida",3426
"G12002203","2010","FL",,,"Florida","12",,,,,,,,,,,,,,,,,,"02203","79500US1202203","PUMA5 02203, Florida",37839,"PUMA5 02203, Florida",3054
"G12002204","2010","FL",,,"Florida","12",,,,,,,,,,,,,,,,,,"02204","79500US1202204","PUMA5 02204, Florida",34910,"PUMA5 02204, Florida",2386
"G12002205","2010","FL",,,"Florida","12",,,,,,,,,,,,,,,,,,"02205","79500US1202205","PUMA5 02205, Florida",50599,"PUMA5 02205, Florida",8810
"G12002206","2010","FL",,,"Florida","12",,,,,,,,,,,,,,,,,,"02206","79500US1202206","PUMA5 02206, Florida",35072,"PUMA5 02206, Florida",2400
"G12002207","2010","FL",,,"Florida","12",,,,,,,,,,,,,,,,,,"02207","79500US1202207","PUMA5 02207, Florida",54882,"PUMA5 02207, Florida",4820
"G12002300","2010","FL",,,"Florida","12",,,,,,,,,,,,,,,,,,"02300","79500US1202300","PUMA5 02300, Florida",42413,"PUMA5 02300, Florida",2020
"G12002401","2010","FL",,,"Florida","12",,,,,,,,,,,,,,,,,,"02401","79500US1202401","PUMA5 02401, Florida",41783,"PUMA5 02401, Florida",2348
"G12002402","2010","FL",,,"Florida","12",,,,,,,,,,,,,,,,,,"02402","79500US1202402","PUMA5 02402, Florida",38276,"PUMA5 02402, Florida",4183
"G12002403","2010","FL",,,"Florida","12",,,,,,,,,,,,,,,,,,"02403","79500US1202403","PUMA5 02403, Florida",35796,"PUMA5 02403, Florida",1702
"G12002404","2010","FL",,,"Florida","12",,,,,,,,,,,,,,,,,,"02404","79500US1202404","PUMA5 02404, Florida",49709,"PUMA5 02404, Florida",3129
"G12002501","2010","FL",,,"Florida","12",,,,,,,,,,,,,,,,,,"02501","79500US1202501","PUMA5 02501, Florida",50911,"PUMA5 02501, Florida",2416
"G12002502","2010","FL",,,"Florida","12",,,,,,,,,,,,,,,,,,"02502","79500US1202502","PUMA5 02502, Florida",40681,"PUMA5 02502, Florida",3210
"G12002503","2010","FL",,,"Florida","12",,,,,,,,,,,,,,,,,,"02503","79500US1202503","PUMA5 02503, Florida",34247,"PUMA5 02503, Florida",4041
"G12002601","2010","FL",,,"Florida","12",,,,,,,,,,,,,,,,,,"02601","79500US1202601","PUMA5 02601, Florida",50242,"PUMA5 02601, Florida",4054
"G12002602","2010","FL",,,"Florida","12",,,,,,,,,,,,,,,,,,"02602","79500US1202602","PUMA5 02602, Florida",43563,"PUMA5 02602, Florida",3972
"G12002603","2010","FL",,,"Florida","12",,,,,,,,,,,,,,,,,,"02603","79500US1202603","PUMA5 02603, Florida",37318,"PUMA5 02603, Florida",3721
"G12002604","2010","FL",,,"Florida","12",,,,,,,,,,,,,,,,,,"02604","79500US1202604","PUMA5 02604, Florida",38883,"PUMA5 02604, Florida",4195
"G12002605","2010","FL",,,"Florida","12",,,,,,,,,,,,,,,,,,"02605","79500US1202605","PUMA5 02605, Florida",45998,"PUMA5 02605, Florida",2020
"G12002606","2010","FL",,,"Florida","12",,,,,,,,,,,,,,,,,,"02606","79500US1202606","PUMA5 02606, Florida",38981,"PUMA5 02606, Florida",2747
"G12002607","2010","FL",,,"Florida","12",,,,,,,,,,,,,,,,,,"02607","79500US1202607","PUMA5 02607, Florida",42650,"PUMA5 02607, Florida",3080
"G12002608","2010","FL",,,"Florida","12",,,,,,,,,,,,,,,,,,"02608","79500US1202608","PUMA5 02608, Florida",45829,"PUMA5 02608, Florida",4237
"G12002701","2010","FL",,,"Florida","12",,,,,,,,,,,,,,,,,,"02701","79500US1202701","PUMA5 02701, Florida",28971,"PUMA5 02701, Florida",2550
"G12002702","2010","FL",,,"Florida","12",,,,,,,,,,,,,,,,,,"02702","79500US1202702","PUMA5 02702, Florida",49961,"PUMA5 02702, Florida",2624
"G12002703","2010","FL",,,"Florida","12",,,,,,,,,,,,,,,,,,"02703","79500US1202703","PUMA5 02703, Florida",53696,"PUMA5 02703, Florida",3571
"G12002704","2010","FL",,,"Florida","12",,,,,,,,,,,,,,,,,,"02704","79500US1202704","PUMA5 02704, Florida",46897,"PUMA5 02704, Florida",3667
"G12002705","2010","FL",,,"Florida","12",,,,,,,,,,,,,,,,,,"02705","79500US1202705","PUMA5 02705, Florida",40939,"PUMA5 02705, Florida",2393
"G12002706","2010","FL",,,"Florida","12",,,,,,,,,,,,,,,,,,"02706","79500US1202706","PUMA5 02706, Florida",42435,"PUMA5 02706, Florida",4643
"G12002707","2010","FL",,,"Florida","12",,,,,,,,,,,,,,,,,,"02707","79500US1202707","PUMA5 02707, Florida",50107,"PUMA5 02707, Florida",2312
"G12002708","2010","FL",,,"Florida","12",,,,,,,,,,,,,,,,,,"02708","79500US1202708","PUMA5 02708, Florida",54171,"PUMA5 02708, Florida",5007
"G12002801","2010","FL",,,"Florida","12",,,,,,,,,,,,,,,,,,"02801","79500US1202801","PUMA5 02801, Florida",40103,"PUMA5 02801, Florida",3492
"G12002802","2010","FL",,,"Florida","12",,,,,,,,,,,,,,,,,,"02802","79500US1202802","PUMA5 02802, Florida",49629,"PUMA5 02802, Florida",2983
"G12002901","2010","FL",,,"Florida","12",,,,,,,,,,,,,,,,,,"02901","79500US1202901","PUMA5 02901, Florida",45303,"PUMA5 02901, Florida",3450
"G12002902","2010","FL",,,"Florida","12",,,,,,,,,,,,,,,,,,"02902","79500US1202902","PUMA5 02902, Florida",45845,"PUMA5 02902, Florida",2045
"G12003000","2010","FL",,,"Florida","12",,,,,,,,,,,,,,,,,,"03000","79500US1203000","PUMA5 03000, Florida",42031,"PUMA5 03000, Florida",3030
"G12003100","2010","FL",,,"Florida","12",,,,,,,,,,,,,,,,,,"03100","79500US1203100","PUMA5 03100, Florida",35540,"PUMA5 03100, Florida",2470
"G12003200","2010","FL",,,"Florida","12",,,,,,,,,,,,,,,,,,"03200","79500US1203200","PUMA5 03200, Florida",44795,"PUMA5 03200, Florida",4063
"G12003300","2010","FL",,,"Florida","12",,,,,,,,,,,,,,,,,,"03300","79500US1203300","PUMA5 03300, Florida",38671,"PUMA5 03300, Florida",1920
"G12003400","2010","FL",,,"Florida","12",,,,,,,,,,,,,,,,,,"03400","79500US1203400","PUMA5 03400, Florida",48311,"PUMA5 03400, Florida",3687
"G12003501","2010","FL",,,"Florida","12",,,,,,,,,,,,,,,,,,"03501","79500US1203501","PUMA5 03501, Florida",59310,"PUMA5 03501, Florida",5979
"G12003502","2010","FL",,,"Florida","12",,,,,,,,,,,,,,,,,,"03502","79500US1203502","PUMA5 03502, Florida",38058,"PUMA5 03502, Florida",2875
"G12003503","2010","FL",,,"Florida","12",,,,,,,,,,,,,,,,,,"03503","79500US1203503","PUMA5 03503, Florida",40215,"PUMA5 03503, Florida",2871
"G12003504","2010","FL",,,"Florida","12",,,,,,,,,,,,,,,,,,"03504","79500US1203504","PUMA5 03504, Florida",44715,"PUMA5 03504, Florida",3342
"G12003505","2010","FL",,,"Florida","12",,,,,,,,,,,,,,,,,,"03505","79500US1203505","PUMA5 03505, Florida",46912,"PUMA5 03505, Florida",3806
"G12003506","2010","FL",,,"Florida","12",,,,,,,,,,,,,,,,,,"03506","79500US1203506","PUMA5 03506, Florida",45297,"PUMA5 03506, Florida",3751
"G12003507","2010","FL",,,"Florida","12",,,,,,,,,,,,,,,,,,"03507","79500US1203507","PUMA5 03507, Florida",64838,"PUMA5 03507, Florida",7037
"G12003508","2010","FL",,,"Florida","12",,,,,,,,,,,,,,,,,,"03508","79500US1203508","PUMA5 03508, Florida",54271,"PUMA5 03508, Florida",5501
"G12003509","2010","FL",,,"Florida","12",,,,,,,,,,,,,,,,,,"03509","79500US1203509","PUMA5 03509, Florida",64271,"PUMA5 03509, Florida",5465
"G12003601","2010","FL",,,"Florida","12",,,,,,,,,,,,,,,,,,"03601","79500US1203601","PUMA5 03601, Florida",69544,"PUMA5 03601, Florida",6563
"G12003602","2010","FL",,,"Florida","12",,,,,,,,,,,,,,,,,,"03602","79500US1203602","PUMA5 03602, Florida",45842,"PUMA5 03602, Florida",4557
"G12003603","2010","FL",,,"Florida","12",,,,,,,,,,,,,,,,,,"03603","79500US1203603","PUMA5 03603, Florida",34473,"PUMA5 03603, Florida",3878
"G12003604","2010","FL",,,"Florida","12",,,,,,,,,,,,,,,,,,"03604","79500US1203604","PUMA5 03604, Florida",38304,"PUMA5 03604, Florida",4649
"G12003605","2010","FL",,,"Florida","12",,,,,,,,,,,,,,,,,,"03605","79500US1203605","PUMA5 03605, Florida",43118,"PUMA5 03605, Florida",3185
"G12003606","2010","FL",,,"Florida","12",,,,,,,,,,,,,,,,,,"03606","79500US1203606","PUMA5 03606, Florida",39173,"PUMA5 03606, Florida",3247
"G12003607","2010","FL",,,"Florida","12",,,,,,,,,,,,,,,,,,"03607","79500US1203607","PUMA5 03607, Florida",37264,"PUMA5 03607, Florida",3817
"G12003608","2010","FL",,,"Florida","12",,,,,,,,,,,,,,,,,,"03608","79500US1203608","PUMA5 03608, Florida",50773,"PUMA5 03608, Florida",2330
"G12003609","2010","FL",,,"Florida","12",,,,,,,,,,,,,,,,,,"03609","79500US1203609","PUMA5 03609, Florida",43580,"PUMA5 03609, Florida",4493
"G12003610","2010","FL",,,"Florida","12",,,,,,,,,,,,,,,,,,"03610","79500US1203610","PUMA5 03610, Florida",81015,"PUMA5 03610, Florida",5185
"G12003611","2010","FL",,,"Florida","12",,,,,,,,,,,,,,,,,,"03611","79500US1203611","PUMA5 03611, Florida",60122,"PUMA5 03611, Florida",5625
"G12003612","2010","FL",,,"Florida","12",,,,,,,,,,,,,,,,,,"03612","79500US1203612","PUMA5 03612, Florida",57025,"PUMA5 03612, Florida",4271
"G12003613","2010","FL",,,"Florida","12",,,,,,,,,,,,,,,,,,"03613","79500US1203613","PUMA5 03613, Florida",36948,"PUMA5 03613, Florida",1987
"G12003701","2010","FL",,,"Florida","12",,,,,,,,,,,,,,,,,,"03701","79500US1203701","PUMA5 03701, Florida",55560,"PUMA5 03701, Florida",2790
"G12003702","2010","FL",,,"Florida","12",,,,,,,,,,,,,,,,,,"03702","79500US1203702","PUMA5 03702, Florida",49831,"PUMA5 03702, Florida",2735
"G12003800","2010","FL",,,"Florida","12",,,,,,,,,,,,,,,,,,"03800","79500US1203800","PUMA5 03800, Florida",44867,"PUMA5 03800, Florida",3237
"G12003901","2010","FL",,,"Florida","12",,,,,,,,,,,,,,,,,,"03901","79500US1203901","PUMA5 03901, Florida",51178,"PUMA5 03901, Florida",4055
"G12003902","2010","FL",,,"Florida","12",,,,,,,,,,,,,,,,,,"03902","79500US1203902","PUMA5 03902, Florida",42081,"PUMA5 03902, Florida",3601
"G12003903","2010","FL",,,"Florida","12",,,,,,,,,,,,,,,,,,"03903","79500US1203903","PUMA5 03903, Florida",38144,"PUMA5 03903, Florida",2533
"G12004001","2010","FL",,,"Florida","12",,,,,,,,,,,,,,,,,,"04001","79500US1204001","PUMA5 04001, Florida",43904,"PUMA5 04001, Florida",4844
"G12004002","2010","FL",,,"Florida","12",,,,,,,,,,,,,,,,,,"04002","79500US1204002","PUMA5 04002, Florida",42045,"PUMA5 04002, Florida",4857
"G12004003","2010","FL",,,"Florida","12",,,,,,,,,,,,,,,,,,"04003","79500US1204003","PUMA5 04003, Florida",49099,"PUMA5 04003, Florida",2590
"G12004004","2010","FL",,,"Florida","12",,,,,,,,,,,,,,,,,,"04004","79500US1204004","PUMA5 04004, Florida",35250,"PUMA5 04004, Florida",4926
"G12004005","2010","FL",,,"Florida","12",,,,,,,,,,,,,,,,,,"04005","79500US1204005","PUMA5 04005, Florida",25699,"PUMA5 04005, Florida",1983
"G12004006","2010","FL",,,"Florida","12",,,,,,,,,,,,,,,,,,"04006","79500US1204006","PUMA5 04006, Florida",27716,"PUMA5 04006, Florida",3748
"G12004007","2010","FL",,,"Florida","12",,,,,,,,,,,,,,,,,,"04007","79500US1204007","PUMA5 04007, Florida",35577,"PUMA5 04007, Florida",3062
"G12004008","2010","FL",,,"Florida","12",,,,,,,,,,,,,,,,,,"04008","79500US1204008","PUMA5 04008, Florida",41286,"PUMA5 04008, Florida",2682
"G12004009","2010","FL",,,"Florida","12",,,,,,,,,,,,,,,,,,"04009","79500US1204009","PUMA5 04009, Florida",24383,"PUMA5 04009, Florida",3673
"G12004010","2010","FL",,,"Florida","12",,,,,,,,,,,,,,,,,,"04010","79500US1204010","PUMA5 04010, Florida",30413,"PUMA5 04010, Florida",3152
"G12004011","2010","FL",,,"Florida","12",,,,,,,,,,,,,,,,,,"04011","79500US1204011","PUMA5 04011, Florida",29899,"PUMA5 04011, Florida",2648
"G12004012","2010","FL",,,"Florida","12",,,,,,,,,,,,,,,,,,"04012","79500US1204012","PUMA5 04012, Florida",45177,"PUMA5 04012, Florida",4770
"G12004013","2010","FL",,,"Florida","12",,,,,,,,,,,,,,,,,,"04013","79500US1204013","PUMA5 04013, Florida",48234,"PUMA5 04013, Florida",3110
"G12004014","2010","FL",,,"Florida","12",,,,,,,,,,,,,,,,,,"04014","79500US1204014","PUMA5 04014, Florida",50845,"PUMA5 04014, Florida",4179
"G12004015","2010","FL",,,"Florida","12",,,,,,,,,,,,,,,,,,"04015","79500US1204015","PUMA5 04015, Florida",53789,"PUMA5 04015, Florida",3468
"G12004016","2010","FL",,,"Florida","12",,,,,,,,,,,,,,,,,,"04016","79500US1204016","PUMA5 04016, Florida",50717,"PUMA5 04016, Florida",4504
"G12004017","2010","FL",,,"Florida","12",,,,,,,,,,,,,,,,,,"04017","79500US1204017","PUMA5 04017, Florida",58818,"PUMA5 04017, Florida",6372
"G12004018","2010","FL",,,"Florida","12",,,,,,,,,,,,,,,,,,"04018","79500US1204018","PUMA5 04018, Florida",60533,"PUMA5 04018, Florida",5768
"G12004019","2010","FL",,,"Florida","12",,,,,,,,,,,,,,,,,,"04019","79500US1204019","PUMA5 04019, Florida",35402,"PUMA5 04019, Florida",2730
"G12004020","2010","FL",,,"Florida","12",,,,,,,,,,,,,,,,,,"04020","79500US1204020","PUMA5 04020, Florida",45607,"PUMA5 04020, Florida",4385
"G13000100","2010","GA",,,"Georgia","13",,,,,,,,,,,,,,,,,,"00100","79500US1300100","PUMA5 00100, Georgia",41417,"PUMA5 00100, Georgia",2710
"G13000200","2010","GA",,,"Georgia","13",,,,,,,,,,,,,,,,,,"00200","79500US1300200","PUMA5 00200, Georgia",39516,"PUMA5 00200, Georgia",3091
"G13000300","2010","GA",,,"Georgia","13",,,,,,,,,,,,,,,,,,"00300","79500US1300300","PUMA5 00300, Georgia",39466,"PUMA5 00300, Georgia",3243
"G13000400","2010","GA",,,"Georgia","13",,,,,,,,,,,,,,,,,,"00400","79500US1300400","PUMA5 00400, Georgia",39856,"PUMA5 00400, Georgia",2706
"G13000500","2010","GA",,,"Georgia","13",,,,,,,,,,,,,,,,,,"00500","79500US1300500","PUMA5 00500, Georgia",40814,"PUMA5 00500, Georgia",2553
"G13000600","2010","GA",,,"Georgia","13",,,,,,,,,,,,,,,,,,"00600","79500US1300600","PUMA5 00600, Georgia",47002,"PUMA5 00600, Georgia",2277
"G13000700","2010","GA",,,"Georgia","13",,,,,,,,,,,,,,,,,,"00700","79500US1300700","PUMA5 00700, Georgia",52172,"PUMA5 00700, Georgia",3276
"G13000800","2010","GA",,,"Georgia","13",,,,,,,,,,,,,,,,,,"00800","79500US1300800","PUMA5 00800, Georgia",68320,"PUMA5 00800, Georgia",4858
"G13000900","2010","GA",,,"Georgia","13",,,,,,,,,,,,,,,,,,"00900","79500US1300900","PUMA5 00900, Georgia",51858,"PUMA5 00900, Georgia",4234
"G13001000","2010","GA",,,"Georgia","13",,,,,,,,,,,,,,,,,,"01000","79500US1301000","PUMA5 01000, Georgia",41318,"PUMA5 01000, Georgia",2804
"G13001101","2010","GA",,,"Georgia","13",,,,,,,,,,,,,,,,,,"01101","79500US1301101","PUMA5 01101, Georgia",97197,"PUMA5 01101, Georgia",6538
"G13001102","2010","GA",,,"Georgia","13",,,,,,,,,,,,,,,,,,"01102","79500US1301102","PUMA5 01102, Georgia",62927,"PUMA5 01102, Georgia",3990
"G13001103","2010","GA",,,"Georgia","13",,,,,,,,,,,,,,,,,,"01103","79500US1301103","PUMA5 01103, Georgia",72101,"PUMA5 01103, Georgia",6703
"G13001104","2010","GA",,,"Georgia","13",,,,,,,,,,,,,,,,,,"01104","79500US1301104","PUMA5 01104, Georgia",41700,"PUMA5 01104, Georgia",2500
"G13001105","2010","GA",,,"Georgia","13",,,,,,,,,,,,,,,,,,"01105","79500US1301105","PUMA5 01105, Georgia",31360,"PUMA5 01105, Georgia",2665
"G13001106","2010","GA",,,"Georgia","13",,,,,,,,,,,,,,,,,,"01106","79500US1301106","PUMA5 01106, Georgia",19761,"PUMA5 01106, Georgia",2129
"G13001107","2010","GA",,,"Georgia","13",,,,,,,,,,,,,,,,,,"01107","79500US1301107","PUMA5 01107, Georgia",42605,"PUMA5 01107, Georgia",3539
"G13001201","2010","GA",,,"Georgia","13",,,,,,,,,,,,,,,,,,"01201","79500US1301201","PUMA5 01201, Georgia",48903,"PUMA5 01201, Georgia",4981
"G13001202","2010","GA",,,"Georgia","13",,,,,,,,,,,,,,,,,,"01202","79500US1301202","PUMA5 01202, Georgia",56598,"PUMA5 01202, Georgia",5641
"G13001203","2010","GA",,,"Georgia","13",,,,,,,,,,,,,,,,,,"01203","79500US1301203","PUMA5 01203, Georgia",45185,"PUMA5 01203, Georgia",4242
"G13001204","2010","GA",,,"Georgia","13",,,,,,,,,,,,,,,,,,"01204","79500US1301204","PUMA5 01204, Georgia",35441,"PUMA5 01204, Georgia",3139
"G13001205","2010","GA",,,"Georgia","13",,,,,,,,,,,,,,,,,,"01205","79500US1301205","PUMA5 01205, Georgia",43292,"PUMA5 01205, Georgia",3856
"G13001206","2010","GA",,,"Georgia","13",,,,,,,,,,,,,,,,,,"01206","79500US1301206","PUMA5 01206, Georgia",50634,"PUMA5 01206, Georgia",2858
"G13001301","2010","GA",,,"Georgia","13",,,,,,,,,,,,,,,,,,"01301","79500US1301301","PUMA5 01301, Georgia",47858,"PUMA5 01301, Georgia",3864
"G13001302","2010","GA",,,"Georgia","13",,,,,,,,,,,,,,,,,,"01302","79500US1301302","PUMA5 01302, Georgia",98509,"PUMA5 01302, Georgia",5562
"G13001303","2010","GA",,,"Georgia","13",,,,,,,,,,,,,,,,,,"01303","79500US1301303","PUMA5 01303, Georgia",51486,"PUMA5 01303, Georgia",4924
"G13001304","2010","GA",,,"Georgia","13",,,,,,,,,,,,,,,,,,"01304","79500US1301304","PUMA5 01304, Georgia",49941,"PUMA5 01304, Georgia",4098
"G13001305","2010","GA",,,"Georgia","13",,,,,,,,,,,,,,,,,,"01305","79500US1301305","PUMA5 01305, Georgia",67535,"PUMA5 01305, Georgia",5265
"G13001401","2010","GA",,,"Georgia","13",,,,,,,,,,,,,,,,,,"01401","79500US1301401","PUMA5 01401, Georgia",32012,"PUMA5 01401, Georgia",1895
"G13001402","2010","GA",,,"Georgia","13",,,,,,,,,,,,,,,,,,"01402","79500US1301402","PUMA5 01402, Georgia",39164,"PUMA5 01402, Georgia",3669
"G13001501","2010","GA",,,"Georgia","13",,,,,,,,,,,,,,,,,,"01501","79500US1301501","PUMA5 01501, Georgia",50238,"PUMA5 01501, Georgia",2947
"G13001502","2010","GA",,,"Georgia","13",,,,,,,,,,,,,,,,,,"01502","79500US1301502","PUMA5 01502, Georgia",70596,"PUMA5 01502, Georgia",3759
"G13001503","2010","GA",,,"Georgia","13",,,,,,,,,,,,,,,,,,"01503","79500US1301503","PUMA5 01503, Georgia",65451,"PUMA5 01503, Georgia",5676
"G13001504","2010","GA",,,"Georgia","13",,,,,,,,,,,,,,,,,,"01504","79500US1301504","PUMA5 01504, Georgia",44278,"PUMA5 01504, Georgia",3441
"G13001505","2010","GA",,,"Georgia","13",,,,,,,,,,,,,,,,,,"01505","79500US1301505","PUMA5 01505, Georgia",50775,"PUMA5 01505, Georgia",5038
"G13001600","2010","GA",,,"Georgia","13",,,,,,,,,,,,,,,,,,"01600","79500US1301600","PUMA5 01600, Georgia",52218,"PUMA5 01600, Georgia",2653
"G13001700","2010","GA",,,"Georgia","13",,,,,,,,,,,,,,,,,,"01700","79500US1301700","PUMA5 01700, Georgia",57336,"PUMA5 01700, Georgia",5143
"G13001800","2010","GA",,,"Georgia","13",,,,,,,,,,,,,,,,,,"01800","79500US1301800","PUMA5 01800, Georgia",50759,"PUMA5 01800, Georgia",2445
"G13001900","2010","GA",,,"Georgia","13",,,,,,,,,,,,,,,,,,"01900","79500US1301900","PUMA5 01900, Georgia",61834,"PUMA5 01900, Georgia",3261
"G13002000","2010","GA",,,"Georgia","13",,,,,,,,,,,,,,,,,,"02000","79500US1302000","PUMA5 02000, Georgia",57000,"PUMA5 02000, Georgia",3000
"G13002100","2010","GA",,,"Georgia","13",,,,,,,,,,,,,,,,,,"02100","79500US1302100","PUMA5 02100, Georgia",36521,"PUMA5 02100, Georgia",2550
"G13002200","2010","GA",,,"Georgia","13",,,,,,,,,,,,,,,,,,"02200","79500US1302200","PUMA5 02200, Georgia",29864,"PUMA5 02200, Georgia",2879
"G13002300","2010","GA",,,"Georgia","13",,,,,,,,,,,,,,,,,,"02300","79500US1302300","PUMA5 02300, Georgia",39152,"PUMA5 02300, Georgia",2651
"G13002400","2010","GA",,,"Georgia","13",,,,,,,,,,,,,,,,,,"02400","79500US1302400","PUMA5 02400, Georgia",56992,"PUMA5 02400, Georgia",3627
"G13002500","2010","GA",,,"Georgia","13",,,,,,,,,,,,,,,,,,"02500","79500US1302500","PUMA5 02500, Georgia",30918,"PUMA5 02500, Georgia",1934
"G13002600","2010","GA",,,"Georgia","13",,,,,,,,,,,,,,,,,,"02600","79500US1302600","PUMA5 02600, Georgia",36636,"PUMA5 02600, Georgia",3032
"G13002700","2010","GA",,,"Georgia","13",,,,,,,,,,,,,,,,,,"02700","79500US1302700","PUMA5 02700, Georgia",35651,"PUMA5 02700, Georgia",3103
"G13002800","2010","GA",,,"Georgia","13",,,,,,,,,,,,,,,,,,"02800","79500US1302800","PUMA5 02800, Georgia",51559,"PUMA5 02800, Georgia",3464
"G13002900","2010","GA",,,"Georgia","13",,,,,,,,,,,,,,,,,,"02900","79500US1302900","PUMA5 02900, Georgia",45216,"PUMA5 02900, Georgia",4764
"G13003000","2010","GA",,,"Georgia","13",,,,,,,,,,,,,,,,,,"03000","79500US1303000","PUMA5 03000, Georgia",35384,"PUMA5 03000, Georgia",2095
"G13003100","2010","GA",,,"Georgia","13",,,,,,,,,,,,,,,,,,"03100","79500US1303100","PUMA5 03100, Georgia",33777,"PUMA5 03100, Georgia",3127
"G13003200","2010","GA",,,"Georgia","13",,,,,,,,,,,,,,,,,,"03200","79500US1303200","PUMA5 03200, Georgia",32152,"PUMA5 03200, Georgia",3376
"G13003300","2010","GA",,,"Georgia","13",,,,,,,,,,,,,,,,,,"03300","79500US1303300","PUMA5 03300, Georgia",34875,"PUMA5 03300, Georgia",2879
"G13003400","2010","GA",,,"Georgia","13",,,,,,,,,,,,,,,,,,"03400","79500US1303400","PUMA5 03400, Georgia",32120,"PUMA5 03400, Georgia",1926
"G13003500","2010","GA",,,"Georgia","13",,,,,,,,,,,,,,,,,,"03500","79500US1303500","PUMA5 03500, Georgia",53982,"PUMA5 03500, Georgia",4437
"G13003600","2010","GA",,,"Georgia","13",,,,,,,,,,,,,,,,,,"03600","79500US1303600","PUMA5 03600, Georgia",51619,"PUMA5 03600, Georgia",5041
"G13003700","2010","GA",,,"Georgia","13",,,,,,,,,,,,,,,,,,"03700","79500US1303700","PUMA5 03700, Georgia",45664,"PUMA5 03700, Georgia",3970
"G13003800","2010","GA",,,"Georgia","13",,,,,,,,,,,,,,,,,,"03800","79500US1303800","PUMA5 03800, Georgia",32186,"PUMA5 03800, Georgia",2090
"G13003900","2010","GA",,,"Georgia","13",,,,,,,,,,,,,,,,,,"03900","79500US1303900","PUMA5 03900, Georgia",31123,"PUMA5 03900, Georgia",2927
"G13004000","2010","GA",,,"Georgia","13",,,,,,,,,,,,,,,,,,"04000","79500US1304000","PUMA5 04000, Georgia",33554,"PUMA5 04000, Georgia",4534
"G13004100","2010","GA",,,"Georgia","13",,,,,,,,,,,,,,,,,,"04100","79500US1304100","PUMA5 04100, Georgia",30480,"PUMA5 04100, Georgia",1819
"G13004200","2010","GA",,,"Georgia","13",,,,,,,,,,,,,,,,,,"04200","79500US1304200","PUMA5 04200, Georgia",30431,"PUMA5 04200, Georgia",4089
"G13004300","2010","GA",,,"Georgia","13",,,,,,,,,,,,,,,,,,"04300","79500US1304300","PUMA5 04300, Georgia",36203,"PUMA5 04300, Georgia",2819
"G15000100","2010","HI",,,"Hawaii","15",,,,,,,,,,,,,,,,,,"00100","79500US1500100","PUMA5 00100, Hawaii",58198,"PUMA5 00100, Hawaii",4197
"G15000200","2010","HI",,,"Hawaii","15",,,,,,,,,,,,,,,,,,"00200","79500US1500200","PUMA5 00200, Hawaii",47100,"PUMA5 00200, Hawaii",3778
"G15000301","2010","HI",,,"Hawaii","15",,,,,,,,,,,,,,,,,,"00301","79500US1500301","PUMA5 00301, Hawaii",56807,"PUMA5 00301, Hawaii",7499
"G15000302","2010","HI",,,"Hawaii","15",,,,,,,,,,,,,,,,,,"00302","79500US1500302","PUMA5 00302, Hawaii",79550,"PUMA5 00302, Hawaii",4828
"G15000303","2010","HI",,,"Hawaii","15",,,,,,,,,,,,,,,,,,"00303","79500US1500303","PUMA5 00303, Hawaii",82138,"PUMA5 00303, Hawaii",4977
"G15000304","2010","HI",,,"Hawaii","15",,,,,,,,,,,,,,,,,,"00304","79500US1500304","PUMA5 00304, Hawaii",46170,"PUMA5 00304, Hawaii",3870
"G15000305","2010","HI",,,"Hawaii","15",,,,,,,,,,,,,,,,,,"00305","79500US1500305","PUMA5 00305, Hawaii",56993,"PUMA5 00305, Hawaii",6599
"G15000306","2010","HI",,,"Hawaii","15",,,,,,,,,,,,,,,,,,"00306","79500US1500306","PUMA5 00306, Hawaii",70643,"PUMA5 00306, Hawaii",4918
"G15000307","2010","HI",,,"Hawaii","15",,,,,,,,,,,,,,,,,,"00307","79500US1500307","PUMA5 00307, Hawaii",81626,"PUMA5 00307, Hawaii",2861
"G16000100","2010","ID",,,"Idaho","16",,,,,,,,,,,,,,,,,,"00100","79500US1600100","PUMA5 00100, Idaho",39813,"PUMA5 00100, Idaho",2488
"G16000200","2010","ID",,,"Idaho","16",,,,,,,,,,,,,,,,,,"00200","79500US1600200","PUMA5 00200, Idaho",37803,"PUMA5 00200, Idaho",2889
"G16000300","2010","ID",,,"Idaho","16",,,,,,,,,,,,,,,,,,"00300","79500US1600300","PUMA5 00300, Idaho",45050,"PUMA5 00300, Idaho",3531
"G16000400","2010","ID",,,"Idaho","16",,,,,,,,,,,,,,,,,,"00400","79500US1600400","PUMA5 00400, Idaho",38398,"PUMA5 00400, Idaho",3549
"G16000500","2010","ID",,,"Idaho","16",,,,,,,,,,,,,,,,,,"00500","79500US1600500","PUMA5 00500, Idaho",42732,"PUMA5 00500, Idaho",2722
"G16000600","2010","ID",,,"Idaho","16",,,,,,,,,,,,,,,,,,"00600","79500US1600600","PUMA5 00600, Idaho",44002,"PUMA5 00600, Idaho",2170
"G16000700","2010","ID",,,"Idaho","16",,,,,,,,,,,,,,,,,,"00700","79500US1600700","PUMA5 00700, Idaho",58975,"PUMA5 00700, Idaho",3442
"G16000800","2010","ID",,,"Idaho","16",,,,,,,,,,,,,,,,,,"00800","79500US1600800","PUMA5 00800, Idaho",41482,"PUMA5 00800, Idaho",2228
"G16000900","2010","ID",,,"Idaho","16",,,,,,,,,,,,,,,,,,"00900","79500US1600900","PUMA5 00900, Idaho",41162,"PUMA5 00900, Idaho",2779
"G17000101","2010","IL",,,"Illinois","17",,,,,,,,,,,,,,,,,,"00101","79500US1700101","PUMA5 00101, Illinois",46698,"PUMA5 00101, Illinois",2542
"G17000102","2010","IL",,,"Illinois","17",,,,,,,,,,,,,,,,,,"00102","79500US1700102","PUMA5 00102, Illinois",47406,"PUMA5 00102, Illinois",4080
"G17000103","2010","IL",,,"Illinois","17",,,,,,,,,,,,,,,,,,"00103","79500US1700103","PUMA5 00103, Illinois",43334,"PUMA5 00103, Illinois",2871
"G17000200","2010","IL",,,"Illinois","17",,,,,,,,,,,,,,,,,,"00200","79500US1700200","PUMA5 00200, Illinois",36755,"PUMA5 00200, Illinois",2082
"G17000300","2010","IL",,,"Illinois","17",,,,,,,,,,,,,,,,,,"00300","79500US1700300","PUMA5 00300, Illinois",39579,"PUMA5 00300, Illinois",2647
"G17000400","2010","IL",,,"Illinois","17",,,,,,,,,,,,,,,,,,"00400","79500US1700400","PUMA5 00400, Illinois",45864,"PUMA5 00400, Illinois",3517
"G17000500","2010","IL",,,"Illinois","17",,,,,,,,,,,,,,,,,,"00500","79500US1700500","PUMA5 00500, Illinois",46928,"PUMA5 00500, Illinois",3665
"G17000600","2010","IL",,,"Illinois","17",,,,,,,,,,,,,,,,,,"00600","79500US1700600","PUMA5 00600, Illinois",37481,"PUMA5 00600, Illinois",3062
"G17000700","2010","IL",,,"Illinois","17",,,,,,,,,,,,,,,,,,"00700","79500US1700700","PUMA5 00700, Illinois",41537,"PUMA5 00700, Illinois",1938
"G17000800","2010","IL",,,"Illinois","17",,,,,,,,,,,,,,,,,,"00800","79500US1700800","PUMA5 00800, Illinois",37335,"PUMA5 00800, Illinois",2434
"G17000900","2010","IL",,,"Illinois","17",,,,,,,,,,,,,,,,,,"00900","79500US1700900","PUMA5 00900, Illinois",36013,"PUMA5 00900, Illinois",1753
"G17001000","2010","IL",,,"Illinois","17",,,,,,,,,,,,,,,,,,"01000","79500US1701000","PUMA5 01000, Illinois",42701,"PUMA5 01000, Illinois",2382
"G17001101","2010","IL",,,"Illinois","17",,,,,,,,,,,,,,,,,,"01101","79500US1701101","PUMA5 01101, Illinois",40630,"PUMA5 01101, Illinois",2328
"G17001102","2010","IL",,,"Illinois","17",,,,,,,,,,,,,,,,,,"01102","79500US1701102","PUMA5 01102, Illinois",60603,"PUMA5 01102, Illinois",3053
"G17001201","2010","IL",,,"Illinois","17",,,,,,,,,,,,,,,,,,"01201","79500US1701201","PUMA5 01201, Illinois",41773,"PUMA5 01201, Illinois",2572
"G17001202","2010","IL",,,"Illinois","17",,,,,,,,,,,,,,,,,,"01202","79500US1701202","PUMA5 01202, Illinois",59692,"PUMA5 01202, Illinois",3501
"G17001300","2010","IL",,,"Illinois","17",,,,,,,,,,,,,,,,,,"01300","79500US1701300","PUMA5 01300, Illinois",43969,"PUMA5 01300, Illinois",3064
"G17001400","2010","IL",,,"Illinois","17",,,,,,,,,,,,,,,,,,"01400","79500US1701400","PUMA5 01400, Illinois",56672,"PUMA5 01400, Illinois",2362
"G17001500","2010","IL",,,"Illinois","17",,,,,,,,,,,,,,,,,,"01500","79500US1701500","PUMA5 01500, Illinois",40919,"PUMA5 01500, Illinois",2829
"G17001600","2010","IL",,,"Illinois","17",,,,,,,,,,,,,,,,,,"01600","79500US1701600","PUMA5 01600, Illinois",45831,"PUMA5 01600, Illinois",2998
"G17001700","2010","IL",,,"Illinois","17",,,,,,,,,,,,,,,,,,"01700","79500US1701700","PUMA5 01700, Illinois",48227,"PUMA5 01700, Illinois",3782
"G17001800","2010","IL",,,"Illinois","17",,,,,,,,,,,,,,,,,,"01800","79500US1701800","PUMA5 01800, Illinois",55493,"PUMA5 01800, Illinois",4429
"G17001900","2010","IL",,,"Illinois","17",,,,,,,,,,,,,,,,,,"01900","79500US1701900","PUMA5 01900, Illinois",49962,"PUMA5 01900, Illinois",2398
"G17002000","2010","IL",,,"Illinois","17",,,,,,,,,,,,,,,,,,"02000","79500US1702000","PUMA5 02000, Illinois",59588,"PUMA5 02000, Illinois",4343
"G17002100","2010","IL",,,"Illinois","17",,,,,,,,,,,,,,,,,,"02100","79500US1702100","PUMA5 02100, Illinois",45254,"PUMA5 02100, Illinois",2735
"G17002200","2010","IL",,,"Illinois","17",,,,,,,,,,,,,,,,,,"02200","79500US1702200","PUMA5 02200, Illinois",42471,"PUMA5 02200, Illinois",2213
"G17002300","2010","IL",,,"Illinois","17",,,,,,,,,,,,,,,,,,"02300","79500US1702300","PUMA5 02300, Illinois",44784,"PUMA5 02300, Illinois",3393
"G17002400","2010","IL",,,"Illinois","17",,,,,,,,,,,,,,,,,,"02400","79500US1702400","PUMA5 02400, Illinois",50206,"PUMA5 02400, Illinois",3576
"G17002500","2010","IL",,,"Illinois","17",,,,,,,,,,,,,,,,,,"02500","79500US1702500","PUMA5 02500, Illinois",42260,"PUMA5 02500, Illinois",3014
"G17002600","2010","IL",,,"Illinois","17",,,,,,,,,,,,,,,,,,"02600","79500US1702600","PUMA5 02600, Illinois",50450,"PUMA5 02600, Illinois",3938
"G17002700","2010","IL",,,"Illinois","17",,,,,,,,,,,,,,,,,,"02700","79500US1702700","PUMA5 02700, Illinois",50130,"PUMA5 02700, Illinois",2346
"G17002800","2010","IL",,,"Illinois","17",,,,,,,,,,,,,,,,,,"02800","79500US1702800","PUMA5 02800, Illinois",36213,"PUMA5 02800, Illinois",2640
"G17002900","2010","IL",,,"Illinois","17",,,,,,,,,,,,,,,,,,"02900","79500US1702900","PUMA5 02900, Illinois",54269,"PUMA5 02900, Illinois",3182
"G17003001","2010","IL",,,"Illinois","17",,,,,,,,,,,,,,,,,,"03001","79500US1703001","PUMA5 03001, Illinois",62965,"PUMA5 03001, Illinois",6223
"G17003002","2010","IL",,,"Illinois","17",,,,,,,,,,,,,,,,,,"03002","79500US1703002","PUMA5 03002, Illinois",78717,"PUMA5 03002, Illinois",4547
"G17003003","2010","IL",,,"Illinois","17",,,,,,,,,,,,,,,,,,"03003","79500US1703003","PUMA5 03003, Illinois",60178,"PUMA5 03003, Illinois",3966
"G17003004","2010","IL",,,"Illinois","17",,,,,,,,,,,,,,,,,,"03004","79500US1703004","PUMA5 03004, Illinois",84688,"PUMA5 03004, Illinois",3515
"G17003005","2010","IL",,,"Illinois","17",,,,,,,,,,,,,,,,,,"03005","79500US1703005","PUMA5 03005, Illinois",45352,"PUMA5 03005, Illinois",3675
"G17003006","2010","IL",,,"Illinois","17",,,,,,,,,,,,,,,,,,"03006","79500US1703006","PUMA5 03006, Illinois",76714,"PUMA5 03006, Illinois",3203
"G17003101","2010","IL",,,"Illinois","17",,,,,,,,,,,,,,,,,,"03101","79500US1703101","PUMA5 03101, Illinois",60186,"PUMA5 03101, Illinois",5621
"G17003102","2010","IL",,,"Illinois","17",,,,,,,,,,,,,,,,,,"03102","79500US1703102","PUMA5 03102, Illinois",48543,"PUMA5 03102, Illinois",3683
"G17003103","2010","IL",,,"Illinois","17",,,,,,,,,,,,,,,,,,"03103","79500US1703103","PUMA5 03103, Illinois",76145,"PUMA5 03103, Illinois",2339
"G17003104","2010","IL",,,"Illinois","17",,,,,,,,,,,,,,,,,,"03104","79500US1703104","PUMA5 03104, Illinois",86884,"PUMA5 03104, Illinois",5078
"G17003201","2010","IL",,,"Illinois","17",,,,,,,,,,,,,,,,,,"03201","79500US1703201","PUMA5 03201, Illinois",80544,"PUMA5 03201, Illinois",3142
"G17003202","2010","IL",,,"Illinois","17",,,,,,,,,,,,,,,,,,"03202","79500US1703202","PUMA5 03202, Illinois",77126,"PUMA5 03202, Illinois",6352
"G17003203","2010","IL",,,"Illinois","17",,,,,,,,,,,,,,,,,,"03203","79500US1703203","PUMA5 03203, Illinois",78363,"PUMA5 03203, Illinois",3397
"G17003204","2010","IL",,,"Illinois","17",,,,,,,,,,,,,,,,,,"03204","79500US1703204","PUMA5 03204, Illinois",75743,"PUMA5 03204, Illinois",5198
"G17003205","2010","IL",,,"Illinois","17",,,,,,,,,,,,,,,,,,"03205","79500US1703205","PUMA5 03205, Illinois",69226,"PUMA5 03205, Illinois",7909
"G17003206","2010","IL",,,"Illinois","17",,,,,,,,,,,,,,,,,,"03206","79500US1703206","PUMA5 03206, Illinois",61070,"PUMA5 03206, Illinois",2623
"G17003301","2010","IL",,,"Illinois","17",,,,,,,,,,,,,,,,,,"03301","79500US1703301","PUMA5 03301, Illinois",96416,"PUMA5 03301, Illinois",10909
"G17003302","2010","IL",,,"Illinois","17",,,,,,,,,,,,,,,,,,"03302","79500US1703302","PUMA5 03302, Illinois",49389,"PUMA5 03302, Illinois",3071
"G17003303","2010","IL",,,"Illinois","17",,,,,,,,,,,,,,,,,,"03303","79500US1703303","PUMA5 03303, Illinois",71256,"PUMA5 03303, Illinois",3631
"G17003304","2010","IL",,,"Illinois","17",,,,,,,,,,,,,,,,,,"03304","79500US1703304","PUMA5 03304, Illinois",77486,"PUMA5 03304, Illinois",4971
"G17003305","2010","IL",,,"Illinois","17",,,,,,,,,,,,,,,,,,"03305","79500US1703305","PUMA5 03305, Illinois",108735,"PUMA5 03305, Illinois",8071
"G17003401","2010","IL",,,"Illinois","17",,,,,,,,,,,,,,,,,,"03401","79500US1703401","PUMA5 03401, Illinois",71598,"PUMA5 03401, Illinois",3038
"G17003402","2010","IL",,,"Illinois","17",,,,,,,,,,,,,,,,,,"03402","79500US1703402","PUMA5 03402, Illinois",63974,"PUMA5 03402, Illinois",3833
"G17003403","2010","IL",,,"Illinois","17",,,,,,,,,,,,,,,,,,"03403","79500US1703403","PUMA5 03403, Illinois",62897,"PUMA5 03403, Illinois",2685
"G17003404","2010","IL",,,"Illinois","17",,,,,,,,,,,,,,,,,,"03404","79500US1703404","PUMA5 03404, Illinois",65868,"PUMA5 03404, Illinois",4101
"G17003405","2010","IL",,,"Illinois","17",,,,,,,,,,,,,,,,,,"03405","79500US1703405","PUMA5 03405, Illinois",75839,"PUMA5 03405, Illinois",3459
"G17003406","2010","IL",,,"Illinois","17",,,,,,,,,,,,,,,,,,"03406","79500US1703406","PUMA5 03406, Illinois",47061,"PUMA5 03406, Illinois",5633
"G17003407","2010","IL",,,"Illinois","17",,,,,,,,,,,,,,,,,,"03407","79500US1703407","PUMA5 03407, Illinois",53194,"PUMA5 03407, Illinois",3253
"G17003408","2010","IL",,,"Illinois","17",,,,,,,,,,,,,,,,,,"03408","79500US1703408","PUMA5 03408, Illinois",51385,"PUMA5 03408, Illinois",3391
"G17003409","2010","IL",,,"Illinois","17",,,,,,,,,,,,,,,,,,"03409","79500US1703409","PUMA5 03409, Illinois",60067,"PUMA5 03409, Illinois",2799
"G17003410","2010","IL",,,"Illinois","17",,,,,,,,,,,,,,,,,,"03410","79500US1703410","PUMA5 03410, Illinois",67381,"PUMA5 03410, Illinois",4657
"G17003411","2010","IL",,,"Illinois","17",,,,,,,,,,,,,,,,,,"03411","79500US1703411","PUMA5 03411, Illinois",53672,"PUMA5 03411, Illinois",3146
"G17003412","2010","IL",,,"Illinois","17",,,,,,,,,,,,,,,,,,"03412","79500US1703412","PUMA5 03412, Illinois",54074,"PUMA5 03412, Illinois",5814
"G17003413","2010","IL",,,"Illinois","17",,,,,,,,,,,,,,,,,,"03413","79500US1703413","PUMA5 03413, Illinois",42087,"PUMA5 03413, Illinois",2681
"G17003414","2010","IL",,,"Illinois","17",,,,,,,,,,,,,,,,,,"03414","79500US1703414","PUMA5 03414, Illinois",56323,"PUMA5 03414, Illinois",3865
"G17003501","2010","IL",,,"Illinois","17",,,,,,,,,,,,,,,,,,"03501","79500US1703501","PUMA5 03501, Illinois",39517,"PUMA5 03501, Illinois",3717
"G17003502","2010","IL",,,"Illinois","17",,,,,,,,,,,,,,,,,,"03502","79500US1703502","PUMA5 03502, Illinois",72048,"PUMA5 03502, Illinois",4255
"G17003503","2010","IL",,,"Illinois","17",,,,,,,,,,,,,,,,,,"03503","79500US1703503","PUMA5 03503, Illinois",61281,"PUMA5 03503, Illinois",4895
"G17003504","2010","IL",,,"Illinois","17",,,,,,,,,,,,,,,,,,"03504","79500US1703504","PUMA5 03504, Illinois",48838,"PUMA5 03504, Illinois",3693
"G17003505","2010","IL",,,"Illinois","17",,,,,,,,,,,,,,,,,,"03505","79500US1703505","PUMA5 03505, Illinois",61509,"PUMA5 03505, Illinois",4886
"G17003506","2010","IL",,,"Illinois","17",,,,,,,,,,,,,,,,,,"03506","79500US1703506","PUMA5 03506, Illinois",44542,"PUMA5 03506, Illinois",3668
"G17003507","2010","IL",,,"Illinois","17",,,,,,,,,,,,,,,,,,"03507","79500US1703507","PUMA5 03507, Illinois",28100,"PUMA5 03507, Illinois",2746
"G17003508","2010","IL",,,"Illinois","17",,,,,,,,,,,,,,,,,,"03508","79500US1703508","PUMA5 03508, Illinois",29779,"PUMA5 03508, Illinois",3514
"G17003509","2010","IL",,,"Illinois","17",,,,,,,,,,,,,,,,,,"03509","79500US1703509","PUMA5 03509, Illinois",50819,"PUMA5 03509, Illinois",2243
"G17003510","2010","IL",,,"Illinois","17",,,,,,,,,,,,,,,,,,"03510","79500US1703510","PUMA5 03510, Illinois",71845,"PUMA5 03510, Illinois",3296
"G17003511","2010","IL",,,"Illinois","17",,,,,,,,,,,,,,,,,,"03511","79500US1703511","PUMA5 03511, Illinois",32955,"PUMA5 03511, Illinois",3671
"G17003512","2010","IL",,,"Illinois","17",,,,,,,,,,,,,,,,,,"03512","79500US1703512","PUMA5 03512, Illinois",33555,"PUMA5 03512, Illinois",2529
"G17003513","2010","IL",,,"Illinois","17",,,,,,,,,,,,,,,,,,"03513","79500US1703513","PUMA5 03513, Illinois",45366,"PUMA5 03513, Illinois",2617
"G17003514","2010","IL",,,"Illinois","17",,,,,,,,,,,,,,,,,,"03514","79500US1703514","PUMA5 03514, Illinois",34565,"PUMA5 03514, Illinois",3826
"G17003515","2010","IL",,,"Illinois","17",,,,,,,,,,,,,,,,,,"03515","79500US1703515","PUMA5 03515, Illinois",28899,"PUMA5 03515, Illinois",3708
"G17003516","2010","IL",,,"Illinois","17",,,,,,,,,,,,,,,,,,"03516","79500US1703516","PUMA5 03516, Illinois",25312,"PUMA5 03516, Illinois",2905
"G17003517","2010","IL",,,"Illinois","17",,,,,,,,,,,,,,,,,,"03517","79500US1703517","PUMA5 03517, Illinois",76918,"PUMA5 03517, Illinois",5071
"G17003518","2010","IL",,,"Illinois","17",,,,,,,,,,,,,,,,,,"03518","79500US1703518","PUMA5 03518, Illinois",34614,"PUMA5 03518, Illinois",3691
"G17003519","2010","IL",,,"Illinois","17",,,,,,,,,,,,,,,,,,"03519","79500US1703519","PUMA5 03519, Illinois",36446,"PUMA5 03519, Illinois",3158
"G18000100","2010","IN",,,"Indiana","18",,,,,,,,,,,,,,,,,,"00100","79500US1800100","PUMA5 00100, Indiana",27610,"PUMA5 00100, Indiana",3125
"G18000201","2010","IN",,,"Indiana","18",,,,,,,,,,,,,,,,,,"00201","79500US1800201","PUMA5 00201, Indiana",35387,"PUMA5 00201, Indiana",2777
"G18000202","2010","IN",,,"Indiana","18",,,,,,,,,,,,,,,,,,"00202","79500US1800202","PUMA5 00202, Indiana",51111,"PUMA5 00202, Indiana",1929
"G18000203","2010","IN",,,"Indiana","18",,,,,,,,,,,,,,,,,,"00203","79500US1800203","PUMA5 00203, Indiana",64108,"PUMA5 00203, Indiana",4972
"G18000300","2010","IN",,,"Indiana","18",,,,,,,,,,,,,,,,,,"00300","79500US1800300","PUMA5 00300, Indiana",55186,"PUMA5 00300, Indiana",2768
"G18000400","2010","IN",,,"Indiana","18",,,,,,,,,,,,,,,,,,"00400","79500US1800400","PUMA5 00400, Indiana",43765,"PUMA5 00400, Indiana",3410
"G18000500","2010","IN",,,"Indiana","18",,,,,,,,,,,,,,,,,,"00500","79500US1800500","PUMA5 00500, Indiana",32365,"PUMA5 00500, Indiana",2694
"G18000600","2010","IN",,,"Indiana","18",,,,,,,,,,,,,,,,,,"00600","79500US1800600","PUMA5 00600, Indiana",50408,"PUMA5 00600, Indiana",3143
"G18000700","2010","IN",,,"Indiana","18",,,,,,,,,,,,,,,,,,"00700","79500US1800700","PUMA5 00700, Indiana",41748,"PUMA5 00700, Indiana",1678
"G18000800","2010","IN",,,"Indiana","18",,,,,,,,,,,,,,,,,,"00800","79500US1800800","PUMA5 00800, Indiana",45886,"PUMA5 00800, Indiana",1853
"G18000900","2010","IN",,,"Indiana","18",,,,,,,,,,,,,,,,,,"00900","79500US1800900","PUMA5 00900, Indiana",36658,"PUMA5 00900, Indiana",1517
"G18001000","2010","IN",,,"Indiana","18",,,,,,,,,,,,,,,,,,"01000","79500US1801000","PUMA5 01000, Indiana",64358,"PUMA5 01000, Indiana",3668
"G18001100","2010","IN",,,"Indiana","18",,,,,,,,,,,,,,,,,,"01100","79500US1801100","PUMA5 01100, Indiana",45631,"PUMA5 01100, Indiana",4094
"G18001200","2010","IN",,,"Indiana","18",,,,,,,,,,,,,,,,,,"01200","79500US1801200","PUMA5 01200, Indiana",45639,"PUMA5 01200, Indiana",2121
"G18001300","2010","IN",,,"Indiana","18",,,,,,,,,,,,,,,,,,"01300","79500US1801300","PUMA5 01300, Indiana",43884,"PUMA5 01300, Indiana",3280
"G18001400","2010","IN",,,"Indiana","18",,,,,,,,,,,,,,,,,,"01400","79500US1801400","PUMA5 01400, Indiana",43106,"PUMA5 01400, Indiana",3066
"G18001500","2010","IN",,,"Indiana","18",,,,,,,,,,,,,,,,,,"01500","79500US1801500","PUMA5 01500, Indiana",39652,"PUMA5 01500, Indiana",2785
"G18001600","2010","IN",,,"Indiana","18",,,,,,,,,,,,,,,,,,"01600","79500US1801600","PUMA5 01600, Indiana",36495,"PUMA5 01600, Indiana",2355
"G18001700","2010","IN",,,"Indiana","18",,,,,,,,,,,,,,,,,,"01700","79500US1801700","PUMA5 01700, Indiana",41180,"PUMA5 01700, Indiana",3457
"G18001800","2010","IN",,,"Indiana","18",,,,,,,,,,,,,,,,,,"01800","79500US1801800","PUMA5 01800, Indiana",40452,"PUMA5 01800, Indiana",2592
"G18001901","2010","IN",,,"Indiana","18",,,,,,,,,,,,,,,,,,"01901","79500US1801901","PUMA5 01901, Indiana",67606,"PUMA5 01901, Indiana",3663
"G18001902","2010","IN",,,"Indiana","18",,,,,,,,,,,,,,,,,,"01902","79500US1801902","PUMA5 01902, Indiana",89243,"PUMA5 01902, Indiana",3782
"G18002001","2010","IN",,,"Indiana","18",,,,,,,,,,,,,,,,,,"02001","79500US1802001","PUMA5 02001, Indiana",38250,"PUMA5 02001, Indiana",1986
"G18002002","2010","IN",,,"Indiana","18",,,,,,,,,,,,,,,,,,"02002","79500US1802002","PUMA5 02002, Indiana",51646,"PUMA5 02002, Indiana",2380
"G18002100","2010","IN",,,"Indiana","18",,,,,,,,,,,,,,,,,,"02100","79500US1802100","PUMA5 02100, Indiana",35902,"PUMA5 02100, Indiana",1877
"G18002200","2010","IN",,,"Indiana","18",,,,,,,,,,,,,,,,,,"02200","79500US1802200","PUMA5 02200, Indiana",38273,"PUMA5 02200, Indiana",2350
"G18002301","2010","IN",,,"Indiana","18",,,,,,,,,,,,,,,,,,"02301","79500US1802301","PUMA5 02301, Indiana",48419,"PUMA5 02301, Indiana",3847
"G18002302","2010","IN",,,"Indiana","18",,,,,,,,,,,,,,,,,,"02302","79500US1802302","PUMA5 02302, Indiana",49286,"PUMA5 02302, Indiana",4194
"G18002303","2010","IN",,,"Indiana","18",,,,,,,,,,,,,,,,,,"02303","79500US1802303","PUMA5 02303, Indiana",41283,"PUMA5 02303, Indiana",2710
"G18002304","2010","IN",,,"Indiana","18",,,,,,,,,,,,,,,,,,"02304","79500US1802304","PUMA5 02304, Indiana",31141,"PUMA5 02304, Indiana",2210
"G18002305","2010","IN",,,"Indiana","18",,,,,,,,,,,,,,,,,,"02305","79500US1802305","PUMA5 02305, Indiana",25943,"PUMA5 02305, Indiana",1428
"G18002306","2010","IN",,,"Indiana","18",,,,,,,,,,,,,,,,,,"02306","79500US1802306","PUMA5 02306, Indiana",45984,"PUMA5 02306, Indiana",2961
"G18002307","2010","IN",,,"Indiana","18",,,,,,,,,,,,,,,,,,"02307","79500US1802307","PUMA5 02307, Indiana",41414,"PUMA5 02307, Indiana",2594
"G18002400","2010","IN",,,"Indiana","18",,,,,,,,,,,,,,,,,,"02400","79500US1802400","PUMA5 02400, Indiana",58318,"PUMA5 02400, Indiana",4034
"G18002500","2010","IN",,,"Indiana","18",,,,,,,,,,,,,,,,,,"02500","79500US1802500","PUMA5 02500, Indiana",60242,"PUMA5 02500, Indiana",3361
"G18002600","2010","IN",,,"Indiana","18",,,,,,,,,,,,,,,,,,"02600","79500US1802600","PUMA5 02600, Indiana",42144,"PUMA5 02600, Indiana",2636
"G18002700","2010","IN",,,"Indiana","18",,,,,,,,,,,,,,,,,,"02700","79500US1802700","PUMA5 02700, Indiana",40676,"PUMA5 02700, Indiana",2546
"G18002800","2010","IN",,,"Indiana","18",,,,,,,,,,,,,,,,,,"02800","79500US1802800","PUMA5 02800, Indiana",42264,"PUMA5 02800, Indiana",3234
"G18002900","2010","IN",,,"Indiana","18",,,,,,,,,,,,,,,,,,"02900","79500US1802900","PUMA5 02900, Indiana",36392,"PUMA5 02900, Indiana",2684
"G18003000","2010","IN",,,"Indiana","18",,,,,,,,,,,,,,,,,,"03000","79500US1803000","PUMA5 03000, Indiana",46762,"PUMA5 03000, Indiana",2572
"G18003100","2010","IN",,,"Indiana","18",,,,,,,,,,,,,,,,,,"03100","79500US1803100","PUMA5 03100, Indiana",43775,"PUMA5 03100, Indiana",2864
"G18003200","2010","IN",,,"Indiana","18",,,,,,,,,,,,,,,,,,"03200","79500US1803200","PUMA5 03200, Indiana",45022,"PUMA5 03200, Indiana",4610
"G18003300","2010","IN",,,"Indiana","18",,,,,,,,,,,,,,,,,,"03300","79500US1803300","PUMA5 03300, Indiana",43000,"PUMA5 03300, Indiana",2496
"G18003400","2010","IN",,,"Indiana","18",,,,,,,,,,,,,,,,,,"03400","79500US1803400","PUMA5 03400, Indiana",48376,"PUMA5 03400, Indiana",2963
"G18003500","2010","IN",,,"Indiana","18",,,,,,,,,,,,,,,,,,"03500","79500US1803500","PUMA5 03500, Indiana",40284,"PUMA5 03500, Indiana",2271
"G18003600","2010","IN",,,"Indiana","18",,,,,,,,,,,,,,,,,,"03600","79500US1803600","PUMA5 03600, Indiana",44367,"PUMA5 03600, Indiana",3060
"G18003700","2010","IN",,,"Indiana","18",,,,,,,,,,,,,,,,,,"03700","79500US1803700","PUMA5 03700, Indiana",33096,"PUMA5 03700, Indiana",1774
"G18003800","2010","IN",,,"Indiana","18",,,,,,,,,,,,,,,,,,"03800","79500US1803800","PUMA5 03800, Indiana",60076,"PUMA5 03800, Indiana",4178
"G19000100","2010","IA",,,"Iowa","19",,,,,,,,,,,,,,,,,,"00100","79500US1900100","PUMA5 00100, Iowa",46246,"PUMA5 00100, Iowa",2965
"G19000200","2010","IA",,,"Iowa","19",,,,,,,,,,,,,,,,,,"00200","79500US1900200","PUMA5 00200, Iowa",45160,"PUMA5 00200, Iowa",2531
"G19000300","2010","IA",,,"Iowa","19",,,,,,,,,,,,,,,,,,"00300","79500US1900300","PUMA5 00300, Iowa",49028,"PUMA5 00300, Iowa",1928
"G19000400","2010","IA",,,"Iowa","19",,,,,,,,,,,,,,,,,,"00400","79500US1900400","PUMA5 00400, Iowa",43341,"PUMA5 00400, Iowa",2782
"G19000500","2010","IA",,,"Iowa","19",,,,,,,,,,,,,,,,,,"00500","79500US1900500","PUMA5 00500, Iowa",48039,"PUMA5 00500, Iowa",2176
"G19000600","2010","IA",,,"Iowa","19",,,,,,,,,,,,,,,,,,"00600","79500US1900600","PUMA5 00600, Iowa",47999,"PUMA5 00600, Iowa",3588
"G19000700","2010","IA",,,"Iowa","19",,,,,,,,,,,,,,,,,,"00700","79500US1900700","PUMA5 00700, Iowa",49226,"PUMA5 00700, Iowa",4005
"G19000800","2010","IA",,,"Iowa","19",,,,,,,,,,,,,,,,,,"00800","79500US1900800","PUMA5 00800, Iowa",54539,"PUMA5 00800, Iowa",2677
"G19000900","2010","IA",,,"Iowa","19",,,,,,,,,,,,,,,,,,"00900","79500US1900900","PUMA5 00900, Iowa",39534,"PUMA5 00900, Iowa",2537
"G19001000","2010","IA",,,"Iowa","19",,,,,,,,,,,,,,,,,,"01000","79500US1901000","PUMA5 01000, Iowa",47509,"PUMA5 01000, Iowa",2277
"G19001100","2010","IA",,,"Iowa","19",,,,,,,,,,,,,,,,,,"01100","79500US1901100","PUMA5 01100, Iowa",42208,"PUMA5 01100, Iowa",2361
"G19001200","2010","IA",,,"Iowa","19",,,,,,,,,,,,,,,,,,"01200","79500US1901200","PUMA5 01200, Iowa",47026,"PUMA5 01200, Iowa",1869
"G19001300","2010","IA",,,"Iowa","19",,,,,,,,,,,,,,,,,,"01300","79500US1901300","PUMA5 01300, Iowa",41109,"PUMA5 01300, Iowa",2273
"G19001400","2010","IA",,,"Iowa","19",,,,,,,,,,,,,,,,,,"01400","79500US1901400","PUMA5 01400, Iowa",42939,"PUMA5 01400, Iowa",2542
"G19001500","2010","IA",,,"Iowa","19",,,,,,,,,,,,,,,,,,"01500","79500US1901500","PUMA5 01500, Iowa",65998,"PUMA5 01500, Iowa",4535
"G19001600","2010","IA",,,"Iowa","19",,,,,,,,,,,,,,,,,,"01600","79500US1901600","PUMA5 01600, Iowa",52457,"PUMA5 01600, Iowa",2589
"G19001700","2010","IA",,,"Iowa","19",,,,,,,,,,,,,,,,,,"01700","79500US1901700","PUMA5 01700, Iowa",48672,"PUMA5 01700, Iowa",2759
"G19001800","2010","IA",,,"Iowa","19",,,,,,,,,,,,,,,,,,"01800","79500US1901800","PUMA5 01800, Iowa",43024,"PUMA5 01800, Iowa",2272
"G19001900","2010","IA",,,"Iowa","19",,,,,,,,,,,,,,,,,,"01900","79500US1901900","PUMA5 01900, Iowa",47206,"PUMA5 01900, Iowa",1797
"G20000100","2010","KS",,,"Kansas","20",,,,,,,,,,,,,,,,,,"00100","79500US2000100","PUMA5 00100, Kansas",41312,"PUMA5 00100, Kansas",2114
"G20000200","2010","KS",,,"Kansas","20",,,,,,,,,,,,,,,,,,"00200","79500US2000200","PUMA5 00200, Kansas",41674,"PUMA5 00200, Kansas",2709
"G20000300","2010","KS",,,"Kansas","20",,,,,,,,,,,,,,,,,,"00300","79500US2000300","PUMA5 00300, Kansas",46330,"PUMA5 00300, Kansas",2372
"G20000400","2010","KS",,,"Kansas","20",,,,,,,,,,,,,,,,,,"00400","79500US2000400","PUMA5 00400, Kansas",51705,"PUMA5 00400, Kansas",2039
"G20000500","2010","KS",,,"Kansas","20",,,,,,,,,,,,,,,,,,"00500","79500US2000500","PUMA5 00500, Kansas",37293,"PUMA5 00500, Kansas",2967
"G20000601","2010","KS",,,"Kansas","20",,,,,,,,,,,,,,,,,,"00601","79500US2000601","PUMA5 00601, Kansas",66606,"PUMA5 00601, Kansas",2916
"G20000602","2010","KS",,,"Kansas","20",,,,,,,,,,,,,,,,,,"00602","79500US2000602","PUMA5 00602, Kansas",61768,"PUMA5 00602, Kansas",4872
"G20000603","2010","KS",,,"Kansas","20",,,,,,,,,,,,,,,,,,"00603","79500US2000603","PUMA5 00603, Kansas",66066,"PUMA5 00603, Kansas",3086
"G20000604","2010","KS",,,"Kansas","20",,,,,,,,,,,,,,,,,,"00604","79500US2000604","PUMA5 00604, Kansas",95521,"PUMA5 00604, Kansas",7431
"G20000700","2010","KS",,,"Kansas","20",,,,,,,,,,,,,,,,,,"00700","79500US2000700","PUMA5 00700, Kansas",49840,"PUMA5 00700, Kansas",3995
"G20000800","2010","KS",,,"Kansas","20",,,,,,,,,,,,,,,,,,"00800","79500US2000800","PUMA5 00800, Kansas",44431,"PUMA5 00800, Kansas",2754
"G20000900","2010","KS",,,"Kansas","20",,,,,,,,,,,,,,,,,,"00900","79500US2000900","PUMA5 00900, Kansas",42787,"PUMA5 00900, Kansas",2537
"G20001000","2010","KS",,,"Kansas","20",,,,,,,,,,,,,,,,,,"01000","79500US2001000","PUMA5 01000, Kansas",45478,"PUMA5 01000, Kansas",3146
"G20001100","2010","KS",,,"Kansas","20",,,,,,,,,,,,,,,,,,"01100","79500US2001100","PUMA5 01100, Kansas",44076,"PUMA5 01100, Kansas",1980
"G20001200","2010","KS",,,"Kansas","20",,,,,,,,,,,,,,,,,,"01200","79500US2001200","PUMA5 01200, Kansas",46296,"PUMA5 01200, Kansas",3910
"G20001300","2010","KS",,,"Kansas","20",,,,,,,,,,,,,,,,,,"01300","79500US2001300","PUMA5 01300, Kansas",53237,"PUMA5 01300, Kansas",2993
"G20001401","2010","KS",,,"Kansas","20",,,,,,,,,,,,,,,,,,"01401","79500US2001401","PUMA5 01401, Kansas",44856,"PUMA5 01401, Kansas",3447
"G20001402","2010","KS",,,"Kansas","20",,,,,,,,,,,,,,,,,,"01402","79500US2001402","PUMA5 01402, Kansas",45807,"PUMA5 01402, Kansas",2163
"G20001403","2010","KS",,,"Kansas","20",,,,,,,,,,,,,,,,,,"01403","79500US2001403","PUMA5 01403, Kansas",36088,"PUMA5 01403, Kansas",2692
"G20001500","2010","KS",,,"Kansas","20",,,,,,,,,,,,,,,,,,"01500","79500US2001500","PUMA5 01500, Kansas",39354,"PUMA5 01500, Kansas",2366
"G20001600","2010","KS",,,"Kansas","20",,,,,,,,,,,,,,,,,,"01600","79500US2001600","PUMA5 01600, Kansas",37229,"PUMA5 01600, Kansas",2176
"G21000100","2010","KY",,,"Kentucky","21",,,,,,,,,,,,,,,,,,"00100","79500US2100100","PUMA5 00100, Kentucky",40881,"PUMA5 00100, Kentucky",2313
"G21000200","2010","KY",,,"Kentucky","21",,,,,,,,,,,,,,,,,,"00200","79500US2100200","PUMA5 00200, Kentucky",38710,"PUMA5 00200, Kentucky",2468
"G21000300","2010","KY",,,"Kentucky","21",,,,,,,,,,,,,,,,,,"00300","79500US2100300","PUMA5 00300, Kentucky",36700,"PUMA5 00300, Kentucky",1935
"G21000400","2010","KY",,,"Kentucky","21",,,,,,,,,,,,,,,,,,"00400","79500US2100400","PUMA5 00400, Kentucky",37434,"PUMA5 00400, Kentucky",3901
"G21000500","2010","KY",,,"Kentucky","21",,,,,,,,,,,,,,,,,,"00500","79500US2100500","PUMA5 00500, Kentucky",34853,"PUMA5 00500, Kentucky",3919
"G21000600","2010","KY",,,"Kentucky","21",,,,,,,,,,,,,,,,,,"00600","79500US2100600","PUMA5 00600, Kentucky",29275,"PUMA5 00600, Kentucky",1957
"G21000700","2010","KY",,,"Kentucky","21",,,,,,,,,,,,,,,,,,"00700","79500US2100700","PUMA5 00700, Kentucky",30606,"PUMA5 00700, Kentucky",2328
"G21000800","2010","KY",,,"Kentucky","21",,,,,,,,,,,,,,,,,,"00800","79500US2100800","PUMA5 00800, Kentucky",27304,"PUMA5 00800, Kentucky",3187
"G21000900","2010","KY",,,"Kentucky","21",,,,,,,,,,,,,,,,,,"00900","79500US2100900","PUMA5 00900, Kentucky",28544,"PUMA5 00900, Kentucky",3677
"G21001000","2010","KY",,,"Kentucky","21",,,,,,,,,,,,,,,,,,"01000","79500US2101000","PUMA5 01000, Kentucky",26990,"PUMA5 01000, Kentucky",1610
"G21001100","2010","KY",,,"Kentucky","21",,,,,,,,,,,,,,,,,,"01100","79500US2101100","PUMA5 01100, Kentucky",39152,"PUMA5 01100, Kentucky",2316
"G21001200","2010","KY",,,"Kentucky","21",,,,,,,,,,,,,,,,,,"01200","79500US2101200","PUMA5 01200, Kentucky",44163,"PUMA5 01200, Kentucky",2920
"G21001300","2010","KY",,,"Kentucky","21",,,,,,,,,,,,,,,,,,"01300","79500US2101300","PUMA5 01300, Kentucky",35447,"PUMA5 01300, Kentucky",2156
"G21001400","2010","KY",,,"Kentucky","21",,,,,,,,,,,,,,,,,,"01400","79500US2101400","PUMA5 01400, Kentucky",44015,"PUMA5 01400, Kentucky",3227
"G21001500","2010","KY",,,"Kentucky","21",,,,,,,,,,,,,,,,,,"01500","79500US2101500","PUMA5 01500, Kentucky",36923,"PUMA5 01500, Kentucky",3659
"G21001600","2010","KY",,,"Kentucky","21",,,,,,,,,,,,,,,,,,"01600","79500US2101600","PUMA5 01600, Kentucky",40949,"PUMA5 01600, Kentucky",2383
"G21001701","2010","KY",,,"Kentucky","21",,,,,,,,,,,,,,,,,,"01701","79500US2101701","PUMA5 01701, Kentucky",24871,"PUMA5 01701, Kentucky",2869
"G21001702","2010","KY",,,"Kentucky","21",,,,,,,,,,,,,,,,,,"01702","79500US2101702","PUMA5 01702, Kentucky",50285,"PUMA5 01702, Kentucky",4756
"G21001703","2010","KY",,,"Kentucky","21",,,,,,,,,,,,,,,,,,"01703","79500US2101703","PUMA5 01703, Kentucky",62507,"PUMA5 01703, Kentucky",3252
"G21001704","2010","KY",,,"Kentucky","21",,,,,,,,,,,,,,,,,,"01704","79500US2101704","PUMA5 01704, Kentucky",39212,"PUMA5 01704, Kentucky",3238
"G21001705","2010","KY",,,"Kentucky","21",,,,,,,,,,,,,,,,,,"01705","79500US2101705","PUMA5 01705, Kentucky",37052,"PUMA5 01705, Kentucky",2190
"G21001800","2010","KY",,,"Kentucky","21",,,,,,,,,,,,,,,,,,"01800","79500US2101800","PUMA5 01800, Kentucky",54993,"PUMA5 01800, Kentucky",2889
"G21001901","2010","KY",,,"Kentucky","21",,,,,,,,,,,,,,,,,,"01901","79500US2101901","PUMA5 01901, Kentucky",31201,"PUMA5 01901, Kentucky",4901
"G21001902","2010","KY",,,"Kentucky","21",,,,,,,,,,,,,,,,,,"01902","79500US2101902","PUMA5 01902, Kentucky",52056,"PUMA5 01902, Kentucky",3019
"G21002000","2010","KY",,,"Kentucky","21",,,,,,,,,,,,,,,,,,"02000","79500US2102000","PUMA5 02000, Kentucky",46554,"PUMA5 02000, Kentucky",1793
"G21002100","2010","KY",,,"Kentucky","21",,,,,,,,,,,,,,,,,,"02100","79500US2102100","PUMA5 02100, Kentucky",32059,"PUMA5 02100, Kentucky",1672
"G21002200","2010","KY",,,"Kentucky","21",,,,,,,,,,,,,,,,,,"02200","79500US2102200","PUMA5 02200, Kentucky",35734,"PUMA5 02200, Kentucky",2316
"G21002300","2010","KY",,,"Kentucky","21",,,,,,,,,,,,,,,,,,"02300","79500US2102300","PUMA5 02300, Kentucky",43139,"PUMA5 02300, Kentucky",4341
"G21002400","2010","KY",,,"Kentucky","21",,,,,,,,,,,,,,,,,,"02400","79500US2102400","PUMA5 02400, Kentucky",50872,"PUMA5 02400, Kentucky",2471
"G21002500","2010","KY",,,"Kentucky","21",,,,,,,,,,,,,,,,,,"02500","79500US2102500","PUMA5 02500, Kentucky",55866,"PUMA5 02500, Kentucky",3439
"G22000101","2010","LA",,,"Louisiana","22",,,,,,,,,,,,,,,,,,"00101","79500US2200101","PUMA5 00101, Louisiana",30736,"PUMA5 00101, Louisiana",1839
"G22000102","2010","LA",,,"Louisiana","22",,,,,,,,,,,,,,,,,,"00102","79500US2200102","PUMA5 00102, Louisiana",45422,"PUMA5 00102, Louisiana",3094
"G22000200","2010","LA",,,"Louisiana","22",,,,,,,,,,,,,,,,,,"00200","79500US2200200","PUMA5 00200, Louisiana",44097,"PUMA5 00200, Louisiana",4543
"G22000300","2010","LA",,,"Louisiana","22",,,,,,,,,,,,,,,,,,"00300","79500US2200300","PUMA5 00300, Louisiana",33934,"PUMA5 00300, Louisiana",2276
"G22000400","2010","LA",,,"Louisiana","22",,,,,,,,,,,,,,,,,,"00400","79500US2200400","PUMA5 00400, Louisiana",37449,"PUMA5 00400, Louisiana",3619
"G22000500","2010","LA",,,"Louisiana","22",,,,,,,,,,,,,,,,,,"00500","79500US2200500","PUMA5 00500, Louisiana",33054,"PUMA5 00500, Louisiana",2478
"G22000600","2010","LA",,,"Louisiana","22",,,,,,,,,,,,,,,,,,"00600","79500US2200600","PUMA5 00600, Louisiana",32481,"PUMA5 00600, Louisiana",3636
"G22000700","2010","LA",,,"Louisiana","22",,,,,,,,,,,,,,,,,,"00700","79500US2200700","PUMA5 00700, Louisiana",40377,"PUMA5 00700, Louisiana",2986
"G22000800","2010","LA",,,"Louisiana","22",,,,,,,,,,,,,,,,,,"00800","79500US2200800","PUMA5 00800, Louisiana",42567,"PUMA5 00800, Louisiana",2769
"G22000900","2010","LA",,,"Louisiana","22",,,,,,,,,,,,,,,,,,"00900","79500US2200900","PUMA5 00900, Louisiana",39830,"PUMA5 00900, Louisiana",2523
"G22001000","2010","LA",,,"Louisiana","22",,,,,,,,,,,,,,,,,,"01000","79500US2201000","PUMA5 01000, Louisiana",43852,"PUMA5 01000, Louisiana",5037
"G22001100","2010","LA",,,"Louisiana","22",,,,,,,,,,,,,,,,,,"01100","79500US2201100","PUMA5 01100, Louisiana",46540,"PUMA5 01100, Louisiana",3838
"G22001200","2010","LA",,,"Louisiana","22",,,,,,,,,,,,,,,,,,"01200","79500US2201200","PUMA5 01200, Louisiana",33411,"PUMA5 01200, Louisiana",3248
"G22001300","2010","LA",,,"Louisiana","22",,,,,,,,,,,,,,,,,,"01300","79500US2201300","PUMA5 01300, Louisiana",41939,"PUMA5 01300, Louisiana",3348
"G22001401","2010","LA",,,"Louisiana","22",,,,,,,,,,,,,,,,,,"01401","79500US2201401","PUMA5 01401, Louisiana",53486,"PUMA5 01401, Louisiana",4761
"G22001402","2010","LA",,,"Louisiana","22",,,,,,,,,,,,,,,,,,"01402","79500US2201402","PUMA5 01402, Louisiana",62594,"PUMA5 01402, Louisiana",3605
"G22001501","2010","LA",,,"Louisiana","22",,,,,,,,,,,,,,,,,,"01501","79500US2201501","PUMA5 01501, Louisiana",25540,"PUMA5 01501, Louisiana",2546
"G22001502","2010","LA",,,"Louisiana","22",,,,,,,,,,,,,,,,,,"01502","79500US2201502","PUMA5 01502, Louisiana",42161,"PUMA5 01502, Louisiana",3318
"G22001600","2010","LA",,,"Louisiana","22",,,,,,,,,,,,,,,,,,"01600","79500US2201600","PUMA5 01600, Louisiana",55498,"PUMA5 01600, Louisiana",4202
"G22001700","2010","LA",,,"Louisiana","22",,,,,,,,,,,,,,,,,,"01700","79500US2201700","PUMA5 01700, Louisiana",37390,"PUMA5 01700, Louisiana",3977
"G22001801","2010","LA",,,"Louisiana","22",,,,,,,,,,,,,,,,,,"01801","79500US2201801","PUMA5 01801, Louisiana",33277,"PUMA5 01801, Louisiana",5845
"G22001802","2010","LA",,,"Louisiana","22",,,,,,,,,,,,,,,,,,"01802","79500US2201802","PUMA5 01802, Louisiana",42978,"PUMA5 01802, Louisiana",3977
"G22001803","2010","LA",,,"Louisiana","22",,,,,,,,,,,,,,,,,,"01803","79500US2201803","PUMA5 01803, Louisiana",32048,"PUMA5 01803, Louisiana",3516
"G22001804","2010","LA",,,"Louisiana","22",,,,,,,,,,,,,,,,,,"01804","79500US2201804","PUMA5 01804, Louisiana",41113,"PUMA5 01804, Louisiana",3312
"G22001901","2010","LA",,,"Louisiana","22",,,,,,,,,,,,,,,,,,"01901","79500US2201901","PUMA5 01901, Louisiana",46313,"PUMA5 01901, Louisiana",2359
"G22001902","2010","LA",,,"Louisiana","22",,,,,,,,,,,,,,,,,,"01902","79500US2201902","PUMA5 01902, Louisiana",50479,"PUMA5 01902, Louisiana",3149
"G22001903","2010","LA",,,"Louisiana","22",,,,,,,,,,,,,,,,,,"01903","79500US2201903","PUMA5 01903, Louisiana",39564,"PUMA5 01903, Louisiana",3268
"G22001904","2010","LA",,,"Louisiana","22",,,,,,,,,,,,,,,,,,"01904","79500US2201904","PUMA5 01904, Louisiana",46834,"PUMA5 01904, Louisiana",4175
"G22001905","2010","LA",,,"Louisiana","22",,,,,,,,,,,,,,,,,,"01905","79500US2201905","PUMA5 01905, Louisiana",46947,"PUMA5 01905, Louisiana",6296
"G22002001","2010","LA",,,"Louisiana","22",,,,,,,,,,,,,,,,,,"02001","79500US2202001","PUMA5 02001, Louisiana",54028,"PUMA5 02001, Louisiana",6400
"G22002002","2010","LA",,,"Louisiana","22",,,,,,,,,,,,,,,,,,"02002","79500US2202002","PUMA5 02002, Louisiana",51563,"PUMA5 02002, Louisiana",3360
"G22002100","2010","LA",,,"Louisiana","22",,,,,,,,,,,,,,,,,,"02100","79500US2202100","PUMA5 02100, Louisiana",46704,"PUMA5 02100, Louisiana",3558
"G22002200","2010","LA",,,"Louisiana","22",,,,,,,,,,,,,,,,,,"02200","79500US2202200","PUMA5 02200, Louisiana",48583,"PUMA5 02200, Louisiana",6660
"G22002300","2010","LA",,,"Louisiana","22",,,,,,,,,,,,,,,,,,"02300","79500US2202300","PUMA5 02300, Louisiana",40374,"PUMA5 02300, Louisiana",2778
"G22002400","2010","LA",,,"Louisiana","22",,,,,,,,,,,,,,,,,,"02400","79500US2202400","PUMA5 02400, Louisiana",50596,"PUMA5 02400, Louisiana",2866
"G22002500","2010","LA",,,"Louisiana","22",,,,,,,,,,,,,,,,,,"02500","79500US2202500","PUMA5 02500, Louisiana",45116,"PUMA5 02500, Louisiana",5128
"G23000100","2010","ME",,,"Maine","23",,,,,,,,,,,,,,,,,,"00100","79500US2300100","PUMA5 00100, Maine",55010,"PUMA5 00100, Maine",3670
"G23000200","2010","ME",,,"Maine","23",,,,,,,,,,,,,,,,,,"00200","79500US2300200","PUMA5 00200, Maine",47748,"PUMA5 00200, Maine",5440
"G23000300","2010","ME",,,"Maine","23",,,,,,,,,,,,,,,,,,"00300","79500US2300300","PUMA5 00300, Maine",64721,"PUMA5 00300, Maine",2711
"G23000400","2010","ME",,,"Maine","23",,,,,,,,,,,,,,,,,,"00400","79500US2300400","PUMA5 00400, Maine",51491,"PUMA5 00400, Maine",2654
"G23000500","2010","ME",,,"Maine","23",,,,,,,,,,,,,,,,,,"00500","79500US2300500","PUMA5 00500, Maine",39124,"PUMA5 00500, Maine",3658
"G23000600","2010","ME",,,"Maine","23",,,,,,,,,,,,,,,,,,"00600","79500US2300600","PUMA5 00600, Maine",44964,"PUMA5 00600, Maine",3781
"G23000700","2010","ME",,,"Maine","23",,,,,,,,,,,,,,,,,,"00700","79500US2300700","PUMA5 00700, Maine",41190,"PUMA5 00700, Maine",3303
"G23000800","2010","ME",,,"Maine","23",,,,,,,,,,,,,,,,,,"00800","79500US2300800","PUMA5 00800, Maine",37220,"PUMA5 00800, Maine",2116
"G23000900","2010","ME",,,"Maine","23",,,,,,,,,,,,,,,,,,"00900","79500US2300900","PUMA5 00900, Maine",41829,"PUMA5 00900, Maine",1970
"G23001000","2010","ME",,,"Maine","23",,,,,,,,,,,,,,,,,,"01000","79500US2301000","PUMA5 01000, Maine",35687,"PUMA5 01000, Maine",2112
"G24000100","2010","MD",,,"Maryland","24",,,,,,,,,,,,,,,,,,"00100","79500US2400100","PUMA5 00100, Maryland",39175,"PUMA5 00100, Maryland",4555
"G24000200","2010","MD",,,"Maryland","24",,,,,,,,,,,,,,,,,,"00200","79500US2400200","PUMA5 00200, Maryland",52857,"PUMA5 00200, Maryland",4586
"G24000300","2010","MD",,,"Maryland","24",,,,,,,,,,,,,,,,,,"00300","79500US2400300","PUMA5 00300, Maryland",82183,"PUMA5 00300, Maryland",5343
"G24000400","2010","MD",,,"Maryland","24",,,,,,,,,,,,,,,,,,"00400","79500US2400400","PUMA5 00400, Maryland",82077,"PUMA5 00400, Maryland",4295
"G24000501","2010","MD",,,"Maryland","24",,,,,,,,,,,,,,,,,,"00501","79500US2400501","PUMA5 00501, Maryland",85072,"PUMA5 00501, Maryland",6452
"G24000502","2010","MD",,,"Maryland","24",,,,,,,,,,,,,,,,,,"00502","79500US2400502","PUMA5 00502, Maryland",66049,"PUMA5 00502, Maryland",4858
"G24000503","2010","MD",,,"Maryland","24",,,,,,,,,,,,,,,,,,"00503","79500US2400503","PUMA5 00503, Maryland",66948,"PUMA5 00503, Maryland",5070
"G24000504","2010","MD",,,"Maryland","24",,,,,,,,,,,,,,,,,,"00504","79500US2400504","PUMA5 00504, Maryland",59601,"PUMA5 00504, Maryland",4324
"G24000505","2010","MD",,,"Maryland","24",,,,,,,,,,,,,,,,,,"00505","79500US2400505","PUMA5 00505, Maryland",63455,"PUMA5 00505, Maryland",4911
"G24000506","2010","MD",,,"Maryland","24",,,,,,,,,,,,,,,,,,"00506","79500US2400506","PUMA5 00506, Maryland",50525,"PUMA5 00506, Maryland",2079
"G24000507","2010","MD",,,"Maryland","24",,,,,,,,,,,,,,,,,,"00507","79500US2400507","PUMA5 00507, Maryland",58840,"PUMA5 00507, Maryland",5545
"G24000601","2010","MD",,,"Maryland","24",,,,,,,,,,,,,,,,,,"00601","79500US2400601","PUMA5 00601, Maryland",84238,"PUMA5 00601, Maryland",6386
"G24000602","2010","MD",,,"Maryland","24",,,,,,,,,,,,,,,,,,"00602","79500US2400602","PUMA5 00602, Maryland",62387,"PUMA5 00602, Maryland",4500
"G24000700","2010","MD",,,"Maryland","24",,,,,,,,,,,,,,,,,,"00700","79500US2400700","PUMA5 00700, Maryland",59655,"PUMA5 00700, Maryland",5551
"G24000801","2010","MD",,,"Maryland","24",,,,,,,,,,,,,,,,,,"00801","79500US2400801","PUMA5 00801, Maryland",35118,"PUMA5 00801, Maryland",3630
"G24000802","2010","MD",,,"Maryland","24",,,,,,,,,,,,,,,,,,"00802","79500US2400802","PUMA5 00802, Maryland",43402,"PUMA5 00802, Maryland",5614
"G24000803","2010","MD",,,"Maryland","24",,,,,,,,,,,,,,,,,,"00803","79500US2400803","PUMA5 00803, Maryland",44992,"PUMA5 00803, Maryland",5204
"G24000804","2010","MD",,,"Maryland","24",,,,,,,,,,,,,,,,,,"00804","79500US2400804","PUMA5 00804, Maryland",38336,"PUMA5 00804, Maryland",3399
"G24000805","2010","MD",,,"Maryland","24",,,,,,,,,,,,,,,,,,"00805","79500US2400805","PUMA5 00805, Maryland",23611,"PUMA5 00805, Maryland",3780
"G24000806","2010","MD",,,"Maryland","24",,,,,,,,,,,,,,,,,,"00806","79500US2400806","PUMA5 00806, Maryland",44028,"PUMA5 00806, Maryland",4000
"G24000901","2010","MD",,,"Maryland","24",,,,,,,,,,,,,,,,,,"00901","79500US2400901","PUMA5 00901, Maryland",123092,"PUMA5 00901, Maryland",7853
"G24000902","2010","MD",,,"Maryland","24",,,,,,,,,,,,,,,,,,"00902","79500US2400902","PUMA5 00902, Maryland",91515,"PUMA5 00902, Maryland",8469
"G24001001","2010","MD",,,"Maryland","24",,,,,,,,,,,,,,,,,,"01001","79500US2401001","PUMA5 01001, Maryland",120794,"PUMA5 01001, Maryland",6869
"G24001002","2010","MD",,,"Maryland","24",,,,,,,,,,,,,,,,,,"01002","79500US2401002","PUMA5 01002, Maryland",79320,"PUMA5 01002, Maryland",6135
"G24001003","2010","MD",,,"Maryland","24",,,,,,,,,,,,,,,,,,"01003","79500US2401003","PUMA5 01003, Maryland",90166,"PUMA5 01003, Maryland",4286
"G24001004","2010","MD",,,"Maryland","24",,,,,,,,,,,,,,,,,,"01004","79500US2401004","PUMA5 01004, Maryland",120989,"PUMA5 01004, Maryland",3955
"G24001005","2010","MD",,,"Maryland","24",,,,,,,,,,,,,,,,,,"01005","79500US2401005","PUMA5 01005, Maryland",73658,"PUMA5 01005, Maryland",5239
"G24001006","2010","MD",,,"Maryland","24",,,,,,,,,,,,,,,,,,"01006","79500US2401006","PUMA5 01006, Maryland",79586,"PUMA5 01006, Maryland",9550
"G24001007","2010","MD",,,"Maryland","24",,,,,,,,,,,,,,,,,,"01007","79500US2401007","PUMA5 01007, Maryland",65116,"PUMA5 01007, Maryland",3636
"G24001101","2010","MD",,,"Maryland","24",,,,,,,,,,,,,,,,,,"01101","79500US2401101","PUMA5 01101, Maryland",50691,"PUMA5 01101, Maryland",2709
"G24001102","2010","MD",,,"Maryland","24",,,,,,,,,,,,,,,,,,"01102","79500US2401102","PUMA5 01102, Maryland",70674,"PUMA5 01102, Maryland",4170
"G24001103","2010","MD",,,"Maryland","24",,,,,,,,,,,,,,,,,,"01103","79500US2401103","PUMA5 01103, Maryland",57079,"PUMA5 01103, Maryland",4491
"G24001104","2010","MD",,,"Maryland","24",,,,,,,,,,,,,,,,,,"01104","79500US2401104","PUMA5 01104, Maryland",60727,"PUMA5 01104, Maryland",6700
"G24001105","2010","MD",,,"Maryland","24",,,,,,,,,,,,,,,,,,"01105","79500US2401105","PUMA5 01105, Maryland",100011,"PUMA5 01105, Maryland",3324
"G24001106","2010","MD",,,"Maryland","24",,,,,,,,,,,,,,,,,,"01106","79500US2401106","PUMA5 01106, Maryland",87703,"PUMA5 01106, Maryland",5908
"G24001107","2010","MD",,,"Maryland","24",,,,,,,,,,,,,,,,,,"01107","79500US2401107","PUMA5 01107, Maryland",56318,"PUMA5 01107, Maryland",3213
"G24001201","2010","MD",,,"Maryland","24",,,,,,,,,,,,,,,,,,"01201","79500US2401201","PUMA5 01201, Maryland",90621,"PUMA5 01201, Maryland",5801
"G24001202","2010","MD",,,"Maryland","24",,,,,,,,,,,,,,,,,,"01202","79500US2401202","PUMA5 01202, Maryland",66839,"PUMA5 01202, Maryland",2796
"G24001203","2010","MD",,,"Maryland","24",,,,,,,,,,,,,,,,,,"01203","79500US2401203","PUMA5 01203, Maryland",92490,"PUMA5 01203, Maryland",5753
"G24001204","2010","MD",,,"Maryland","24",,,,,,,,,,,,,,,,,,"01204","79500US2401204","PUMA5 01204, Maryland",77619,"PUMA5 01204, Maryland",8122
"G24001300","2010","MD",,,"Maryland","24",,,,,,,,,,,,,,,,,,"01300","79500US2401300","PUMA5 01300, Maryland",59445,"PUMA5 01300, Maryland",2544
"G24001400","2010","MD",,,"Maryland","24",,,,,,,,,,,,,,,,,,"01400","79500US2401400","PUMA5 01400, Maryland",52135,"PUMA5 01400, Maryland",2625
"G24001500","2010","MD",,,"Maryland","24",,,,,,,,,,,,,,,,,,"01500","79500US2401500","PUMA5 01500, Maryland",88636,"PUMA5 01500, Maryland",4655
"G24001600","2010","MD",,,"Maryland","24",,,,,,,,,,,,,,,,,,"01600","79500US2401600","PUMA5 01600, Maryland",87007,"PUMA5 01600, Maryland",6752
"G25000100","2010","MA",,,"Massachusetts","25",,,,,,,,,,,,,,,,,,"00100","79500US2500100","PUMA5 00100, Massachusetts",42464,"PUMA5 00100, Massachusetts",3446
"G25000200","2010","MA",,,"Massachusetts","25",,,,,,,,,,,,,,,,,,"00200","79500US2500200","PUMA5 00200, Massachusetts",52345,"PUMA5 00200, Massachusetts",3658
"G25000300","2010","MA",,,"Massachusetts","25",,,,,,,,,,,,,,,,,,"00300","79500US2500300","PUMA5 00300, Massachusetts",53346,"PUMA5 00300, Massachusetts",4870
"G25000400","2010","MA",,,"Massachusetts","25",,,,,,,,,,,,,,,,,,"00400","79500US2500400","PUMA5 00400, Massachusetts",74194,"PUMA5 00400, Massachusetts",3427
"G25000500","2010","MA",,,"Massachusetts","25",,,,,,,,,,,,,,,,,,"00500","79500US2500500","PUMA5 00500, Massachusetts",82724,"PUMA5 00500, Massachusetts",5496
"G25000600","2010","MA",,,"Massachusetts","25",,,,,,,,,,,,,,,,,,"00600","79500US2500600","PUMA5 00600, Massachusetts",51528,"PUMA5 00600, Massachusetts",3116
"G25000700","2010","MA",,,"Massachusetts","25",,,,,,,,,,,,,,,,,,"00700","79500US2500700","PUMA5 00700, Massachusetts",47818,"PUMA5 00700, Massachusetts",5474
"G25000800","2010","MA",,,"Massachusetts","25",,,,,,,,,,,,,,,,,,"00800","79500US2500800","PUMA5 00800, Massachusetts",72300,"PUMA5 00800, Massachusetts",4004
"G25000900","2010","MA",,,"Massachusetts","25",,,,,,,,,,,,,,,,,,"00900","79500US2500900","PUMA5 00900, Massachusetts",70197,"PUMA5 00900, Massachusetts",4493
"G25001000","2010","MA",,,"Massachusetts","25",,,,,,,,,,,,,,,,,,"01000","79500US2501000","PUMA5 01000, Massachusetts",71596,"PUMA5 01000, Massachusetts",3215
"G25001100","2010","MA",,,"Massachusetts","25",,,,,,,,,,,,,,,,,,"01100","79500US2501100","PUMA5 01100, Massachusetts",61797,"PUMA5 01100, Massachusetts",4630
"G25001200","2010","MA",,,"Massachusetts","25",,,,,,,,,,,,,,,,,,"01200","79500US2501200","PUMA5 01200, Massachusetts",47801,"PUMA5 01200, Massachusetts",3036
"G25001300","2010","MA",,,"Massachusetts","25",,,,,,,,,,,,,,,,,,"01300","79500US2501300","PUMA5 01300, Massachusetts",92103,"PUMA5 01300, Massachusetts",6013
"G25001400","2010","MA",,,"Massachusetts","25",,,,,,,,,,,,,,,,,,"01400","79500US2501400","PUMA5 01400, Massachusetts",107113,"PUMA5 01400, Massachusetts",11114
"G25001500","2010","MA",,,"Massachusetts","25",,,,,,,,,,,,,,,,,,"01500","79500US2501500","PUMA5 01500, Massachusetts",73039,"PUMA5 01500, Massachusetts",5599
"G25001600","2010","MA",,,"Massachusetts","25",,,,,,,,,,,,,,,,,,"01600","79500US2501600","PUMA5 01600, Massachusetts",57201,"PUMA5 01600, Massachusetts",4058
"G25001700","2010","MA",,,"Massachusetts","25",,,,,,,,,,,,,,,,,,"01700","79500US2501700","PUMA5 01700, Massachusetts",40611,"PUMA5 01700, Massachusetts",2860
"G25001800","2010","MA",,,"Massachusetts","25",,,,,,,,,,,,,,,,,,"01800","79500US2501800","PUMA5 01800, Massachusetts",55499,"PUMA5 01800, Massachusetts",3843
"G25001900","2010","MA",,,"Massachusetts","25",,,,,,,,,,,,,,,,,,"01900","79500US2501900","PUMA5 01900, Massachusetts",35236,"PUMA5 01900, Massachusetts",2492
"G25002000","2010","MA",,,"Massachusetts","25",,,,,,,,,,,,,,,,,,"02000","79500US2502000","PUMA5 02000, Massachusetts",71870,"PUMA5 02000, Massachusetts",6099
"G25002100","2010","MA",,,"Massachusetts","25",,,,,,,,,,,,,,,,,,"02100","79500US2502100","PUMA5 02100, Massachusetts",66348,"PUMA5 02100, Massachusetts",5425
"G25002200","2010","MA",,,"Massachusetts","25",,,,,,,,,,,,,,,,,,"02200","79500US2502200","PUMA5 02200, Massachusetts",76172,"PUMA5 02200, Massachusetts",6273
"G25002300","2010","MA",,,"Massachusetts","25",,,,,,,,,,,,,,,,,,"02300","79500US2502300","PUMA5 02300, Massachusetts",42938,"PUMA5 02300, Massachusetts",3923
"G25002400","2010","MA",,,"Massachusetts","25",,,,,,,,,,,,,,,,,,"02400","79500US2502400","PUMA5 02400, Massachusetts",92094,"PUMA5 02400, Massachusetts",6527
"G25002500","2010","MA",,,"Massachusetts","25",,,,,,,,,,,,,,,,,,"02500","79500US2502500","PUMA5 02500, Massachusetts",80671,"PUMA5 02500, Massachusetts",9461
"G25002600","2010","MA",,,"Massachusetts","25",,,,,,,,,,,,,,,,,,"02600","79500US2502600","PUMA5 02600, Massachusetts",109533,"PUMA5 02600, Massachusetts",6749
"G25002700","2010","MA",,,"Massachusetts","25",,,,,,,,,,,,,,,,,,"02700","79500US2502700","PUMA5 02700, Massachusetts",80769,"PUMA5 02700, Massachusetts",3445
"G25002800","2010","MA",,,"Massachusetts","25",,,,,,,,,,,,,,,,,,"02800","79500US2502800","PUMA5 02800, Massachusetts",77180,"PUMA5 02800, Massachusetts",5578
"G25002900","2010","MA",,,"Massachusetts","25",,,,,,,,,,,,,,,,,,"02900","79500US2502900","PUMA5 02900, Massachusetts",50489,"PUMA5 02900, Massachusetts",7208
"G25003000","2010","MA",,,"Massachusetts","25",,,,,,,,,,,,,,,,,,"03000","79500US2503000","PUMA5 03000, Massachusetts",60185,"PUMA5 03000, Massachusetts",5034
"G25003100","2010","MA",,,"Massachusetts","25",,,,,,,,,,,,,,,,,,"03100","79500US2503100","PUMA5 03100, Massachusetts",52733,"PUMA5 03100, Massachusetts",3460
"G25003200","2010","MA",,,"Massachusetts","25",,,,,,,,,,,,,,,,,,"03200","79500US2503200","PUMA5 03200, Massachusetts",64958,"PUMA5 03200, Massachusetts",4956
"G25003301","2010","MA",,,"Massachusetts","25",,,,,,,,,,,,,,,,,,"03301","79500US2503301","PUMA5 03301, Massachusetts",29138,"PUMA5 03301, Massachusetts",4944
"G25003302","2010","MA",,,"Massachusetts","25",,,,,,,,,,,,,,,,,,"03302","79500US2503302","PUMA5 03302, Massachusetts",63124,"PUMA5 03302, Massachusetts",4432
"G25003303","2010","MA",,,"Massachusetts","25",,,,,,,,,,,,,,,,,,"03303","79500US2503303","PUMA5 03303, Massachusetts",30467,"PUMA5 03303, Massachusetts",5343
"G25003304","2010","MA",,,"Massachusetts","25",,,,,,,,,,,,,,,,,,"03304","79500US2503304","PUMA5 03304, Massachusetts",53231,"PUMA5 03304, Massachusetts",5564
"G25003305","2010","MA",,,"Massachusetts","25",,,,,,,,,,,,,,,,,,"03305","79500US2503305","PUMA5 03305, Massachusetts",70202,"PUMA5 03305, Massachusetts",8590
"G25003400","2010","MA",,,"Massachusetts","25",,,,,,,,,,,,,,,,,,"03400","79500US2503400","PUMA5 03400, Massachusetts",95818,"PUMA5 03400, Massachusetts",8837
"G25003500","2010","MA",,,"Massachusetts","25",,,,,,,,,,,,,,,,,,"03500","79500US2503500","PUMA5 03500, Massachusetts",97266,"PUMA5 03500, Massachusetts",6701
"G25003600","2010","MA",,,"Massachusetts","25",,,,,,,,,,,,,,,,,,"03600","79500US2503600","PUMA5 03600, Massachusetts",86300,"PUMA5 03600, Massachusetts",6501
"G25003700","2010","MA",,,"Massachusetts","25",,,,,,,,,,,,,,,,,,"03700","79500US2503700","PUMA5 03700, Massachusetts",69350,"PUMA5 03700, Massachusetts",5249
"G25003800","2010","MA",,,"Massachusetts","25",,,,,,,,,,,,,,,,,,"03800","79500US2503800","PUMA5 03800, Massachusetts",62665,"PUMA5 03800, Massachusetts",4607
"G25003900","2010","MA",,,"Massachusetts","25",,,,,,,,,,,,,,,,,,"03900","79500US2503900","PUMA5 03900, Massachusetts",77118,"PUMA5 03900, Massachusetts",4547
"G25004000","2010","MA",,,"Massachusetts","25",,,,,,,,,,,,,,,,,,"04000","79500US2504000","PUMA5 04000, Massachusetts",51399,"PUMA5 04000, Massachusetts",5955
"G25004100","2010","MA",,,"Massachusetts","25",,,,,,,,,,,,,,,,,,"04100","79500US2504100","PUMA5 04100, Massachusetts",79103,"PUMA5 04100, Massachusetts",6149
"G25004200","2010","MA",,,"Massachusetts","25",,,,,,,,,,,,,,,,,,"04200","79500US2504200","PUMA5 04200, Massachusetts",58824,"PUMA5 04200, Massachusetts",6749
"G25004300","2010","MA",,,"Massachusetts","25",,,,,,,,,,,,,,,,,,"04300","79500US2504300","PUMA5 04300, Massachusetts",63515,"PUMA5 04300, Massachusetts",5086
"G25004400","2010","MA",,,"Massachusetts","25",,,,,,,,,,,,,,,,,,"04400","79500US2504400","PUMA5 04400, Massachusetts",38127,"PUMA5 04400, Massachusetts",3107
"G25004500","2010","MA",,,"Massachusetts","25",,,,,,,,,,,,,,,,,,"04500","79500US2504500","PUMA5 04500, Massachusetts",46551,"PUMA5 04500, Massachusetts",2583
"G25004600","2010","MA",,,"Massachusetts","25",,,,,,,,,,,,,,,,,,"04600","79500US2504600","PUMA5 04600, Massachusetts",77148,"PUMA5 04600, Massachusetts",6306
"G25004700","2010","MA",,,"Massachusetts","25",,,,,,,,,,,,,,,,,,"04700","79500US2504700","PUMA5 04700, Massachusetts",59144,"PUMA5 04700, Massachusetts",6123
"G25004800","2010","MA",,,"Massachusetts","25",,,,,,,,,,,,,,,,,,"04800","79500US2504800","PUMA5 04800, Massachusetts",56716,"PUMA5 04800, Massachusetts",4402
"G26000100","2010","MI",,,"Michigan","26",,,,,,,,,,,,,,,,,,"00100","79500US2600100","PUMA5 00100, Michigan",35808,"PUMA5 00100, Michigan",1917
"G26000200","2010","MI",,,"Michigan","26",,,,,,,,,,,,,,,,,,"00200","79500US2600200","PUMA5 00200, Michigan",41718,"PUMA5 00200, Michigan",1844
"G26000300","2010","MI",,,"Michigan","26",,,,,,,,,,,,,,,,,,"00300","79500US2600300","PUMA5 00300, Michigan",35401,"PUMA5 00300, Michigan",2472
"G26000400","2010","MI",,,"Michigan","26",,,,,,,,,,,,,,,,,,"00400","79500US2600400","PUMA5 00400, Michigan",40826,"PUMA5 00400, Michigan",1280
"G26000500","2010","MI",,,"Michigan","26",,,,,,,,,,,,,,,,,,"00500","79500US2600500","PUMA5 00500, Michigan",36963,"PUMA5 00500, Michigan",1526
"G26000600","2010","MI",,,"Michigan","26",,,,,,,,,,,,,,,,,,"00600","79500US2600600","PUMA5 00600, Michigan",34368,"PUMA5 00600, Michigan",1596
"G26000700","2010","MI",,,"Michigan","26",,,,,,,,,,,,,,,,,,"00700","79500US2600700","PUMA5 00700, Michigan",40009,"PUMA5 00700, Michigan",1452
"G26000800","2010","MI",,,"Michigan","26",,,,,,,,,,,,,,,,,,"00800","79500US2600800","PUMA5 00800, Michigan",46976,"PUMA5 00800, Michigan",2447
"G26000900","2010","MI",,,"Michigan","26",,,,,,,,,,,,,,,,,,"00900","79500US2600900","PUMA5 00900, Michigan",41938,"PUMA5 00900, Michigan",1484
"G26001000","2010","MI",,,"Michigan","26",,,,,,,,,,,,,,,,,,"01000","79500US2601000","PUMA5 01000, Michigan",33570,"PUMA5 01000, Michigan",2005
"G26001100","2010","MI",,,"Michigan","26",,,,,,,,,,,,,,,,,,"01100","79500US2601100","PUMA5 01100, Michigan",36379,"PUMA5 01100, Michigan",1779
"G26001200","2010","MI",,,"Michigan","26",,,,,,,,,,,,,,,,,,"01200","79500US2601200","PUMA5 01200, Michigan",38621,"PUMA5 01200, Michigan",3393
"G26001300","2010","MI",,,"Michigan","26",,,,,,,,,,,,,,,,,,"01300","79500US2601300","PUMA5 01300, Michigan",36128,"PUMA5 01300, Michigan",2256
"G26001401","2010","MI",,,"Michigan","26",,,,,,,,,,,,,,,,,,"01401","79500US2601401","PUMA5 01401, Michigan",62641,"PUMA5 01401, Michigan",4645
"G26001402","2010","MI",,,"Michigan","26",,,,,,,,,,,,,,,,,,"01402","79500US2601402","PUMA5 01402, Michigan",56217,"PUMA5 01402, Michigan",3587
"G26001403","2010","MI",,,"Michigan","26",,,,,,,,,,,,,,,,,,"01403","79500US2601403","PUMA5 01403, Michigan",42151,"PUMA5 01403, Michigan",2180
"G26001500","2010","MI",,,"Michigan","26",,,,,,,,,,,,,,,,,,"01500","79500US2601500","PUMA5 01500, Michigan",53056,"PUMA5 01500, Michigan",1964
"G26001600","2010","MI",,,"Michigan","26",,,,,,,,,,,,,,,,,,"01600","79500US2601600","PUMA5 01600, Michigan",46322,"PUMA5 01600, Michigan",1905
"G26001700","2010","MI",,,"Michigan","26",,,,,,,,,,,,,,,,,,"01700","79500US2601700","PUMA5 01700, Michigan",47126,"PUMA5 01700, Michigan",2159
"G26001800","2010","MI",,,"Michigan","26",,,,,,,,,,,,,,,,,,"01800","79500US2601800","PUMA5 01800, Michigan",34770,"PUMA5 01800, Michigan",2167
"G26001900","2010","MI",,,"Michigan","26",,,,,,,,,,,,,,,,,,"01900","79500US2601900","PUMA5 01900, Michigan",51763,"PUMA5 01900, Michigan",4318
"G26002000","2010","MI",,,"Michigan","26",,,,,,,,,,,,,,,,,,"02000","79500US2602000","PUMA5 02000, Michigan",54395,"PUMA5 02000, Michigan",2814
"G26002100","2010","MI",,,"Michigan","26",,,,,,,,,,,,,,,,,,"02100","79500US2602100","PUMA5 02100, Michigan",37765,"PUMA5 02100, Michigan",1347
"G26002200","2010","MI",,,"Michigan","26",,,,,,,,,,,,,,,,,,"02200","79500US2602200","PUMA5 02200, Michigan",22672,"PUMA5 02200, Michigan",3798
"G26002301","2010","MI",,,"Michigan","26",,,,,,,,,,,,,,,,,,"02301","79500US2602301","PUMA5 02301, Michigan",36120,"PUMA5 02301, Michigan",3287
"G26002302","2010","MI",,,"Michigan","26",,,,,,,,,,,,,,,,,,"02302","79500US2602302","PUMA5 02302, Michigan",49276,"PUMA5 02302, Michigan",2398
"G26002400","2010","MI",,,"Michigan","26",,,,,,,,,,,,,,,,,,"02400","79500US2602400","PUMA5 02400, Michigan",40329,"PUMA5 02400, Michigan",2469
"G26002501","2010","MI",,,"Michigan","26",,,,,,,,,,,,,,,,,,"02501","79500US2602501","PUMA5 02501, Michigan",66141,"PUMA5 02501, Michigan",4822
"G26002502","2010","MI",,,"Michigan","26",,,,,,,,,,,,,,,,,,"02502","79500US2602502","PUMA5 02502, Michigan",66406,"PUMA5 02502, Michigan",3064
"G26002503","2010","MI",,,"Michigan","26",,,,,,,,,,,,,,,,,,"02503","79500US2602503","PUMA5 02503, Michigan",41963,"PUMA5 02503, Michigan",2940
"G26002504","2010","MI",,,"Michigan","26",,,,,,,,,,,,,,,,,,"02504","79500US2602504","PUMA5 02504, Michigan",73284,"PUMA5 02504, Michigan",4781
"G26002505","2010","MI",,,"Michigan","26",,,,,,,,,,,,,,,,,,"02505","79500US2602505","PUMA5 02505, Michigan",88531,"PUMA5 02505, Michigan",8296
"G26002506","2010","MI",,,"Michigan","26",,,,,,,,,,,,,,,,,,"02506","79500US2602506","PUMA5 02506, Michigan",52897,"PUMA5 02506, Michigan",2676
"G26002507","2010","MI",,,"Michigan","26",,,,,,,,,,,,,,,,,,"02507","79500US2602507","PUMA5 02507, Michigan",44868,"PUMA5 02507, Michigan",5673
"G26002508","2010","MI",,,"Michigan","26",,,,,,,,,,,,,,,,,,"02508","79500US2602508","PUMA5 02508, Michigan",49751,"PUMA5 02508, Michigan",2892
"G26002601","2010","MI",,,"Michigan","26",,,,,,,,,,,,,,,,,,"02601","79500US2602601","PUMA5 02601, Michigan",35530,"PUMA5 02601, Michigan",2187
"G26002602","2010","MI",,,"Michigan","26",,,,,,,,,,,,,,,,,,"02602","79500US2602602","PUMA5 02602, Michigan",49488,"PUMA5 02602, Michigan",2070
"G26002700","2010","MI",,,"Michigan","26",,,,,,,,,,,,,,,,,,"02700","79500US2602700","PUMA5 02700, Michigan",40593,"PUMA5 02700, Michigan",1096
"G26002800","2010","MI",,,"Michigan","26",,,,,,,,,,,,,,,,,,"02800","79500US2602800","PUMA5 02800, Michigan",42921,"PUMA5 02800, Michigan",2705
"G26002900","2010","MI",,,"Michigan","26",,,,,,,,,,,,,,,,,,"02900","79500US2602900","PUMA5 02900, Michigan",42862,"PUMA5 02900, Michigan",3048
"G26003000","2010","MI",,,"Michigan","26",,,,,,,,,,,,,,,,,,"03000","79500US2603000","PUMA5 03000, Michigan",44469,"PUMA5 03000, Michigan",2269
"G26003100","2010","MI",,,"Michigan","26",,,,,,,,,,,,,,,,,,"03100","79500US2603100","PUMA5 03100, Michigan",50034,"PUMA5 03100, Michigan",2310
"G26003200","2010","MI",,,"Michigan","26",,,,,,,,,,,,,,,,,,"03200","79500US2603200","PUMA5 03200, Michigan",52947,"PUMA5 03200, Michigan",2853
"G26003300","2010","MI",,,"Michigan","26",,,,,,,,,,,,,,,,,,"03300","79500US2603300","PUMA5 03300, Michigan",57432,"PUMA5 03300, Michigan",2996
"G26003400","2010","MI",,,"Michigan","26",,,,,,,,,,,,,,,,,,"03400","79500US2603400","PUMA5 03400, Michigan",65197,"PUMA5 03400, Michigan",1867
"G26003500","2010","MI",,,"Michigan","26",,,,,,,,,,,,,,,,,,"03500","79500US2603500","PUMA5 03500, Michigan",46289,"PUMA5 03500, Michigan",1614
"G26003600","2010","MI",,,"Michigan","26",,,,,,,,,,,,,,,,,,"03600","79500US2603600","PUMA5 03600, Michigan",65391,"PUMA5 03600, Michigan",4323
"G26003701","2010","MI",,,"Michigan","26",,,,,,,,,,,,,,,,,,"03701","79500US2603701","PUMA5 03701, Michigan",17941,"PUMA5 03701, Michigan",2289
"G26003702","2010","MI",,,"Michigan","26",,,,,,,,,,,,,,,,,,"03702","79500US2603702","PUMA5 03702, Michigan",27756,"PUMA5 03702, Michigan",2623
"G26003703","2010","MI",,,"Michigan","26",,,,,,,,,,,,,,,,,,"03703","79500US2603703","PUMA5 03703, Michigan",28688,"PUMA5 03703, Michigan",4176
"G26003704","2010","MI",,,"Michigan","26",,,,,,,,,,,,,,,,,,"03704","79500US2603704","PUMA5 03704, Michigan",29072,"PUMA5 03704, Michigan",4632
"G26003705","2010","MI",,,"Michigan","26",,,,,,,,,,,,,,,,,,"03705","79500US2603705","PUMA5 03705, Michigan",25736,"PUMA5 03705, Michigan",1823
"G26003706","2010","MI",,,"Michigan","26",,,,,,,,,,,,,,,,,,"03706","79500US2603706","PUMA5 03706, Michigan",23623,"PUMA5 03706, Michigan",4837
"G26003707","2010","MI",,,"Michigan","26",,,,,,,,,,,,,,,,,,"03707","79500US2603707","PUMA5 03707, Michigan",24333,"PUMA5 03707, Michigan",2443
"G26003708","2010","MI",,,"Michigan","26",,,,,,,,,,,,,,,,,,"03708","79500US2603708","PUMA5 03708, Michigan",31684,"PUMA5 03708, Michigan",2877
"G26003801","2010","MI",,,"Michigan","26",,,,,,,,,,,,,,,,,,"03801","79500US2603801","PUMA5 03801, Michigan",59178,"PUMA5 03801, Michigan",4397
"G26003802","2010","MI",,,"Michigan","26",,,,,,,,,,,,,,,,,,"03802","79500US2603802","PUMA5 03802, Michigan",44566,"PUMA5 03802, Michigan",2359
"G26003803","2010","MI",,,"Michigan","26",,,,,,,,,,,,,,,,,,"03803","79500US2603803","PUMA5 03803, Michigan",70026,"PUMA5 03803, Michigan",4779
"G26003804","2010","MI",,,"Michigan","26",,,,,,,,,,,,,,,,,,"03804","79500US2603804","PUMA5 03804, Michigan",41736,"PUMA5 03804, Michigan",2138
"G26003805","2010","MI",,,"Michigan","26",,,,,,,,,,,,,,,,,,"03805","79500US2603805","PUMA5 03805, Michigan",51391,"PUMA5 03805, Michigan",1659
"G26003806","2010","MI",,,"Michigan","26",,,,,,,,,,,,,,,,,,"03806","79500US2603806","PUMA5 03806, Michigan",38703,"PUMA5 03806, Michigan",2691
"G26003807","2010","MI",,,"Michigan","26",,,,,,,,,,,,,,,,,,"03807","79500US2603807","PUMA5 03807, Michigan",40494,"PUMA5 03807, Michigan",4144
"G26003900","2010","MI",,,"Michigan","26",,,,,,,,,,,,,,,,,,"03900","79500US2603900","PUMA5 03900, Michigan",53390,"PUMA5 03900, Michigan",3132
"G26004000","2010","MI",,,"Michigan","26",,,,,,,,,,,,,,,,,,"04000","79500US2604000","PUMA5 04000, Michigan",41587,"PUMA5 04000, Michigan",2755
"G26004101","2010","MI",,,"Michigan","26",,,,,,,,,,,,,,,,,,"04101","79500US2604101","PUMA5 04101, Michigan",41952,"PUMA5 04101, Michigan",1948
"G26004102","2010","MI",,,"Michigan","26",,,,,,,,,,,,,,,,,,"04102","79500US2604102","PUMA5 04102, Michigan",44351,"PUMA5 04102, Michigan",3282
"G26004103","2010","MI",,,"Michigan","26",,,,,,,,,,,,,,,,,,"04103","79500US2604103","PUMA5 04103, Michigan",59353,"PUMA5 04103, Michigan",5264
"G26004104","2010","MI",,,"Michigan","26",,,,,,,,,,,,,,,,,,"04104","79500US2604104","PUMA5 04104, Michigan",71480,"PUMA5 04104, Michigan",4661
"G27000100","2010","MN",,,"Minnesota","27",,,,,,,,,,,,,,,,,,"00100","79500US2700100","PUMA5 00100, Minnesota",47627,"PUMA5 00100, Minnesota",2632
"G27000200","2010","MN",,,"Minnesota","27",,,,,,,,,,,,,,,,,,"00200","79500US2700200","PUMA5 00200, Minnesota",42230,"PUMA5 00200, Minnesota",2680
"G27000300","2010","MN",,,"Minnesota","27",,,,,,,,,,,,,,,,,,"00300","79500US2700300","PUMA5 00300, Minnesota",44342,"PUMA5 00300, Minnesota",3418
"G27000400","2010","MN",,,"Minnesota","27",,,,,,,,,,,,,,,,,,"00400","79500US2700400","PUMA5 00400, Minnesota",41801,"PUMA5 00400, Minnesota",1619
"G27000500","2010","MN",,,"Minnesota","27",,,,,,,,,,,,,,,,,,"00500","79500US2700500","PUMA5 00500, Minnesota",44364,"PUMA5 00500, Minnesota",1953
"G27000600","2010","MN",,,"Minnesota","27",,,,,,,,,,,,,,,,,,"00600","79500US2700600","PUMA5 00600, Minnesota",43434,"PUMA5 00600, Minnesota",1777
"G27000700","2010","MN",,,"Minnesota","27",,,,,,,,,,,,,,,,,,"00700","79500US2700700","PUMA5 00700, Minnesota",44156,"PUMA5 00700, Minnesota",2414
"G27000800","2010","MN",,,"Minnesota","27",,,,,,,,,,,,,,,,,,"00800","79500US2700800","PUMA5 00800, Minnesota",50085,"PUMA5 00800, Minnesota",1985
"G27000900","2010","MN",,,"Minnesota","27",,,,,,,,,,,,,,,,,,"00900","79500US2700900","PUMA5 00900, Minnesota",64717,"PUMA5 00900, Minnesota",2503
"G27001001","2010","MN",,,"Minnesota","27",,,,,,,,,,,,,,,,,,"01001","79500US2701001","PUMA5 01001, Minnesota",75143,"PUMA5 01001, Minnesota",3306
"G27001002","2010","MN",,,"Minnesota","27",,,,,,,,,,,,,,,,,,"01002","79500US2701002","PUMA5 01002, Minnesota",52192,"PUMA5 01002, Minnesota",2134
"G27001100","2010","MN",,,"Minnesota","27",,,,,,,,,,,,,,,,,,"01100","79500US2701100","PUMA5 01100, Minnesota",78585,"PUMA5 01100, Minnesota",2813
"G27001201","2010","MN",,,"Minnesota","27",,,,,,,,,,,,,,,,,,"01201","79500US2701201","PUMA5 01201, Minnesota",62000,"PUMA5 01201, Minnesota",3302
"G27001202","2010","MN",,,"Minnesota","27",,,,,,,,,,,,,,,,,,"01202","79500US2701202","PUMA5 01202, Minnesota",65826,"PUMA5 01202, Minnesota",4692
"G27001203","2010","MN",,,"Minnesota","27",,,,,,,,,,,,,,,,,,"01203","79500US2701203","PUMA5 01203, Minnesota",79327,"PUMA5 01203, Minnesota",3646
"G27001301","2010","MN",,,"Minnesota","27",,,,,,,,,,,,,,,,,,"01301","79500US2701301","PUMA5 01301, Minnesota",38991,"PUMA5 01301, Minnesota",2322
"G27001302","2010","MN",,,"Minnesota","27",,,,,,,,,,,,,,,,,,"01302","79500US2701302","PUMA5 01302, Minnesota",55844,"PUMA5 01302, Minnesota",3842
"G27001303","2010","MN",,,"Minnesota","27",,,,,,,,,,,,,,,,,,"01303","79500US2701303","PUMA5 01303, Minnesota",46090,"PUMA5 01303, Minnesota",3686
"G27001401","2010","MN",,,"Minnesota","27",,,,,,,,,,,,,,,,,,"01401","79500US2701401","PUMA5 01401, Minnesota",82997,"PUMA5 01401, Minnesota",6469
"G27001402","2010","MN",,,"Minnesota","27",,,,,,,,,,,,,,,,,,"01402","79500US2701402","PUMA5 01402, Minnesota",74035,"PUMA5 01402, Minnesota",4112
"G27001403","2010","MN",,,"Minnesota","27",,,,,,,,,,,,,,,,,,"01403","79500US2701403","PUMA5 01403, Minnesota",51898,"PUMA5 01403, Minnesota",2653
"G27001404","2010","MN",,,"Minnesota","27",,,,,,,,,,,,,,,,,,"01404","79500US2701404","PUMA5 01404, Minnesota",77109,"PUMA5 01404, Minnesota",5607
"G27001405","2010","MN",,,"Minnesota","27",,,,,,,,,,,,,,,,,,"01405","79500US2701405","PUMA5 01405, Minnesota",61688,"PUMA5 01405, Minnesota",4111
"G27001406","2010","MN",,,"Minnesota","27",,,,,,,,,,,,,,,,,,"01406","79500US2701406","PUMA5 01406, Minnesota",54338,"PUMA5 01406, Minnesota",2660
"G27001501","2010","MN",,,"Minnesota","27",,,,,,,,,,,,,,,,,,"01501","79500US2701501","PUMA5 01501, Minnesota",49036,"PUMA5 01501, Minnesota",2693
"G27001502","2010","MN",,,"Minnesota","27",,,,,,,,,,,,,,,,,,"01502","79500US2701502","PUMA5 01502, Minnesota",35230,"PUMA5 01502, Minnesota",3680
"G27001601","2010","MN",,,"Minnesota","27",,,,,,,,,,,,,,,,,,"01601","79500US2701601","PUMA5 01601, Minnesota",66620,"PUMA5 01601, Minnesota",5389
"G27001602","2010","MN",,,"Minnesota","27",,,,,,,,,,,,,,,,,,"01602","79500US2701602","PUMA5 01602, Minnesota",51855,"PUMA5 01602, Minnesota",3337
"G27001700","2010","MN",,,"Minnesota","27",,,,,,,,,,,,,,,,,,"01700","79500US2701700","PUMA5 01700, Minnesota",77239,"PUMA5 01700, Minnesota",3081
"G27001800","2010","MN",,,"Minnesota","27",,,,,,,,,,,,,,,,,,"01800","79500US2701800","PUMA5 01800, Minnesota",48227,"PUMA5 01800, Minnesota",2443
"G27001900","2010","MN",,,"Minnesota","27",,,,,,,,,,,,,,,,,,"01900","79500US2701900","PUMA5 01900, Minnesota",45504,"PUMA5 01900, Minnesota",2133
"G27002000","2010","MN",,,"Minnesota","27",,,,,,,,,,,,,,,,,,"02000","79500US2702000","PUMA5 02000, Minnesota",51065,"PUMA5 02000, Minnesota",1863
"G27002100","2010","MN",,,"Minnesota","27",,,,,,,,,,,,,,,,,,"02100","79500US2702100","PUMA5 02100, Minnesota",56368,"PUMA5 02100, Minnesota",3038
"G27002200","2010","MN",,,"Minnesota","27",,,,,,,,,,,,,,,,,,"02200","79500US2702200","PUMA5 02200, Minnesota",45761,"PUMA5 02200, Minnesota",3029
"G27002300","2010","MN",,,"Minnesota","27",,,,,,,,,,,,,,,,,,"02300","79500US2702300","PUMA5 02300, Minnesota",60721,"PUMA5 02300, Minnesota",3062
"G27002400","2010","MN",,,"Minnesota","27",,,,,,,,,,,,,,,,,,"02400","79500US2702400","PUMA5 02400, Minnesota",46149,"PUMA5 02400, Minnesota",2652
"G27002500","2010","MN",,,"Minnesota","27",,,,,,,,,,,,,,,,,,"02500","79500US2702500","PUMA5 02500, Minnesota",46844,"PUMA5 02500, Minnesota",2294
"G28000100","2010","MS",,,"Mississippi","28",,,,,,,,,,,,,,,,,,"00100","79500US2800100","PUMA5 00100, Mississippi",60385,"PUMA5 00100, Mississippi",4476
"G28000200","2010","MS",,,"Mississippi","28",,,,,,,,,,,,,,,,,,"00200","79500US2800200","PUMA5 00200, Mississippi",34120,"PUMA5 00200, Mississippi",3404
"G28000300","2010","MS",,,"Mississippi","28",,,,,,,,,,,,,,,,,,"00300","79500US2800300","PUMA5 00300, Mississippi",34627,"PUMA5 00300, Mississippi",3126
"G28000400","2010","MS",,,"Mississippi","28",,,,,,,,,,,,,,,,,,"00400","79500US2800400","PUMA5 00400, Mississippi",37360,"PUMA5 00400, Mississippi",3348
"G28000500","2010","MS",,,"Mississippi","28",,,,,,,,,,,,,,,,,,"00500","79500US2800500","PUMA5 00500, Mississippi",31423,"PUMA5 00500, Mississippi",4525
"G28000600","2010","MS",,,"Mississippi","28",,,,,,,,,,,,,,,,,,"00600","79500US2800600","PUMA5 00600, Mississippi",24394,"PUMA5 00600, Mississippi",2356
"G28000700","2010","MS",,,"Mississippi","28",,,,,,,,,,,,,,,,,,"00700","79500US2800700","PUMA5 00700, Mississippi",26875,"PUMA5 00700, Mississippi",2603
"G28000800","2010","MS",,,"Mississippi","28",,,,,,,,,,,,,,,,,,"00800","79500US2800800","PUMA5 00800, Mississippi",30937,"PUMA5 00800, Mississippi",2751
"G28000900","2010","MS",,,"Mississippi","28",,,,,,,,,,,,,,,,,,"00900","79500US2800900","PUMA5 00900, Mississippi",31814,"PUMA5 00900, Mississippi",4207
"G28001000","2010","MS",,,"Mississippi","28",,,,,,,,,,,,,,,,,,"01000","79500US2801000","PUMA5 01000, Mississippi",32259,"PUMA5 01000, Mississippi",2962
"G28001100","2010","MS",,,"Mississippi","28",,,,,,,,,,,,,,,,,,"01100","79500US2801100","PUMA5 01100, Mississippi",29869,"PUMA5 01100, Mississippi",3095
"G28001200","2010","MS",,,"Mississippi","28",,,,,,,,,,,,,,,,,,"01200","79500US2801200","PUMA5 01200, Mississippi",35169,"PUMA5 01200, Mississippi",1549
"G28001300","2010","MS",,,"Mississippi","28",,,,,,,,,,,,,,,,,,"01300","79500US2801300","PUMA5 01300, Mississippi",49293,"PUMA5 01300, Mississippi",3625
"G28001400","2010","MS",,,"Mississippi","28",,,,,,,,,,,,,,,,,,"01400","79500US2801400","PUMA5 01400, Mississippi",34343,"PUMA5 01400, Mississippi",2941
"G28001500","2010","MS",,,"Mississippi","28",,,,,,,,,,,,,,,,,,"01500","79500US2801500","PUMA5 01500, Mississippi",53306,"PUMA5 01500, Mississippi",4728
"G28001600","2010","MS",,,"Mississippi","28",,,,,,,,,,,,,,,,,,"01600","79500US2801600","PUMA5 01600, Mississippi",29424,"PUMA5 01600, Mississippi",4023
"G28001700","2010","MS",,,"Mississippi","28",,,,,,,,,,,,,,,,,,"01700","79500US2801700","PUMA5 01700, Mississippi",33811,"PUMA5 01700, Mississippi",3795
"G28001800","2010","MS",,,"Mississippi","28",,,,,,,,,,,,,,,,,,"01800","79500US2801800","PUMA5 01800, Mississippi",34993,"PUMA5 01800, Mississippi",3940
"G28001900","2010","MS",,,"Mississippi","28",,,,,,,,,,,,,,,,,,"01900","79500US2801900","PUMA5 01900, Mississippi",39013,"PUMA5 01900, Mississippi",3653
"G28002000","2010","MS",,,"Mississippi","28",,,,,,,,,,,,,,,,,,"02000","79500US2802000","PUMA5 02000, Mississippi",29083,"PUMA5 02000, Mississippi",3228
"G28002100","2010","MS",,,"Mississippi","28",,,,,,,,,,,,,,,,,,"02100","79500US2802100","PUMA5 02100, Mississippi",41423,"PUMA5 02100, Mississippi",3680
"G28002200","2010","MS",,,"Mississippi","28",,,,,,,,,,,,,,,,,,"02200","79500US2802200","PUMA5 02200, Mississippi",41970,"PUMA5 02200, Mississippi",2845
"G28002300","2010","MS",,,"Mississippi","28",,,,,,,,,,,,,,,,,,"02300","79500US2802300","PUMA5 02300, Mississippi",44951,"PUMA5 02300, Mississippi",3491
"G29000100","2010","MO",,,"Missouri","29",,,,,,,,,,,,,,,,,,"00100","79500US2900100","PUMA5 00100, Missouri",38005,"PUMA5 00100, Missouri",2226
"G29000200","2010","MO",,,"Missouri","29",,,,,,,,,,,,,,,,,,"00200","79500US2900200","PUMA5 00200, Missouri",42524,"PUMA5 00200, Missouri",3313
"G29000300","2010","MO",,,"Missouri","29",,,,,,,,,,,,,,,,,,"00300","79500US2900300","PUMA5 00300, Missouri",33833,"PUMA5 00300, Missouri",2405
"G29000400","2010","MO",,,"Missouri","29",,,,,,,,,,,,,,,,,,"00400","79500US2900400","PUMA5 00400, Missouri",37425,"PUMA5 00400, Missouri",2547
"G29000500","2010","MO",,,"Missouri","29",,,,,,,,,,,,,,,,,,"00500","79500US2900500","PUMA5 00500, Missouri",50094,"PUMA5 00500, Missouri",2490
"G29000600","2010","MO",,,"Missouri","29",,,,,,,,,,,,,,,,,,"00600","79500US2900600","PUMA5 00600, Missouri",41006,"PUMA5 00600, Missouri",2095
"G29000700","2010","MO",,,"Missouri","29",,,,,,,,,,,,,,,,,,"00700","79500US2900700","PUMA5 00700, Missouri",37518,"PUMA5 00700, Missouri",3122
"G29000800","2010","MO",,,"Missouri","29",,,,,,,,,,,,,,,,,,"00800","79500US2900800","PUMA5 00800, Missouri",59032,"PUMA5 00800, Missouri",3193
"G29000901","2010","MO",,,"Missouri","29",,,,,,,,,,,,,,,,,,"00901","79500US2900901","PUMA5 00901, Missouri",54869,"PUMA5 00901, Missouri",2795
"G29000902","2010","MO",,,"Missouri","29",,,,,,,,,,,,,,,,,,"00902","79500US2900902","PUMA5 00902, Missouri",59489,"PUMA5 00902, Missouri",2726
"G29001001","2010","MO",,,"Missouri","29",,,,,,,,,,,,,,,,,,"01001","79500US2901001","PUMA5 01001, Missouri",57482,"PUMA5 01001, Missouri",4415
"G29001002","2010","MO",,,"Missouri","29",,,,,,,,,,,,,,,,,,"01002","79500US2901002","PUMA5 01002, Missouri",25978,"PUMA5 01002, Missouri",1877
"G29001003","2010","MO",,,"Missouri","29",,,,,,,,,,,,,,,,,,"01003","79500US2901003","PUMA5 01003, Missouri",41619,"PUMA5 01003, Missouri",2846
"G29001004","2010","MO",,,"Missouri","29",,,,,,,,,,,,,,,,,,"01004","79500US2901004","PUMA5 01004, Missouri",42408,"PUMA5 01004, Missouri",2659
"G29001100","2010","MO",,,"Missouri","29",,,,,,,,,,,,,,,,,,"01100","79500US2901100","PUMA5 01100, Missouri",40895,"PUMA5 01100, Missouri",2450
"G29001200","2010","MO",,,"Missouri","29",,,,,,,,,,,,,,,,,,"01200","79500US2901200","PUMA5 01200, Missouri",33826,"PUMA5 01200, Missouri",2495
"G29001300","2010","MO",,,"Missouri","29",,,,,,,,,,,,,,,,,,"01300","79500US2901300","PUMA5 01300, Missouri",40278,"PUMA5 01300, Missouri",2211
"G29001400","2010","MO",,,"Missouri","29",,,,,,,,,,,,,,,,,,"01400","79500US2901400","PUMA5 01400, Missouri",39743,"PUMA5 01400, Missouri",2327
"G29001500","2010","MO",,,"Missouri","29",,,,,,,,,,,,,,,,,,"01500","79500US2901500","PUMA5 01500, Missouri",45852,"PUMA5 01500, Missouri",3235
"G29001601","2010","MO",,,"Missouri","29",,,,,,,,,,,,,,,,,,"01601","79500US2901601","PUMA5 01601, Missouri",70625,"PUMA5 01601, Missouri",3995
"G29001602","2010","MO",,,"Missouri","29",,,,,,,,,,,,,,,,,,"01602","79500US2901602","PUMA5 01602, Missouri",58174,"PUMA5 01602, Missouri",3049
"G29001701","2010","MO",,,"Missouri","29",,,,,,,,,,,,,,,,,,"01701","79500US2901701","PUMA5 01701, Missouri",36826,"PUMA5 01701, Missouri",2642
"G29001702","2010","MO",,,"Missouri","29",,,,,,,,,,,,,,,,,,"01702","79500US2901702","PUMA5 01702, Missouri",42991,"PUMA5 01702, Missouri",3188
"G29001703","2010","MO",,,"Missouri","29",,,,,,,,,,,,,,,,,,"01703","79500US2901703","PUMA5 01703, Missouri",36746,"PUMA5 01703, Missouri",2279
"G29001704","2010","MO",,,"Missouri","29",,,,,,,,,,,,,,,,,,"01704","79500US2901704","PUMA5 01704, Missouri",75036,"PUMA5 01704, Missouri",5739
"G29001705","2010","MO",,,"Missouri","29",,,,,,,,,,,,,,,,,,"01705","79500US2901705","PUMA5 01705, Missouri",74861,"PUMA5 01705, Missouri",4156
"G29001706","2010","MO",,,"Missouri","29",,,,,,,,,,,,,,,,,,"01706","79500US2901706","PUMA5 01706, Missouri",77536,"PUMA5 01706, Missouri",5793
"G29001707","2010","MO",,,"Missouri","29",,,,,,,,,,,,,,,,,,"01707","79500US2901707","PUMA5 01707, Missouri",55798,"PUMA5 01707, Missouri",3090
"G29001708","2010","MO",,,"Missouri","29",,,,,,,,,,,,,,,,,,"01708","79500US2901708","PUMA5 01708, Missouri",72911,"PUMA5 01708, Missouri",4729
"G29001801","2010","MO",,,"Missouri","29",,,,,,,,,,,,,,,,,,"01801","79500US2901801","PUMA5 01801, Missouri",24158,"PUMA5 01801, Missouri",3053
"G29001802","2010","MO",,,"Missouri","29",,,,,,,,,,,,,,,,,,"01802","79500US2901802","PUMA5 01802, Missouri",35800,"PUMA5 01802, Missouri",2606
"G29001803","2010","MO",,,"Missouri","29",,,,,,,,,,,,,,,,,,"01803","79500US2901803","PUMA5 01803, Missouri",37268,"PUMA5 01803, Missouri",2932
"G29001900","2010","MO",,,"Missouri","29",,,,,,,,,,,,,,,,,,"01900","79500US2901900","PUMA5 01900, Missouri",52594,"PUMA5 01900, Missouri",1924
"G29002000","2010","MO",,,"Missouri","29",,,,,,,,,,,,,,,,,,"02000","79500US2902000","PUMA5 02000, Missouri",39562,"PUMA5 02000, Missouri",1476
"G29002100","2010","MO",,,"Missouri","29",,,,,,,,,,,,,,,,,,"02100","79500US2902100","PUMA5 02100, Missouri",32068,"PUMA5 02100, Missouri",1929
"G29002200","2010","MO",,,"Missouri","29",,,,,,,,,,,,,,,,,,"02200","79500US2902200","PUMA5 02200, Missouri",33551,"PUMA5 02200, Missouri",3366
"G29002300","2010","MO",,,"Missouri","29",,,,,,,,,,,,,,,,,,"02300","79500US2902300","PUMA5 02300, Missouri",31887,"PUMA5 02300, Missouri",1631
"G29002400","2010","MO",,,"Missouri","29",,,,,,,,,,,,,,,,,,"02400","79500US2902400","PUMA5 02400, Missouri",49401,"PUMA5 02400, Missouri",3059
"G29002500","2010","MO",,,"Missouri","29",,,,,,,,,,,,,,,,,,"02500","79500US2902500","PUMA5 02500, Missouri",28641,"PUMA5 02500, Missouri",2002
"G29002600","2010","MO",,,"Missouri","29",,,,,,,,,,,,,,,,,,"02600","79500US2902600","PUMA5 02600, Missouri",36228,"PUMA5 02600, Missouri",1643
"G29002700","2010","MO",,,"Missouri","29",,,,,,,,,,,,,,,,,,"02700","79500US2902700","PUMA5 02700, Missouri",38448,"PUMA5 02700, Missouri",1637
"G30000100","2010","MT",,,"Montana","30",,,,,,,,,,,,,,,,,,"00100","79500US3000100","PUMA5 00100, Montana",38467,"PUMA5 00100, Montana",2743
"G30000200","2010","MT",,,"Montana","30",,,,,,,,,,,,,,,,,,"00200","79500US3000200","PUMA5 00200, Montana",40984,"PUMA5 00200, Montana",1335
"G30000300","2010","MT",,,"Montana","30",,,,,,,,,,,,,,,,,,"00300","79500US3000300","PUMA5 00300, Montana",43302,"PUMA5 00300, Montana",3073
"G30000400","2010","MT",,,"Montana","30",,,,,,,,,,,,,,,,,,"00400","79500US3000400","PUMA5 00400, Montana",48153,"PUMA5 00400, Montana",3582
"G30000500","2010","MT",,,"Montana","30",,,,,,,,,,,,,,,,,,"00500","79500US3000500","PUMA5 00500, Montana",44217,"PUMA5 00500, Montana",3273
"G30000600","2010","MT",,,"Montana","30",,,,,,,,,,,,,,,,,,"00600","79500US3000600","PUMA5 00600, Montana",44772,"PUMA5 00600, Montana",3192
"G30000700","2010","MT",,,"Montana","30",,,,,,,,,,,,,,,,,,"00700","79500US3000700","PUMA5 00700, Montana",43726,"PUMA5 00700, Montana",2793
"G31000100","2010","NE",,,"Nebraska","31",,,,,,,,,,,,,,,,,,"00100","79500US3100100","PUMA5 00100, Nebraska",42053,"PUMA5 00100, Nebraska",3353
"G31000200","2010","NE",,,"Nebraska","31",,,,,,,,,,,,,,,,,,"00200","79500US3100200","PUMA5 00200, Nebraska",43862,"PUMA5 00200, Nebraska",2173
"G31000300","2010","NE",,,"Nebraska","31",,,,,,,,,,,,,,,,,,"00300","79500US3100300","PUMA5 00300, Nebraska",45304,"PUMA5 00300, Nebraska",2403
"G31000400","2010","NE",,,"Nebraska","31",,,,,,,,,,,,,,,,,,"00400","79500US3100400","PUMA5 00400, Nebraska",43133,"PUMA5 00400, Nebraska",2473
"G31000500","2010","NE",,,"Nebraska","31",,,,,,,,,,,,,,,,,,"00500","79500US3100500","PUMA5 00500, Nebraska",44572,"PUMA5 00500, Nebraska",3440
"G31000600","2010","NE",,,"Nebraska","31",,,,,,,,,,,,,,,,,,"00600","79500US3100600","PUMA5 00600, Nebraska",44391,"PUMA5 00600, Nebraska",2290
"G31000701","2010","NE",,,"Nebraska","31",,,,,,,,,,,,,,,,,,"00701","79500US3100701","PUMA5 00701, Nebraska",50811,"PUMA5 00701, Nebraska",2351
"G31000702","2010","NE",,,"Nebraska","31",,,,,,,,,,,,,,,,,,"00702","79500US3100702","PUMA5 00702, Nebraska",69485,"PUMA5 00702, Nebraska",2970
"G31000801","2010","NE",,,"Nebraska","31",,,,,,,,,,,,,,,,,,"00801","79500US3100801","PUMA5 00801, Nebraska",40415,"PUMA5 00801, Nebraska",3160
"G31000802","2010","NE",,,"Nebraska","31",,,,,,,,,,,,,,,,,,"00802","79500US3100802","PUMA5 00802, Nebraska",58785,"PUMA5 00802, Nebraska",4899
"G31000901","2010","NE",,,"Nebraska","31",,,,,,,,,,,,,,,,,,"00901","79500US3100901","PUMA5 00901, Nebraska",62589,"PUMA5 00901, Nebraska",2760
"G31000902","2010","NE",,,"Nebraska","31",,,,,,,,,,,,,,,,,,"00902","79500US3100902","PUMA5 00902, Nebraska",64422,"PUMA5 00902, Nebraska",2756
"G31000903","2010","NE",,,"Nebraska","31",,,,,,,,,,,,,,,,,,"00903","79500US3100903","PUMA5 00903, Nebraska",32584,"PUMA5 00903, Nebraska",2432
"G31000904","2010","NE",,,"Nebraska","31",,,,,,,,,,,,,,,,,,"00904","79500US3100904","PUMA5 00904, Nebraska",36178,"PUMA5 00904, Nebraska",3280
"G32000100","2010","NV",,,"Nevada","32",,,,,,,,,,,,,,,,,,"00100","79500US3200100","PUMA5 00100, Nevada",60030,"PUMA5 00100, Nevada",2503
"G32000200","2010","NV",,,"Nevada","32",,,,,,,,,,,,,,,,,,"00200","79500US3200200","PUMA5 00200, Nevada",41361,"PUMA5 00200, Nevada",2791
"G32000300","2010","NV",,,"Nevada","32",,,,,,,,,,,,,,,,,,"00300","79500US3200300","PUMA5 00300, Nevada",46649,"PUMA5 00300, Nevada",3508
"G32000400","2010","NV",,,"Nevada","32",,,,,,,,,,,,,,,,,,"00400","79500US3200400","PUMA5 00400, Nevada",49777,"PUMA5 00400, Nevada",4113
"G32000501","2010","NV",,,"Nevada","32",,,,,,,,,,,,,,,,,,"00501","79500US3200501","PUMA5 00501, Nevada",62703,"PUMA5 00501, Nevada",3596
"G32000502","2010","NV",,,"Nevada","32",,,,,,,,,,,,,,,,,,"00502","79500US3200502","PUMA5 00502, Nevada",35586,"PUMA5 00502, Nevada",4091
"G32000503","2010","NV",,,"Nevada","32",,,,,,,,,,,,,,,,,,"00503","79500US3200503","PUMA5 00503, Nevada",41941,"PUMA5 00503, Nevada",5012
"G32000504","2010","NV",,,"Nevada","32",,,,,,,,,,,,,,,,,,"00504","79500US3200504","PUMA5 00504, Nevada",34650,"PUMA5 00504, Nevada",2086
"G32000505","2010","NV",,,"Nevada","32",,,,,,,,,,,,,,,,,,"00505","79500US3200505","PUMA5 00505, Nevada",52223,"PUMA5 00505, Nevada",3435
"G32000506","2010","NV",,,"Nevada","32",,,,,,,,,,,,,,,,,,"00506","79500US3200506","PUMA5 00506, Nevada",68684,"PUMA5 00506, Nevada",3048
"G32000507","2010","NV",,,"Nevada","32",,,,,,,,,,,,,,,,,,"00507","79500US3200507","PUMA5 00507, Nevada",59945,"PUMA5 00507, Nevada",5318
"G32000508","2010","NV",,,"Nevada","32",,,,,,,,,,,,,,,,,,"00508","79500US3200508","PUMA5 00508, Nevada",38452,"PUMA5 00508, Nevada",3060
"G32000509","2010","NV",,,"Nevada","32",,,,,,,,,,,,,,,,,,"00509","79500US3200509","PUMA5 00509, Nevada",30514,"PUMA5 00509, Nevada",1955
"G32000510","2010","NV",,,"Nevada","32",,,,,,,,,,,,,,,,,,"00510","79500US3200510","PUMA5 00510, Nevada",55526,"PUMA5 00510, Nevada",5372
"G32000511","2010","NV",,,"Nevada","32",,,,,,,,,,,,,,,,,,"00511","79500US3200511","PUMA5 00511, Nevada",61564,"PUMA5 00511, Nevada",2630
"G33000100","2010","NH",,,"New Hampshire","33",,,,,,,,,,,,,,,,,,"00100","79500US3300100","PUMA5 00100, New Hampshire",46159,"PUMA5 00100, New Hampshire",1933
"G33000200","2010","NH",,,"New Hampshire","33",,,,,,,,,,,,,,,,,,"00200","79500US3300200","PUMA5 00200, New Hampshire",51453,"PUMA5 00200, New Hampshire",4941
"G33000300","2010","NH",,,"New Hampshire","33",,,,,,,,,,,,,,,,,,"00300","79500US3300300","PUMA5 00300, New Hampshire",52212,"PUMA5 00300, New Hampshire",3039
"G33000400","2010","NH",,,"New Hampshire","33",,,,,,,,,,,,,,,,,,"00400","79500US3300400","PUMA5 00400, New Hampshire",61904,"PUMA5 00400, New Hampshire",2559
"G33000500","2010","NH",,,"New Hampshire","33",,,,,,,,,,,,,,,,,,"00500","79500US3300500","PUMA5 00500, New Hampshire",49192,"PUMA5 00500, New Hampshire",3804
"G33000600","2010","NH",,,"New Hampshire","33",,,,,,,,,,,,,,,,,,"00600","79500US3300600","PUMA5 00600, New Hampshire",77915,"PUMA5 00600, New Hampshire",6305
"G33000700","2010","NH",,,"New Hampshire","33",,,,,,,,,,,,,,,,,,"00700","79500US3300700","PUMA5 00700, New Hampshire",84163,"PUMA5 00700, New Hampshire",8268
"G33000800","2010","NH",,,"New Hampshire","33",,,,,,,,,,,,,,,,,,"00800","79500US3300800","PUMA5 00800, New Hampshire",53858,"PUMA5 00800, New Hampshire",4601
"G33000900","2010","NH",,,"New Hampshire","33",,,,,,,,,,,,,,,,,,"00900","79500US3300900","PUMA5 00900, New Hampshire",69225,"PUMA5 00900, New Hampshire",4789
"G33001000","2010","NH",,,"New Hampshire","33",,,,,,,,,,,,,,,,,,"01000","79500US3301000","PUMA5 01000, New Hampshire",75124,"PUMA5 01000, New Hampshire",4549
"G33001100","2010","NH",,,"New Hampshire","33",,,,,,,,,,,,,,,,,,"01100","79500US3301100","PUMA5 01100, New Hampshire",68629,"PUMA5 01100, New Hampshire",4039
"G34000101","2010","NJ",,,"New Jersey","34",,,,,,,,,,,,,,,,,,"00101","79500US3400101","PUMA5 00101, New Jersey",45276,"PUMA5 00101, New Jersey",4384
"G34000102","2010","NJ",,,"New Jersey","34",,,,,,,,,,,,,,,,,,"00102","79500US3400102","PUMA5 00102, New Jersey",56878,"PUMA5 00102, New Jersey",4035
"G34000200","2010","NJ",,,"New Jersey","34",,,,,,,,,,,,,,,,,,"00200","79500US3400200","PUMA5 00200, New Jersey",53392,"PUMA5 00200, New Jersey",3666
"G34000301","2010","NJ",,,"New Jersey","34",,,,,,,,,,,,,,,,,,"00301","79500US3400301","PUMA5 00301, New Jersey",60580,"PUMA5 00301, New Jersey",3906
"G34000302","2010","NJ",,,"New Jersey","34",,,,,,,,,,,,,,,,,,"00302","79500US3400302","PUMA5 00302, New Jersey",66648,"PUMA5 00302, New Jersey",5405
"G34000303","2010","NJ",,,"New Jersey","34",,,,,,,,,,,,,,,,,,"00303","79500US3400303","PUMA5 00303, New Jersey",61447,"PUMA5 00303, New Jersey",3399
"G34000304","2010","NJ",,,"New Jersey","34",,,,,,,,,,,,,,,,,,"00304","79500US3400304","PUMA5 00304, New Jersey",71567,"PUMA5 00304, New Jersey",3233
"G34000305","2010","NJ",,,"New Jersey","34",,,,,,,,,,,,,,,,,,"00305","79500US3400305","PUMA5 00305, New Jersey",100954,"PUMA5 00305, New Jersey",6011
"G34000306","2010","NJ",,,"New Jersey","34",,,,,,,,,,,,,,,,,,"00306","79500US3400306","PUMA5 00306, New Jersey",111273,"PUMA5 00306, New Jersey",6925
"G34000400","2010","NJ",,,"New Jersey","34",,,,,,,,,,,,,,,,,,"00400","79500US3400400","PUMA5 00400, New Jersey",32068,"PUMA5 00400, New Jersey",2935
"G34000501","2010","NJ",,,"New Jersey","34",,,,,,,,,,,,,,,,,,"00501","79500US3400501","PUMA5 00501, New Jersey",42598,"PUMA5 00501, New Jersey",5778
"G34000502","2010","NJ",,,"New Jersey","34",,,,,,,,,,,,,,,,,,"00502","79500US3400502","PUMA5 00502, New Jersey",83995,"PUMA5 00502, New Jersey",5673
"G34000601","2010","NJ",,,"New Jersey","34",,,,,,,,,,,,,,,,,,"00601","79500US3400601","PUMA5 00601, New Jersey",57641,"PUMA5 00601, New Jersey",5132
"G34000602","2010","NJ",,,"New Jersey","34",,,,,,,,,,,,,,,,,,"00602","79500US3400602","PUMA5 00602, New Jersey",46747,"PUMA5 00602, New Jersey",7503
"G34000701","2010","NJ",,,"New Jersey","34",,,,,,,,,,,,,,,,,,"00701","79500US3400701","PUMA5 00701, New Jersey",47255,"PUMA5 00701, New Jersey",5374
"G34000702","2010","NJ",,,"New Jersey","34",,,,,,,,,,,,,,,,,,"00702","79500US3400702","PUMA5 00702, New Jersey",65471,"PUMA5 00702, New Jersey",6151
"G34000703","2010","NJ",,,"New Jersey","34",,,,,,,,,,,,,,,,,,"00703","79500US3400703","PUMA5 00703, New Jersey",60065,"PUMA5 00703, New Jersey",4934
"G34000800","2010","NJ",,,"New Jersey","34",,,,,,,,,,,,,,,,,,"00800","79500US3400800","PUMA5 00800, New Jersey",97874,"PUMA5 00800, New Jersey",8666
"G34000901","2010","NJ",,,"New Jersey","34",,,,,,,,,,,,,,,,,,"00901","79500US3400901","PUMA5 00901, New Jersey",76106,"PUMA5 00901, New Jersey",2840
"G34000902","2010","NJ",,,"New Jersey","34",,,,,,,,,,,,,,,,,,"00902","79500US3400902","PUMA5 00902, New Jersey",86674,"PUMA5 00902, New Jersey",6209
"G34000903","2010","NJ",,,"New Jersey","34",,,,,,,,,,,,,,,,,,"00903","79500US3400903","PUMA5 00903, New Jersey",65819,"PUMA5 00903, New Jersey",6477
"G34000904","2010","NJ",,,"New Jersey","34",,,,,,,,,,,,,,,,,,"00904","79500US3400904","PUMA5 00904, New Jersey",88183,"PUMA5 00904, New Jersey",4056
"G34000905","2010","NJ",,,"New Jersey","34",,,,,,,,,,,,,,,,,,"00905","79500US3400905","PUMA5 00905, New Jersey",66546,"PUMA5 00905, New Jersey",2374
"G34001001","2010","NJ",,,"New Jersey","34",,,,,,,,,,,,,,,,,,"01001","79500US3401001","PUMA5 01001, New Jersey",96187,"PUMA5 01001, New Jersey",6036
"G34001002","2010","NJ",,,"New Jersey","34",,,,,,,,,,,,,,,,,,"01002","79500US3401002","PUMA5 01002, New Jersey",93189,"PUMA5 01002, New Jersey",3608
"G34001101","2010","NJ",,,"New Jersey","34",,,,,,,,,,,,,,,,,,"01101","79500US3401101","PUMA5 01101, New Jersey",63777,"PUMA5 01101, New Jersey",6096
"G34001102","2010","NJ",,,"New Jersey","34",,,,,,,,,,,,,,,,,,"01102","79500US3401102","PUMA5 01102, New Jersey",95562,"PUMA5 01102, New Jersey",7688
"G34001103","2010","NJ",,,"New Jersey","34",,,,,,,,,,,,,,,,,,"01103","79500US3401103","PUMA5 01103, New Jersey",67809,"PUMA5 01103, New Jersey",9272
"G34001104","2010","NJ",,,"New Jersey","34",,,,,,,,,,,,,,,,,,"01104","79500US3401104","PUMA5 01104, New Jersey",94835,"PUMA5 01104, New Jersey",8022
"G34001105","2010","NJ",,,"New Jersey","34",,,,,,,,,,,,,,,,,,"01105","79500US3401105","PUMA5 01105, New Jersey",89710,"PUMA5 01105, New Jersey",4098
"G34001201","2010","NJ",,,"New Jersey","34",,,,,,,,,,,,,,,,,,"01201","79500US3401201","PUMA5 01201, New Jersey",59292,"PUMA5 01201, New Jersey",4900
"G34001202","2010","NJ",,,"New Jersey","34",,,,,,,,,,,,,,,,,,"01202","79500US3401202","PUMA5 01202, New Jersey",62500,"PUMA5 01202, New Jersey",2946
"G34001203","2010","NJ",,,"New Jersey","34",,,,,,,,,,,,,,,,,,"01203","79500US3401203","PUMA5 01203, New Jersey",51906,"PUMA5 01203, New Jersey",2738
"G34001301","2010","NJ",,,"New Jersey","34",,,,,,,,,,,,,,,,,,"01301","79500US3401301","PUMA5 01301, New Jersey",31677,"PUMA5 01301, New Jersey",1844
"G34001302","2010","NJ",,,"New Jersey","34",,,,,,,,,,,,,,,,,,"01302","79500US3401302","PUMA5 01302, New Jersey",32552,"PUMA5 01302, New Jersey",5536
"G34001401","2010","NJ",,,"New Jersey","34",,,,,,,,,,,,,,,,,,"01401","79500US3401401","PUMA5 01401, New Jersey",67581,"PUMA5 01401, New Jersey",4985
"G34001402","2010","NJ",,,"New Jersey","34",,,,,,,,,,,,,,,,,,"01402","79500US3401402","PUMA5 01402, New Jersey",40493,"PUMA5 01402, New Jersey",3496
"G34001403","2010","NJ",,,"New Jersey","34",,,,,,,,,,,,,,,,,,"01403","79500US3401403","PUMA5 01403, New Jersey",99260,"PUMA5 01403, New Jersey",4712
"G34001404","2010","NJ",,,"New Jersey","34",,,,,,,,,,,,,,,,,,"01404","79500US3401404","PUMA5 01404, New Jersey",62077,"PUMA5 01404, New Jersey",4607
"G34001501","2010","NJ",,,"New Jersey","34",,,,,,,,,,,,,,,,,,"01501","79500US3401501","PUMA5 01501, New Jersey",88328,"PUMA5 01501, New Jersey",5201
"G34001502","2010","NJ",,,"New Jersey","34",,,,,,,,,,,,,,,,,,"01502","79500US3401502","PUMA5 01502, New Jersey",95445,"PUMA5 01502, New Jersey",6135
"G34001503","2010","NJ",,,"New Jersey","34",,,,,,,,,,,,,,,,,,"01503","79500US3401503","PUMA5 01503, New Jersey",86146,"PUMA5 01503, New Jersey",8398
"G34001504","2010","NJ",,,"New Jersey","34",,,,,,,,,,,,,,,,,,"01504","79500US3401504","PUMA5 01504, New Jersey",96762,"PUMA5 01504, New Jersey",8452
"G34001600","2010","NJ",,,"New Jersey","34",,,,,,,,,,,,,,,,,,"01600","79500US3401600","PUMA5 01600, New Jersey",84115,"PUMA5 01600, New Jersey",7133
"G34001700","2010","NJ",,,"New Jersey","34",,,,,,,,,,,,,,,,,,"01700","79500US3401700","PUMA5 01700, New Jersey",71832,"PUMA5 01700, New Jersey",5465
"G34001800","2010","NJ",,,"New Jersey","34",,,,,,,,,,,,,,,,,,"01800","79500US3401800","PUMA5 01800, New Jersey",43891,"PUMA5 01800, New Jersey",2887
"G34001901","2010","NJ",,,"New Jersey","34",,,,,,,,,,,,,,,,,,"01901","79500US3401901","PUMA5 01901, New Jersey",60578,"PUMA5 01901, New Jersey",4609
"G34001902","2010","NJ",,,"New Jersey","34",,,,,,,,,,,,,,,,,,"01902","79500US3401902","PUMA5 01902, New Jersey",90555,"PUMA5 01902, New Jersey",3399
"G34001903","2010","NJ",,,"New Jersey","34",,,,,,,,,,,,,,,,,,"01903","79500US3401903","PUMA5 01903, New Jersey",91372,"PUMA5 01903, New Jersey",7236
"G34002001","2010","NJ",,,"New Jersey","34",,,,,,,,,,,,,,,,,,"02001","79500US3402001","PUMA5 02001, New Jersey",66302,"PUMA5 02001, New Jersey",6092
"G34002002","2010","NJ",,,"New Jersey","34",,,,,,,,,,,,,,,,,,"02002","79500US3402002","PUMA5 02002, New Jersey",84224,"PUMA5 02002, New Jersey",6827
"G34002003","2010","NJ",,,"New Jersey","34",,,,,,,,,,,,,,,,,,"02003","79500US3402003","PUMA5 02003, New Jersey",71316,"PUMA5 02003, New Jersey",2967
"G34002101","2010","NJ",,,"New Jersey","34",,,,,,,,,,,,,,,,,,"02101","79500US3402101","PUMA5 02101, New Jersey",39047,"PUMA5 02101, New Jersey",3417
"G34002102","2010","NJ",,,"New Jersey","34",,,,,,,,,,,,,,,,,,"02102","79500US3402102","PUMA5 02102, New Jersey",55885,"PUMA5 02102, New Jersey",3340
"G34002103","2010","NJ",,,"New Jersey","34",,,,,,,,,,,,,,,,,,"02103","79500US3402103","PUMA5 02103, New Jersey",65046,"PUMA5 02103, New Jersey",5412
"G34002104","2010","NJ",,,"New Jersey","34",,,,,,,,,,,,,,,,,,"02104","79500US3402104","PUMA5 02104, New Jersey",72524,"PUMA5 02104, New Jersey",5120
"G34002201","2010","NJ",,,"New Jersey","34",,,,,,,,,,,,,,,,,,"02201","79500US3402201","PUMA5 02201, New Jersey",69442,"PUMA5 02201, New Jersey",3952
"G34002202","2010","NJ",,,"New Jersey","34",,,,,,,,,,,,,,,,,,"02202","79500US3402202","PUMA5 02202, New Jersey",66678,"PUMA5 02202, New Jersey",4405
"G34002301","2010","NJ",,,"New Jersey","34",,,,,,,,,,,,,,,,,,"02301","79500US3402301","PUMA5 02301, New Jersey",58296,"PUMA5 02301, New Jersey",2549
"G34002302","2010","NJ",,,"New Jersey","34",,,,,,,,,,,,,,,,,,"02302","79500US3402302","PUMA5 02302, New Jersey",93735,"PUMA5 02302, New Jersey",5356
"G34002400","2010","NJ",,,"New Jersey","34",,,,,,,,,,,,,,,,,,"02400","79500US3402400","PUMA5 02400, New Jersey",51619,"PUMA5 02400, New Jersey",2460
"G35000100","2010","NM",,,"New Mexico","35",,,,,,,,,,,,,,,,,,"00100","79500US3500100","PUMA5 00100, New Mexico",45127,"PUMA5 00100, New Mexico",4116
"G35000200","2010","NM",,,"New Mexico","35",,,,,,,,,,,,,,,,,,"00200","79500US3500200","PUMA5 00200, New Mexico",32897,"PUMA5 00200, New Mexico",2519
"G35000300","2010","NM",,,"New Mexico","35",,,,,,,,,,,,,,,,,,"00300","79500US3500300","PUMA5 00300, New Mexico",35551,"PUMA5 00300, New Mexico",2871
"G35000400","2010","NM",,,"New Mexico","35",,,,,,,,,,,,,,,,,,"00400","79500US3500400","PUMA5 00400, New Mexico",51571,"PUMA5 00400, New Mexico",2519
"G35000500","2010","NM",,,"New Mexico","35",,,,,,,,,,,,,,,,,,"00500","79500US3500500","PUMA5 00500, New Mexico",47406,"PUMA5 00500, New Mexico",3503
"G35000601","2010","NM",,,"New Mexico","35",,,,,,,,,,,,,,,,,,"00601","79500US3500601","PUMA5 00601, New Mexico",61958,"PUMA5 00601, New Mexico",3892
"G35000602","2010","NM",,,"New Mexico","35",,,,,,,,,,,,,,,,,,"00602","79500US3500602","PUMA5 00602, New Mexico",37949,"PUMA5 00602, New Mexico",4689
"G35000603","2010","NM",,,"New Mexico","35",,,,,,,,,,,,,,,,,,"00603","79500US3500603","PUMA5 00603, New Mexico",60264,"PUMA5 00603, New Mexico",4316
"G35000604","2010","NM",,,"New Mexico","35",,,,,,,,,,,,,,,,,,"00604","79500US3500604","PUMA5 00604, New Mexico",37301,"PUMA5 00604, New Mexico",2625
"G35000605","2010","NM",,,"New Mexico","35",,,,,,,,,,,,,,,,,,"00605","79500US3500605","PUMA5 00605, New Mexico",40623,"PUMA5 00605, New Mexico",2332
"G35000700","2010","NM",,,"New Mexico","35",,,,,,,,,,,,,,,,,,"00700","79500US3500700","PUMA5 00700, New Mexico",29863,"PUMA5 00700, New Mexico",2331
"G35000800","2010","NM",,,"New Mexico","35",,,,,,,,,,,,,,,,,,"00800","79500US3500800","PUMA5 00800, New Mexico",33221,"PUMA5 00800, New Mexico",2659
"G35000900","2010","NM",,,"New Mexico","35",,,,,,,,,,,,,,,,,,"00900","79500US3500900","PUMA5 00900, New Mexico",35230,"PUMA5 00900, New Mexico",2850
"G35001000","2010","NM",,,"New Mexico","35",,,,,,,,,,,,,,,,,,"01000","79500US3501000","PUMA5 01000, New Mexico",35425,"PUMA5 01000, New Mexico",3738
"G35001100","2010","NM",,,"New Mexico","35",,,,,,,,,,,,,,,,,,"01100","79500US3501100","PUMA5 01100, New Mexico",42496,"PUMA5 01100, New Mexico",4202
"G36000100","2010","NY",,,"New York","36",,,,,,,,,,,,,,,,,,"00100","79500US3600100","PUMA5 00100, New York",40163,"PUMA5 00100, New York",3229
"G36000200","2010","NY",,,"New York","36",,,,,,,,,,,,,,,,,,"00200","79500US3600200","PUMA5 00200, New York",43126,"PUMA5 00200, New York",2030
"G36000300","2010","NY",,,"New York","36",,,,,,,,,,,,,,,,,,"00300","79500US3600300","PUMA5 00300, New York",50936,"PUMA5 00300, New York",2420
"G36000401","2010","NY",,,"New York","36",,,,,,,,,,,,,,,,,,"00401","79500US3600401","PUMA5 00401, New York",49409,"PUMA5 00401, New York",2323
"G36000402","2010","NY",,,"New York","36",,,,,,,,,,,,,,,,,,"00402","79500US3600402","PUMA5 00402, New York",43537,"PUMA5 00402, New York",2656
"G36000500","2010","NY",,,"New York","36",,,,,,,,,,,,,,,,,,"00500","79500US3600500","PUMA5 00500, New York",42237,"PUMA5 00500, New York",2171
"G36000600","2010","NY",,,"New York","36",,,,,,,,,,,,,,,,,,"00600","79500US3600600","PUMA5 00600, New York",44643,"PUMA5 00600, New York",2909
"G36000700","2010","NY",,,"New York","36",,,,,,,,,,,,,,,,,,"00700","79500US3600700","PUMA5 00700, New York",29621,"PUMA5 00700, New York",2434
"G36000801","2010","NY",,,"New York","36",,,,,,,,,,,,,,,,,,"00801","79500US3600801","PUMA5 00801, New York",54795,"PUMA5 00801, New York",3596
"G36000802","2010","NY",,,"New York","36",,,,,,,,,,,,,,,,,,"00802","79500US3600802","PUMA5 00802, New York",65270,"PUMA5 00802, New York",4244
"G36000803","2010","NY",,,"New York","36",,,,,,,,,,,,,,,,,,"00803","79500US3600803","PUMA5 00803, New York",52448,"PUMA5 00803, New York",3285
"G36000804","2010","NY",,,"New York","36",,,,,,,,,,,,,,,,,,"00804","79500US3600804","PUMA5 00804, New York",51941,"PUMA5 00804, New York",2013
"G36000901","2010","NY",,,"New York","36",,,,,,,,,,,,,,,,,,"00901","79500US3600901","PUMA5 00901, New York",26301,"PUMA5 00901, New York",1286
"G36000902","2010","NY",,,"New York","36",,,,,,,,,,,,,,,,,,"00902","79500US3600902","PUMA5 00902, New York",29899,"PUMA5 00902, New York",2449
"G36001001","2010","NY",,,"New York","36",,,,,,,,,,,,,,,,,,"01001","79500US3601001","PUMA5 01001, New York",54489,"PUMA5 01001, New York",4680
"G36001002","2010","NY",,,"New York","36",,,,,,,,,,,,,,,,,,"01002","79500US3601002","PUMA5 01002, New York",51447,"PUMA5 01002, New York",2761
"G36001003","2010","NY",,,"New York","36",,,,,,,,,,,,,,,,,,"01003","79500US3601003","PUMA5 01003, New York",51978,"PUMA5 01003, New York",2228
"G36001004","2010","NY",,,"New York","36",,,,,,,,,,,,,,,,,,"01004","79500US3601004","PUMA5 01004, New York",71361,"PUMA5 01004, New York",3291
"G36001005","2010","NY",,,"New York","36",,,,,,,,,,,,,,,,,,"01005","79500US3601005","PUMA5 01005, New York",60496,"PUMA5 01005, New York",5557
"G36001100","2010","NY",,,"New York","36",,,,,,,,,,,,,,,,,,"01100","79500US3601100","PUMA5 01100, New York",53567,"PUMA5 01100, New York",3722
"G36001200","2010","NY",,,"New York","36",,,,,,,,,,,,,,,,,,"01200","79500US3601200","PUMA5 01200, New York",50026,"PUMA5 01200, New York",3373
"G36001300","2010","NY",,,"New York","36",,,,,,,,,,,,,,,,,,"01300","79500US3601300","PUMA5 01300, New York",49264,"PUMA5 01300, New York",3874
"G36001401","2010","NY",,,"New York","36",,,,,,,,,,,,,,,,,,"01401","79500US3601401","PUMA5 01401, New York",27095,"PUMA5 01401, New York",2061
"G36001402","2010","NY",,,"New York","36",,,,,,,,,,,,,,,,,,"01402","79500US3601402","PUMA5 01402, New York",31489,"PUMA5 01402, New York",4434
"G36001501","2010","NY",,,"New York","36",,,,,,,,,,,,,,,,,,"01501","79500US3601501","PUMA5 01501, New York",52427,"PUMA5 01501, New York",3655
"G36001502","2010","NY",,,"New York","36",,,,,,,,,,,,,,,,,,"01502","79500US3601502","PUMA5 01502, New York",37547,"PUMA5 01502, New York",2338
"G36001601","2010","NY",,,"New York","36",,,,,,,,,,,,,,,,,,"01601","79500US3601601","PUMA5 01601, New York",51296,"PUMA5 01601, New York",2028
"G36001602","2010","NY",,,"New York","36",,,,,,,,,,,,,,,,,,"01602","79500US3601602","PUMA5 01602, New York",63359,"PUMA5 01602, New York",6144
"G36001603","2010","NY",,,"New York","36",,,,,,,,,,,,,,,,,,"01603","79500US3601603","PUMA5 01603, New York",60951,"PUMA5 01603, New York",5248
"G36001604","2010","NY",,,"New York","36",,,,,,,,,,,,,,,,,,"01604","79500US3601604","PUMA5 01604, New York",45948,"PUMA5 01604, New York",2376
"G36001605","2010","NY",,,"New York","36",,,,,,,,,,,,,,,,,,"01605","79500US3601605","PUMA5 01605, New York",59898,"PUMA5 01605, New York",2442
"G36001700","2010","NY",,,"New York","36",,,,,,,,,,,,,,,,,,"01700","79500US3601700","PUMA5 01700, New York",50532,"PUMA5 01700, New York",3230
"G36001800","2010","NY",,,"New York","36",,,,,,,,,,,,,,,,,,"01800","79500US3601800","PUMA5 01800, New York",41826,"PUMA5 01800, New York",2263
"G36001900","2010","NY",,,"New York","36",,,,,,,,,,,,,,,,,,"01900","79500US3601900","PUMA5 01900, New York",44608,"PUMA5 01900, New York",3571
"G36002000","2010","NY",,,"New York","36",,,,,,,,,,,,,,,,,,"02000","79500US3602000","PUMA5 02000, New York",39910,"PUMA5 02000, New York",3136
"G36002100","2010","NY",,,"New York","36",,,,,,,,,,,,,,,,,,"02100","79500US3602100","PUMA5 02100, New York",52331,"PUMA5 02100, New York",2537
"G36002201","2010","NY",,,"New York","36",,,,,,,,,,,,,,,,,,"02201","79500US3602201","PUMA5 02201, New York",66484,"PUMA5 02201, New York",5470
"G36002202","2010","NY",,,"New York","36",,,,,,,,,,,,,,,,,,"02202","79500US3602202","PUMA5 02202, New York",65968,"PUMA5 02202, New York",5352
"G36002300","2010","NY",,,"New York","36",,,,,,,,,,,,,,,,,,"02300","79500US3602300","PUMA5 02300, New York",51653,"PUMA5 02300, New York",2757
"G36002401","2010","NY",,,"New York","36",,,,,,,,,,,,,,,,,,"02401","79500US3602401","PUMA5 02401, New York",34970,"PUMA5 02401, New York",4283
"G36002402","2010","NY",,,"New York","36",,,,,,,,,,,,,,,,,,"02402","79500US3602402","PUMA5 02402, New York",63624,"PUMA5 02402, New York",3923
"G36002500","2010","NY",,,"New York","36",,,,,,,,,,,,,,,,,,"02500","79500US3602500","PUMA5 02500, New York",48801,"PUMA5 02500, New York",4188
"G36002601","2010","NY",,,"New York","36",,,,,,,,,,,,,,,,,,"02601","79500US3602601","PUMA5 02601, New York",49523,"PUMA5 02601, New York",2788
"G36002602","2010","NY",,,"New York","36",,,,,,,,,,,,,,,,,,"02602","79500US3602602","PUMA5 02602, New York",42026,"PUMA5 02602, New York",2988
"G36002700","2010","NY",,,"New York","36",,,,,,,,,,,,,,,,,,"02700","79500US3602700","PUMA5 02700, New York",48413,"PUMA5 02700, New York",2392
"G36002800","2010","NY",,,"New York","36",,,,,,,,,,,,,,,,,,"02800","79500US3602800","PUMA5 02800, New York",46528,"PUMA5 02800, New York",2233
"G36002900","2010","NY",,,"New York","36",,,,,,,,,,,,,,,,,,"02900","79500US3602900","PUMA5 02900, New York",41749,"PUMA5 02900, New York",1450
"G36003000","2010","NY",,,"New York","36",,,,,,,,,,,,,,,,,,"03000","79500US3603000","PUMA5 03000, New York",40443,"PUMA5 03000, New York",2516
"G36003101","2010","NY",,,"New York","36",,,,,,,,,,,,,,,,,,"03101","79500US3603101","PUMA5 03101, New York",43126,"PUMA5 03101, New York",4859
"G36003102","2010","NY",,,"New York","36",,,,,,,,,,,,,,,,,,"03102","79500US3603102","PUMA5 03102, New York",52880,"PUMA5 03102, New York",3167
"G36003201","2010","NY",,,"New York","36",,,,,,,,,,,,,,,,,,"03201","79500US3603201","PUMA5 03201, New York",73988,"PUMA5 03201, New York",5344
"G36003202","2010","NY",,,"New York","36",,,,,,,,,,,,,,,,,,"03202","79500US3603202","PUMA5 03202, New York",62372,"PUMA5 03202, New York",5127
"G36003301","2010","NY",,,"New York","36",,,,,,,,,,,,,,,,,,"03301","79500US3603301","PUMA5 03301, New York",60234,"PUMA5 03301, New York",4801
"G36003302","2010","NY",,,"New York","36",,,,,,,,,,,,,,,,,,"03302","79500US3603302","PUMA5 03302, New York",62252,"PUMA5 03302, New York",6260
"G36003303","2010","NY",,,"New York","36",,,,,,,,,,,,,,,,,,"03303","79500US3603303","PUMA5 03303, New York",77235,"PUMA5 03303, New York",5282
"G36003400","2010","NY",,,"New York","36",,,,,,,,,,,,,,,,,,"03400","79500US3603400","PUMA5 03400, New York",61831,"PUMA5 03400, New York",3240
"G36003501","2010","NY",,,"New York","36",,,,,,,,,,,,,,,,,,"03501","79500US3603501","PUMA5 03501, New York",105851,"PUMA5 03501, New York",4706
"G36003502","2010","NY",,,"New York","36",,,,,,,,,,,,,,,,,,"03502","79500US3603502","PUMA5 03502, New York",83255,"PUMA5 03502, New York",7321
"G36003503","2010","NY",,,"New York","36",,,,,,,,,,,,,,,,,,"03503","79500US3603503","PUMA5 03503, New York",95200,"PUMA5 03503, New York",10446
"G36003504","2010","NY",,,"New York","36",,,,,,,,,,,,,,,,,,"03504","79500US3603504","PUMA5 03504, New York",90929,"PUMA5 03504, New York",7063
"G36003505","2010","NY",,,"New York","36",,,,,,,,,,,,,,,,,,"03505","79500US3603505","PUMA5 03505, New York",63937,"PUMA5 03505, New York",4053
"G36003506","2010","NY",,,"New York","36",,,,,,,,,,,,,,,,,,"03506","79500US3603506","PUMA5 03506, New York",86420,"PUMA5 03506, New York",14302
"G36003601","2010","NY",,,"New York","36",,,,,,,,,,,,,,,,,,"03601","79500US3603601","PUMA5 03601, New York",98307,"PUMA5 03601, New York",6982
"G36003602","2010","NY",,,"New York","36",,,,,,,,,,,,,,,,,,"03602","79500US3603602","PUMA5 03602, New York",71541,"PUMA5 03602, New York",7663
"G36003701","2010","NY",,,"New York","36",,,,,,,,,,,,,,,,,,"03701","79500US3603701","PUMA5 03701, New York",50042,"PUMA5 03701, New York",4022
"G36003702","2010","NY",,,"New York","36",,,,,,,,,,,,,,,,,,"03702","79500US3603702","PUMA5 03702, New York",43974,"PUMA5 03702, New York",4165
"G36003703","2010","NY",,,"New York","36",,,,,,,,,,,,,,,,,,"03703","79500US3603703","PUMA5 03703, New York",47228,"PUMA5 03703, New York",4174
"G36003704","2010","NY",,,"New York","36",,,,,,,,,,,,,,,,,,"03704","79500US3603704","PUMA5 03704, New York",43614,"PUMA5 03704, New York",4140
"G36003705","2010","NY",,,"New York","36",,,,,,,,,,,,,,,,,,"03705","79500US3603705","PUMA5 03705, New York",20576,"PUMA5 03705, New York",1610
"G36003706","2010","NY",,,"New York","36",,,,,,,,,,,,,,,,,,"03706","79500US3603706","PUMA5 03706, New York",27215,"PUMA5 03706, New York",4252
"G36003707","2010","NY",,,"New York","36",,,,,,,,,,,,,,,,,,"03707","79500US3603707","PUMA5 03707, New York",25652,"PUMA5 03707, New York",2681
"G36003708","2010","NY",,,"New York","36",,,,,,,,,,,,,,,,,,"03708","79500US3603708","PUMA5 03708, New York",26731,"PUMA5 03708, New York",2112
"G36003709","2010","NY",,,"New York","36",,,,,,,,,,,,,,,,,,"03709","79500US3603709","PUMA5 03709, New York",39289,"PUMA5 03709, New York",4671
"G36003710","2010","NY",,,"New York","36",,,,,,,,,,,,,,,,,,"03710","79500US3603710","PUMA5 03710, New York",20844,"PUMA5 03710, New York",1430
"G36003801","2010","NY",,,"New York","36",,,,,,,,,,,,,,,,,,"03801","79500US3603801","PUMA5 03801, New York",41171,"PUMA5 03801, New York",2344
"G36003802","2010","NY",,,"New York","36",,,,,,,,,,,,,,,,,,"03802","79500US3603802","PUMA5 03802, New York",37268,"PUMA5 03802, New York",4891
"G36003803","2010","NY",,,"New York","36",,,,,,,,,,,,,,,,,,"03803","79500US3603803","PUMA5 03803, New York",35335,"PUMA5 03803, New York",3464
"G36003804","2010","NY",,,"New York","36",,,,,,,,,,,,,,,,,,"03804","79500US3603804","PUMA5 03804, New York",30574,"PUMA5 03804, New York",4039
"G36003805","2010","NY",,,"New York","36",,,,,,,,,,,,,,,,,,"03805","79500US3603805","PUMA5 03805, New York",95477,"PUMA5 03805, New York",6196
"G36003806","2010","NY",,,"New York","36",,,,,,,,,,,,,,,,,,"03806","79500US3603806","PUMA5 03806, New York",90001,"PUMA5 03806, New York",7366
"G36003807","2010","NY",,,"New York","36",,,,,,,,,,,,,,,,,,"03807","79500US3603807","PUMA5 03807, New York",77845,"PUMA5 03807, New York",6297
"G36003808","2010","NY",,,"New York","36",,,,,,,,,,,,,,,,,,"03808","79500US3603808","PUMA5 03808, New York",91120,"PUMA5 03808, New York",3764
"G36003809","2010","NY",,,"New York","36",,,,,,,,,,,,,,,,,,"03809","79500US3603809","PUMA5 03809, New York",42314,"PUMA5 03809, New York",3483
"G36003810","2010","NY",,,"New York","36",,,,,,,,,,,,,,,,,,"03810","79500US3603810","PUMA5 03810, New York",102119,"PUMA5 03810, New York",9185
"G36003901","2010","NY",,,"New York","36",,,,,,,,,,,,,,,,,,"03901","79500US3603901","PUMA5 03901, New York",81674,"PUMA5 03901, New York",4412
"G36003902","2010","NY",,,"New York","36",,,,,,,,,,,,,,,,,,"03902","79500US3603902","PUMA5 03902, New York",68736,"PUMA5 03902, New York",4270
"G36003903","2010","NY",,,"New York","36",,,,,,,,,,,,,,,,,,"03903","79500US3603903","PUMA5 03903, New York",59340,"PUMA5 03903, New York",6411
"G36004001","2010","NY",,,"New York","36",,,,,,,,,,,,,,,,,,"04001","79500US3604001","PUMA5 04001, New York",41878,"PUMA5 04001, New York",3133
"G36004002","2010","NY",,,"New York","36",,,,,,,,,,,,,,,,,,"04002","79500US3604002","PUMA5 04002, New York",37050,"PUMA5 04002, New York",5146
"G36004003","2010","NY",,,"New York","36",,,,,,,,,,,,,,,,,,"04003","79500US3604003","PUMA5 04003, New York",36985,"PUMA5 04003, New York",5730
"G36004004","2010","NY",,,"New York","36",,,,,,,,,,,,,,,,,,"04004","79500US3604004","PUMA5 04004, New York",71792,"PUMA5 04004, New York",6960
"G36004005","2010","NY",,,"New York","36",,,,,,,,,,,,,,,,,,"04005","79500US3604005","PUMA5 04005, New York",82941,"PUMA5 04005, New York",5528
"G36004006","2010","NY",,,"New York","36",,,,,,,,,,,,,,,,,,"04006","79500US3604006","PUMA5 04006, New York",38571,"PUMA5 04006, New York",3243
"G36004007","2010","NY",,,"New York","36",,,,,,,,,,,,,,,,,,"04007","79500US3604007","PUMA5 04007, New York",26237,"PUMA5 04007, New York",3114
"G36004008","2010","NY",,,"New York","36",,,,,,,,,,,,,,,,,,"04008","79500US3604008","PUMA5 04008, New York",31565,"PUMA5 04008, New York",1812
"G36004009","2010","NY",,,"New York","36",,,,,,,,,,,,,,,,,,"04009","79500US3604009","PUMA5 04009, New York",58824,"PUMA5 04009, New York",4352
"G36004010","2010","NY",,,"New York","36",,,,,,,,,,,,,,,,,,"04010","79500US3604010","PUMA5 04010, New York",43330,"PUMA5 04010, New York",2690
"G36004011","2010","NY",,,"New York","36",,,,,,,,,,,,,,,,,,"04011","79500US3604011","PUMA5 04011, New York",38794,"PUMA5 04011, New York",3866
"G36004012","2010","NY",,,"New York","36",,,,,,,,,,,,,,,,,,"04012","79500US3604012","PUMA5 04012, New York",40402,"PUMA5 04012, New York",3595
"G36004013","2010","NY",,,"New York","36",,,,,,,,,,,,,,,,,,"04013","79500US3604013","PUMA5 04013, New York",48367,"PUMA5 04013, New York",2646
"G36004014","2010","NY",,,"New York","36",,,,,,,,,,,,,,,,,,"04014","79500US3604014","PUMA5 04014, New York",36140,"PUMA5 04014, New York",3342
"G36004015","2010","NY",,,"New York","36",,,,,,,,,,,,,,,,,,"04015","79500US3604015","PUMA5 04015, New York",43070,"PUMA5 04015, New York",4206
"G36004016","2010","NY",,,"New York","36",,,,,,,,,,,,,,,,,,"04016","79500US3604016","PUMA5 04016, New York",46948,"PUMA5 04016, New York",3558
"G36004017","2010","NY",,,"New York","36",,,,,,,,,,,,,,,,,,"04017","79500US3604017","PUMA5 04017, New York",38244,"PUMA5 04017, New York",2539
"G36004018","2010","NY",,,"New York","36",,,,,,,,,,,,,,,,,,"04018","79500US3604018","PUMA5 04018, New York",29116,"PUMA5 04018, New York",4154
"G36004101","2010","NY",,,"New York","36",,,,,,,,,,,,,,,,,,"04101","79500US3604101","PUMA5 04101, New York",46525,"PUMA5 04101, New York",3169
"G36004102","2010","NY",,,"New York","36",,,,,,,,,,,,,,,,,,"04102","79500US3604102","PUMA5 04102, New York",44885,"PUMA5 04102, New York",2968
"G36004103","2010","NY",,,"New York","36",,,,,,,,,,,,,,,,,,"04103","79500US3604103","PUMA5 04103, New York",52101,"PUMA5 04103, New York",3250
"G36004104","2010","NY",,,"New York","36",,,,,,,,,,,,,,,,,,"04104","79500US3604104","PUMA5 04104, New York",70494,"PUMA5 04104, New York",5360
"G36004105","2010","NY",,,"New York","36",,,,,,,,,,,,,,,,,,"04105","79500US3604105","PUMA5 04105, New York",76072,"PUMA5 04105, New York",3581
"G36004106","2010","NY",,,"New York","36",,,,,,,,,,,,,,,,,,"04106","79500US3604106","PUMA5 04106, New York",55235,"PUMA5 04106, New York",4894
"G36004107","2010","NY",,,"New York","36",,,,,,,,,,,,,,,,,,"04107","79500US3604107","PUMA5 04107, New York",41289,"PUMA5 04107, New York",3004
"G36004108","2010","NY",,,"New York","36",,,,,,,,,,,,,,,,,,"04108","79500US3604108","PUMA5 04108, New York",55138,"PUMA5 04108, New York",3743
"G36004109","2010","NY",,,"New York","36",,,,,,,,,,,,,,,,,,"04109","79500US3604109","PUMA5 04109, New York",52194,"PUMA5 04109, New York",3359
"G36004110","2010","NY",,,"New York","36",,,,,,,,,,,,,,,,,,"04110","79500US3604110","PUMA5 04110, New York",53260,"PUMA5 04110, New York",3011
"G36004111","2010","NY",,,"New York","36",,,,,,,,,,,,,,,,,,"04111","79500US3604111","PUMA5 04111, New York",57152,"PUMA5 04111, New York",4047
"G36004112","2010","NY",,,"New York","36",,,,,,,,,,,,,,,,,,"04112","79500US3604112","PUMA5 04112, New York",49767,"PUMA5 04112, New York",4118
"G36004113","2010","NY",,,"New York","36",,,,,,,,,,,,,,,,,,"04113","79500US3604113","PUMA5 04113, New York",56306,"PUMA5 04113, New York",4474
"G36004114","2010","NY",,,"New York","36",,,,,,,,,,,,,,,,,,"04114","79500US3604114","PUMA5 04114, New York",47924,"PUMA5 04114, New York",6052
"G36004201","2010","NY",,,"New York","36",,,,,,,,,,,,,,,,,,"04201","79500US3604201","PUMA5 04201, New York",110246,"PUMA5 04201, New York",10056
"G36004202","2010","NY",,,"New York","36",,,,,,,,,,,,,,,,,,"04202","79500US3604202","PUMA5 04202, New York",102254,"PUMA5 04202, New York",9467
"G36004203","2010","NY",,,"New York","36",,,,,,,,,,,,,,,,,,"04203","79500US3604203","PUMA5 04203, New York",97176,"PUMA5 04203, New York",12542
"G36004204","2010","NY",,,"New York","36",,,,,,,,,,,,,,,,,,"04204","79500US3604204","PUMA5 04204, New York",85635,"PUMA5 04204, New York",5800
"G36004205","2010","NY",,,"New York","36",,,,,,,,,,,,,,,,,,"04205","79500US3604205","PUMA5 04205, New York",87484,"PUMA5 04205, New York",8660
"G36004206","2010","NY",,,"New York","36",,,,,,,,,,,,,,,,,,"04206","79500US3604206","PUMA5 04206, New York",53523,"PUMA5 04206, New York",7698
"G36004207","2010","NY",,,"New York","36",,,,,,,,,,,,,,,,,,"04207","79500US3604207","PUMA5 04207, New York",91582,"PUMA5 04207, New York",7457
"G36004208","2010","NY",,,"New York","36",,,,,,,,,,,,,,,,,,"04208","79500US3604208","PUMA5 04208, New York",101716,"PUMA5 04208, New York",10508
"G36004209","2010","NY",,,"New York","36",,,,,,,,,,,,,,,,,,"04209","79500US3604209","PUMA5 04209, New York",108183,"PUMA5 04209, New York",8578
"G36004210","2010","NY",,,"New York","36",,,,,,,,,,,,,,,,,,"04210","79500US3604210","PUMA5 04210, New York",98250,"PUMA5 04210, New York",9670
"G36004211","2010","NY",,,"New York","36",,,,,,,,,,,,,,,,,,"04211","79500US3604211","PUMA5 04211, New York",93023,"PUMA5 04211, New York",9160
"G36004212","2010","NY",,,"New York","36",,,,,,,,,,,,,,,,,,"04212","79500US3604212","PUMA5 04212, New York",77473,"PUMA5 04212, New York",9296
"G36004301","2010","NY",,,"New York","36",,,,,,,,,,,,,,,,,,"04301","79500US3604301","PUMA5 04301, New York",97315,"PUMA5 04301, New York",6593
"G36004302","2010","NY",,,"New York","36",,,,,,,,,,,,,,,,,,"04302","79500US3604302","PUMA5 04302, New York",102203,"PUMA5 04302, New York",5404
"G36004303","2010","NY",,,"New York","36",,,,,,,,,,,,,,,,,,"04303","79500US3604303","PUMA5 04303, New York",101246,"PUMA5 04303, New York",6926
"G36004304","2010","NY",,,"New York","36",,,,,,,,,,,,,,,,,,"04304","79500US3604304","PUMA5 04304, New York",68545,"PUMA5 04304, New York",4699
"G36004305","2010","NY",,,"New York","36",,,,,,,,,,,,,,,,,,"04305","79500US3604305","PUMA5 04305, New York",71288,"PUMA5 04305, New York",5815
"G36004306","2010","NY",,,"New York","36",,,,,,,,,,,,,,,,,,"04306","79500US3604306","PUMA5 04306, New York",72035,"PUMA5 04306, New York",10787
"G36004307","2010","NY",,,"New York","36",,,,,,,,,,,,,,,,,,"04307","79500US3604307","PUMA5 04307, New York",84020,"PUMA5 04307, New York",6254
"G36004308","2010","NY",,,"New York","36",,,,,,,,,,,,,,,,,,"04308","79500US3604308","PUMA5 04308, New York",85230,"PUMA5 04308, New York",5441
"G36004309","2010","NY",,,"New York","36",,,,,,,,,,,,,,,,,,"04309","79500US3604309","PUMA5 04309, New York",66692,"PUMA5 04309, New York",6959
"G36004310","2010","NY",,,"New York","36",,,,,,,,,,,,,,,,,,"04310","79500US3604310","PUMA5 04310, New York",79563,"PUMA5 04310, New York",7488
"G36004311","2010","NY",,,"New York","36",,,,,,,,,,,,,,,,,,"04311","79500US3604311","PUMA5 04311, New York",85697,"PUMA5 04311, New York",6731
"G36004312","2010","NY",,,"New York","36",,,,,,,,,,,,,,,,,,"04312","79500US3604312","PUMA5 04312, New York",73848,"PUMA5 04312, New York",2869
"G37000100","2010","NC",,,"North Carolina","37",,,,,,,,,,,,,,,,,,"00100","79500US3700100","PUMA5 00100, North Carolina",36559,"PUMA5 00100, North Carolina",1160
"G37000201","2010","NC",,,"North Carolina","37",,,,,,,,,,,,,,,,,,"00201","79500US3700201","PUMA5 00201, North Carolina",41331,"PUMA5 00201, North Carolina",4075
"G37000202","2010","NC",,,"North Carolina","37",,,,,,,,,,,,,,,,,,"00202","79500US3700202","PUMA5 00202, North Carolina",42052,"PUMA5 00202, North Carolina",3317
"G37000300","2010","NC",,,"North Carolina","37",,,,,,,,,,,,,,,,,,"00300","79500US3700300","PUMA5 00300, North Carolina",42607,"PUMA5 00300, North Carolina",3220
"G37000400","2010","NC",,,"North Carolina","37",,,,,,,,,,,,,,,,,,"00400","79500US3700400","PUMA5 00400, North Carolina",36656,"PUMA5 00400, North Carolina",1384
"G37000500","2010","NC",,,"North Carolina","37",,,,,,,,,,,,,,,,,,"00500","79500US3700500","PUMA5 00500, North Carolina",32068,"PUMA5 00500, North Carolina",2858
"G37000600","2010","NC",,,"North Carolina","37",,,,,,,,,,,,,,,,,,"00600","79500US3700600","PUMA5 00600, North Carolina",32994,"PUMA5 00600, North Carolina",2427
"G37000700","2010","NC",,,"North Carolina","37",,,,,,,,,,,,,,,,,,"00700","79500US3700700","PUMA5 00700, North Carolina",41273,"PUMA5 00700, North Carolina",2386
"G37000800","2010","NC",,,"North Carolina","37",,,,,,,,,,,,,,,,,,"00800","79500US3700800","PUMA5 00800, North Carolina",37669,"PUMA5 00800, North Carolina",2398
"G37000901","2010","NC",,,"North Carolina","37",,,,,,,,,,,,,,,,,,"00901","79500US3700901","PUMA5 00901, North Carolina",45023,"PUMA5 00901, North Carolina",4774
"G37000902","2010","NC",,,"North Carolina","37",,,,,,,,,,,,,,,,,,"00902","79500US3700902","PUMA5 00902, North Carolina",37799,"PUMA5 00902, North Carolina",2507
"G37000903","2010","NC",,,"North Carolina","37",,,,,,,,,,,,,,,,,,"00903","79500US3700903","PUMA5 00903, North Carolina",37279,"PUMA5 00903, North Carolina",3762
"G37000904","2010","NC",,,"North Carolina","37",,,,,,,,,,,,,,,,,,"00904","79500US3700904","PUMA5 00904, North Carolina",38800,"PUMA5 00904, North Carolina",4125
"G37000905","2010","NC",,,"North Carolina","37",,,,,,,,,,,,,,,,,,"00905","79500US3700905","PUMA5 00905, North Carolina",75318,"PUMA5 00905, North Carolina",6121
"G37001000","2010","NC",,,"North Carolina","37",,,,,,,,,,,,,,,,,,"01000","79500US3701000","PUMA5 01000, North Carolina",65074,"PUMA5 01000, North Carolina",2760
"G37001100","2010","NC",,,"North Carolina","37",,,,,,,,,,,,,,,,,,"01100","79500US3701100","PUMA5 01100, North Carolina",40290,"PUMA5 01100, North Carolina",2124
"G37001200","2010","NC",,,"North Carolina","37",,,,,,,,,,,,,,,,,,"01200","79500US3701200","PUMA5 01200, North Carolina",37360,"PUMA5 01200, North Carolina",2439
"G37001300","2010","NC",,,"North Carolina","37",,,,,,,,,,,,,,,,,,"01300","79500US3701300","PUMA5 01300, North Carolina",48666,"PUMA5 01300, North Carolina",1942
"G37001400","2010","NC",,,"North Carolina","37",,,,,,,,,,,,,,,,,,"01400","79500US3701400","PUMA5 01400, North Carolina",65576,"PUMA5 01400, North Carolina",4572
"G37001500","2010","NC",,,"North Carolina","37",,,,,,,,,,,,,,,,,,"01500","79500US3701500","PUMA5 01500, North Carolina",45714,"PUMA5 01500, North Carolina",3026
"G37001601","2010","NC",,,"North Carolina","37",,,,,,,,,,,,,,,,,,"01601","79500US3701601","PUMA5 01601, North Carolina",30243,"PUMA5 01601, North Carolina",2167
"G37001602","2010","NC",,,"North Carolina","37",,,,,,,,,,,,,,,,,,"01602","79500US3701602","PUMA5 01602, North Carolina",42352,"PUMA5 01602, North Carolina",2666
"G37001700","2010","NC",,,"North Carolina","37",,,,,,,,,,,,,,,,,,"01700","79500US3701700","PUMA5 01700, North Carolina",50143,"PUMA5 01700, North Carolina",2380
"G37001800","2010","NC",,,"North Carolina","37",,,,,,,,,,,,,,,,,,"01800","79500US3701800","PUMA5 01800, North Carolina",37209,"PUMA5 01800, North Carolina",1728
"G37001900","2010","NC",,,"North Carolina","37",,,,,,,,,,,,,,,,,,"01900","79500US3701900","PUMA5 01900, North Carolina",54614,"PUMA5 01900, North Carolina",4090
"G37002000","2010","NC",,,"North Carolina","37",,,,,,,,,,,,,,,,,,"02000","79500US3702000","PUMA5 02000, North Carolina",38267,"PUMA5 02000, North Carolina",3289
"G37002100","2010","NC",,,"North Carolina","37",,,,,,,,,,,,,,,,,,"02100","79500US3702100","PUMA5 02100, North Carolina",41562,"PUMA5 02100, North Carolina",2052
"G37002200","2010","NC",,,"North Carolina","37",,,,,,,,,,,,,,,,,,"02200","79500US3702200","PUMA5 02200, North Carolina",39660,"PUMA5 02200, North Carolina",2493
"G37002300","2010","NC",,,"North Carolina","37",,,,,,,,,,,,,,,,,,"02300","79500US3702300","PUMA5 02300, North Carolina",41058,"PUMA5 02300, North Carolina",2232
"G37002400","2010","NC",,,"North Carolina","37",,,,,,,,,,,,,,,,,,"02400","79500US3702400","PUMA5 02400, North Carolina",37991,"PUMA5 02400, North Carolina",2242
"G37002500","2010","NC",,,"North Carolina","37",,,,,,,,,,,,,,,,,,"02500","79500US3702500","PUMA5 02500, North Carolina",38158,"PUMA5 02500, North Carolina",4379
"G37002601","2010","NC",,,"North Carolina","37",,,,,,,,,,,,,,,,,,"02601","79500US3702601","PUMA5 02601, North Carolina",37844,"PUMA5 02601, North Carolina",3537
"G37002602","2010","NC",,,"North Carolina","37",,,,,,,,,,,,,,,,,,"02602","79500US3702602","PUMA5 02602, North Carolina",56511,"PUMA5 02602, North Carolina",3200
"G37002701","2010","NC",,,"North Carolina","37",,,,,,,,,,,,,,,,,,"02701","79500US3702701","PUMA5 02701, North Carolina",76384,"PUMA5 02701, North Carolina",5720
"G37002702","2010","NC",,,"North Carolina","37",,,,,,,,,,,,,,,,,,"02702","79500US3702702","PUMA5 02702, North Carolina",70160,"PUMA5 02702, North Carolina",3293
"G37002703","2010","NC",,,"North Carolina","37",,,,,,,,,,,,,,,,,,"02703","79500US3702703","PUMA5 02703, North Carolina",70088,"PUMA5 02703, North Carolina",2696
"G37002801","2010","NC",,,"North Carolina","37",,,,,,,,,,,,,,,,,,"02801","79500US3702801","PUMA5 02801, North Carolina",48917,"PUMA5 02801, North Carolina",3161
"G37002802","2010","NC",,,"North Carolina","37",,,,,,,,,,,,,,,,,,"02802","79500US3702802","PUMA5 02802, North Carolina",46338,"PUMA5 02802, North Carolina",2341
"G37002900","2010","NC",,,"North Carolina","37",,,,,,,,,,,,,,,,,,"02900","79500US3702900","PUMA5 02900, North Carolina",50407,"PUMA5 02900, North Carolina",3814
"G37003000","2010","NC",,,"North Carolina","37",,,,,,,,,,,,,,,,,,"03000","79500US3703000","PUMA5 03000, North Carolina",45916,"PUMA5 03000, North Carolina",1653
"G37003100","2010","NC",,,"North Carolina","37",,,,,,,,,,,,,,,,,,"03100","79500US3703100","PUMA5 03100, North Carolina",39669,"PUMA5 03100, North Carolina",3640
"G37003200","2010","NC",,,"North Carolina","37",,,,,,,,,,,,,,,,,,"03200","79500US3703200","PUMA5 03200, North Carolina",35214,"PUMA5 03200, North Carolina",3736
"G37003300","2010","NC",,,"North Carolina","37",,,,,,,,,,,,,,,,,,"03300","79500US3703300","PUMA5 03300, North Carolina",37740,"PUMA5 03300, North Carolina",3743
"G37003400","2010","NC",,,"North Carolina","37",,,,,,,,,,,,,,,,,,"03400","79500US3703400","PUMA5 03400, North Carolina",38077,"PUMA5 03400, North Carolina",3326
"G37003500","2010","NC",,,"North Carolina","37",,,,,,,,,,,,,,,,,,"03500","79500US3703500","PUMA5 03500, North Carolina",31094,"PUMA5 03500, North Carolina",2664
"G37003600","2010","NC",,,"North Carolina","37",,,,,,,,,,,,,,,,,,"03600","79500US3703600","PUMA5 03600, North Carolina",42144,"PUMA5 03600, North Carolina",2446
"G37003700","2010","NC",,,"North Carolina","37",,,,,,,,,,,,,,,,,,"03700","79500US3703700","PUMA5 03700, North Carolina",44024,"PUMA5 03700, North Carolina",2601
"G37003800","2010","NC",,,"North Carolina","37",,,,,,,,,,,,,,,,,,"03800","79500US3703800","PUMA5 03800, North Carolina",29453,"PUMA5 03800, North Carolina",3749
"G37003900","2010","NC",,,"North Carolina","37",,,,,,,,,,,,,,,,,,"03900","79500US3703900","PUMA5 03900, North Carolina",37276,"PUMA5 03900, North Carolina",2462
"G37004000","2010","NC",,,"North Carolina","37",,,,,,,,,,,,,,,,,,"04000","79500US3704000","PUMA5 04000, North Carolina",45050,"PUMA5 04000, North Carolina",2076
"G37004100","2010","NC",,,"North Carolina","37",,,,,,,,,,,,,,,,,,"04100","79500US3704100","PUMA5 04100, North Carolina",33710,"PUMA5 04100, North Carolina",3615
"G37004200","2010","NC",,,"North Carolina","37",,,,,,,,,,,,,,,,,,"04200","79500US3704200","PUMA5 04200, North Carolina",41787,"PUMA5 04200, North Carolina",1598
"G37004300","2010","NC",,,"North Carolina","37",,,,,,,,,,,,,,,,,,"04300","79500US3704300","PUMA5 04300, North Carolina",40764,"PUMA5 04300, North Carolina",2602
"G37004400","2010","NC",,,"North Carolina","37",,,,,,,,,,,,,,,,,,"04400","79500US3704400","PUMA5 04400, North Carolina",36729,"PUMA5 04400, North Carolina",2370
"G37004500","2010","NC",,,"North Carolina","37",,,,,,,,,,,,,,,,,,"04500","79500US3704500","PUMA5 04500, North Carolina",40626,"PUMA5 04500, North Carolina",2504
"G37004600","2010","NC",,,"North Carolina","37",,,,,,,,,,,,,,,,,,"04600","79500US3704600","PUMA5 04600, North Carolina",39222,"PUMA5 04600, North Carolina",2243
"G37004700","2010","NC",,,"North Carolina","37",,,,,,,,,,,,,,,,,,"04700","79500US3704700","PUMA5 04700, North Carolina",36730,"PUMA5 04700, North Carolina",2702
"G37004800","2010","NC",,,"North Carolina","37",,,,,,,,,,,,,,,,,,"04800","79500US3704800","PUMA5 04800, North Carolina",45562,"PUMA5 04800, North Carolina",2442
"G38000100","2010","ND",,,"North Dakota","38",,,,,,,,,,,,,,,,,,"00100","79500US3800100","PUMA5 00100, North Dakota",51849,"PUMA5 00100, North Dakota",2324
"G38000200","2010","ND",,,"North Dakota","38",,,,,,,,,,,,,,,,,,"00200","79500US3800200","PUMA5 00200, North Dakota",50067,"PUMA5 00200, North Dakota",2269
"G38000300","2010","ND",,,"North Dakota","38",,,,,,,,,,,,,,,,,,"00300","79500US3800300","PUMA5 00300, North Dakota",44870,"PUMA5 00300, North Dakota",2700
"G38000400","2010","ND",,,"North Dakota","38",,,,,,,,,,,,,,,,,,"00400","79500US3800400","PUMA5 00400, North Dakota",50616,"PUMA5 00400, North Dakota",3049
"G38000500","2010","ND",,,"North Dakota","38",,,,,,,,,,,,,,,,,,"00500","79500US3800500","PUMA5 00500, North Dakota",45264,"PUMA5 00500, North Dakota",3156
"G39000100","2010","OH",,,"Ohio","39",,,,,,,,,,,,,,,,,,"00100","79500US3900100","PUMA5 00100, Ohio",42440,"PUMA5 00100, Ohio",2238
"G39000201","2010","OH",,,"Ohio","39",,,,,,,,,,,,,,,,,,"00201","79500US3900201","PUMA5 00201, Ohio",57262,"PUMA5 00201, Ohio",4770
"G39000202","2010","OH",,,"Ohio","39",,,,,,,,,,,,,,,,,,"00202","79500US3900202","PUMA5 00202, Ohio",48211,"PUMA5 00202, Ohio",3758
"G39000301","2010","OH",,,"Ohio","39",,,,,,,,,,,,,,,,,,"00301","79500US3900301","PUMA5 00301, Ohio",34921,"PUMA5 00301, Ohio",2725
"G39000302","2010","OH",,,"Ohio","39",,,,,,,,,,,,,,,,,,"00302","79500US3900302","PUMA5 00302, Ohio",37488,"PUMA5 00302, Ohio",2308
"G39000303","2010","OH",,,"Ohio","39",,,,,,,,,,,,,,,,,,"00303","79500US3900303","PUMA5 00303, Ohio",21486,"PUMA5 00303, Ohio",2044
"G39000400","2010","OH",,,"Ohio","39",,,,,,,,,,,,,,,,,,"00400","79500US3900400","PUMA5 00400, Ohio",44944,"PUMA5 00400, Ohio",3120
"G39000501","2010","OH",,,"Ohio","39",,,,,,,,,,,,,,,,,,"00501","79500US3900501","PUMA5 00501, Ohio",36557,"PUMA5 00501, Ohio",1388
"G39000502","2010","OH",,,"Ohio","39",,,,,,,,,,,,,,,,,,"00502","79500US3900502","PUMA5 00502, Ohio",63778,"PUMA5 00502, Ohio",2901
"G39000601","2010","OH",,,"Ohio","39",,,,,,,,,,,,,,,,,,"00601","79500US3900601","PUMA5 00601, Ohio",62712,"PUMA5 00601, Ohio",6239
"G39000602","2010","OH",,,"Ohio","39",,,,,,,,,,,,,,,,,,"00602","79500US3900602","PUMA5 00602, Ohio",45502,"PUMA5 00602, Ohio",3212
"G39000603","2010","OH",,,"Ohio","39",,,,,,,,,,,,,,,,,,"00603","79500US3900603","PUMA5 00603, Ohio",35172,"PUMA5 00603, Ohio",3265
"G39000604","2010","OH",,,"Ohio","39",,,,,,,,,,,,,,,,,,"00604","79500US3900604","PUMA5 00604, Ohio",42887,"PUMA5 00604, Ohio",2388
"G39000605","2010","OH",,,"Ohio","39",,,,,,,,,,,,,,,,,,"00605","79500US3900605","PUMA5 00605, Ohio",68601,"PUMA5 00605, Ohio",3252
"G39000606","2010","OH",,,"Ohio","39",,,,,,,,,,,,,,,,,,"00606","79500US3900606","PUMA5 00606, Ohio",29352,"PUMA5 00606, Ohio",3375
"G39000607","2010","OH",,,"Ohio","39",,,,,,,,,,,,,,,,,,"00607","79500US3900607","PUMA5 00607, Ohio",21313,"PUMA5 00607, Ohio",1816
"G39000608","2010","OH",,,"Ohio","39",,,,,,,,,,,,,,,,,,"00608","79500US3900608","PUMA5 00608, Ohio",22020,"PUMA5 00608, Ohio",2453
"G39000609","2010","OH",,,"Ohio","39",,,,,,,,,,,,,,,,,,"00609","79500US3900609","PUMA5 00609, Ohio",38595,"PUMA5 00609, Ohio",2968
"G39000610","2010","OH",,,"Ohio","39",,,,,,,,,,,,,,,,,,"00610","79500US3900610","PUMA5 00610, Ohio",43392,"PUMA5 00610, Ohio",3960
"G39000611","2010","OH",,,"Ohio","39",,,,,,,,,,,,,,,,,,"00611","79500US3900611","PUMA5 00611, Ohio",43899,"PUMA5 00611, Ohio",3781
"G39000612","2010","OH",,,"Ohio","39",,,,,,,,,,,,,,,,,,"00612","79500US3900612","PUMA5 00612, Ohio",67600,"PUMA5 00612, Ohio",4421
"G39000701","2010","OH",,,"Ohio","39",,,,,,,,,,,,,,,,,,"00701","79500US3900701","PUMA5 00701, Ohio",51434,"PUMA5 00701, Ohio",2631
"G39000702","2010","OH",,,"Ohio","39",,,,,,,,,,,,,,,,,,"00702","79500US3900702","PUMA5 00702, Ohio",51963,"PUMA5 00702, Ohio",5320
"G39000703","2010","OH",,,"Ohio","39",,,,,,,,,,,,,,,,,,"00703","79500US3900703","PUMA5 00703, Ohio",62564,"PUMA5 00703, Ohio",4806
"G39000800","2010","OH",,,"Ohio","39",,,,,,,,,,,,,,,,,,"00800","79500US3900800","PUMA5 00800, Ohio",38751,"PUMA5 00800, Ohio",3551
"G39000901","2010","OH",,,"Ohio","39",,,,,,,,,,,,,,,,,,"00901","79500US3900901","PUMA5 00901, Ohio",43424,"PUMA5 00901, Ohio",2364
"G39000902","2010","OH",,,"Ohio","39",,,,,,,,,,,,,,,,,,"00902","79500US3900902","PUMA5 00902, Ohio",37579,"PUMA5 00902, Ohio",2440
"G39000903","2010","OH",,,"Ohio","39",,,,,,,,,,,,,,,,,,"00903","79500US3900903","PUMA5 00903, Ohio",26111,"PUMA5 00903, Ohio",2032
"G39000904","2010","OH",,,"Ohio","39",,,,,,,,,,,,,,,,,,"00904","79500US3900904","PUMA5 00904, Ohio",45768,"PUMA5 00904, Ohio",2975
"G39001000","2010","OH",,,"Ohio","39",,,,,,,,,,,,,,,,,,"01000","79500US3901000","PUMA5 01000, Ohio",49244,"PUMA5 01000, Ohio",2627
"G39001101","2010","OH",,,"Ohio","39",,,,,,,,,,,,,,,,,,"01101","79500US3901101","PUMA5 01101, Ohio",77264,"PUMA5 01101, Ohio",3485
"G39001102","2010","OH",,,"Ohio","39",,,,,,,,,,,,,,,,,,"01102","79500US3901102","PUMA5 01102, Ohio",48234,"PUMA5 01102, Ohio",2385
"G39001103","2010","OH",,,"Ohio","39",,,,,,,,,,,,,,,,,,"01103","79500US3901103","PUMA5 01103, Ohio",50593,"PUMA5 01103, Ohio",1914
"G39001201","2010","OH",,,"Ohio","39",,,,,,,,,,,,,,,,,,"01201","79500US3901201","PUMA5 01201, Ohio",31749,"PUMA5 01201, Ohio",2357
"G39001202","2010","OH",,,"Ohio","39",,,,,,,,,,,,,,,,,,"01202","79500US3901202","PUMA5 01202, Ohio",30465,"PUMA5 01202, Ohio",3301
"G39001300","2010","OH",,,"Ohio","39",,,,,,,,,,,,,,,,,,"01300","79500US3901300","PUMA5 01300, Ohio",63543,"PUMA5 01300, Ohio",3321
"G39001400","2010","OH",,,"Ohio","39",,,,,,,,,,,,,,,,,,"01400","79500US3901400","PUMA5 01400, Ohio",42065,"PUMA5 01400, Ohio",2774
"G39001500","2010","OH",,,"Ohio","39",,,,,,,,,,,,,,,,,,"01500","79500US3901500","PUMA5 01500, Ohio",46091,"PUMA5 01500, Ohio",2063
"G39001600","2010","OH",,,"Ohio","39",,,,,,,,,,,,,,,,,,"01600","79500US3901600","PUMA5 01600, Ohio",47286,"PUMA5 01600, Ohio",2688
"G39001700","2010","OH",,,"Ohio","39",,,,,,,,,,,,,,,,,,"01700","79500US3901700","PUMA5 01700, Ohio",43224,"PUMA5 01700, Ohio",1935
"G39001800","2010","OH",,,"Ohio","39",,,,,,,,,,,,,,,,,,"01800","79500US3901800","PUMA5 01800, Ohio",41238,"PUMA5 01800, Ohio",4063
"G39001900","2010","OH",,,"Ohio","39",,,,,,,,,,,,,,,,,,"01900","79500US3901900","PUMA5 01900, Ohio",41653,"PUMA5 01900, Ohio",2237
"G39002000","2010","OH",,,"Ohio","39",,,,,,,,,,,,,,,,,,"02000","79500US3902000","PUMA5 02000, Ohio",41572,"PUMA5 02000, Ohio",1873
"G39002100","2010","OH",,,"Ohio","39",,,,,,,,,,,,,,,,,,"02100","79500US3902100","PUMA5 02100, Ohio",46288,"PUMA5 02100, Ohio",2553
"G39002201","2010","OH",,,"Ohio","39",,,,,,,,,,,,,,,,,,"02201","79500US3902201","PUMA5 02201, Ohio",46169,"PUMA5 02201, Ohio",3037
"G39002202","2010","OH",,,"Ohio","39",,,,,,,,,,,,,,,,,,"02202","79500US3902202","PUMA5 02202, Ohio",36990,"PUMA5 02202, Ohio",2290
"G39002203","2010","OH",,,"Ohio","39",,,,,,,,,,,,,,,,,,"02203","79500US3902203","PUMA5 02203, Ohio",44768,"PUMA5 02203, Ohio",2394
"G39002300","2010","OH",,,"Ohio","39",,,,,,,,,,,,,,,,,,"02300","79500US3902300","PUMA5 02300, Ohio",35909,"PUMA5 02300, Ohio",2946
"G39002400","2010","OH",,,"Ohio","39",,,,,,,,,,,,,,,,,,"02400","79500US3902400","PUMA5 02400, Ohio",36928,"PUMA5 02400, Ohio",2563
"G39002500","2010","OH",,,"Ohio","39",,,,,,,,,,,,,,,,,,"02500","79500US3902500","PUMA5 02500, Ohio",37644,"PUMA5 02500, Ohio",1982
"G39002600","2010","OH",,,"Ohio","39",,,,,,,,,,,,,,,,,,"02600","79500US3902600","PUMA5 02600, Ohio",41276,"PUMA5 02600, Ohio",2075
"G39002700","2010","OH",,,"Ohio","39",,,,,,,,,,,,,,,,,,"02700","79500US3902700","PUMA5 02700, Ohio",85146,"PUMA5 02700, Ohio",3065
"G39002800","2010","OH",,,"Ohio","39",,,,,,,,,,,,,,,,,,"02800","79500US3902800","PUMA5 02800, Ohio",51258,"PUMA5 02800, Ohio",2108
"G39002900","2010","OH",,,"Ohio","39",,,,,,,,,,,,,,,,,,"02900","79500US3902900","PUMA5 02900, Ohio",44357,"PUMA5 02900, Ohio",2796
"G39003001","2010","OH",,,"Ohio","39",,,,,,,,,,,,,,,,,,"03001","79500US3903001","PUMA5 03001, Ohio",49629,"PUMA5 03001, Ohio",2473
"G39003002","2010","OH",,,"Ohio","39",,,,,,,,,,,,,,,,,,"03002","79500US3903002","PUMA5 03002, Ohio",38863,"PUMA5 03002, Ohio",2430
"G39003101","2010","OH",,,"Ohio","39",,,,,,,,,,,,,,,,,,"03101","79500US3903101","PUMA5 03101, Ohio",53028,"PUMA5 03101, Ohio",4071
"G39003102","2010","OH",,,"Ohio","39",,,,,,,,,,,,,,,,,,"03102","79500US3903102","PUMA5 03102, Ohio",70907,"PUMA5 03102, Ohio",2475
"G39003103","2010","OH",,,"Ohio","39",,,,,,,,,,,,,,,,,,"03103","79500US3903103","PUMA5 03103, Ohio",37088,"PUMA5 03103, Ohio",3210
"G39003104","2010","OH",,,"Ohio","39",,,,,,,,,,,,,,,,,,"03104","79500US3903104","PUMA5 03104, Ohio",51616,"PUMA5 03104, Ohio",2245
"G39003105","2010","OH",,,"Ohio","39",,,,,,,,,,,,,,,,,,"03105","79500US3903105","PUMA5 03105, Ohio",34699,"PUMA5 03105, Ohio",2762
"G39003106","2010","OH",,,"Ohio","39",,,,,,,,,,,,,,,,,,"03106","79500US3903106","PUMA5 03106, Ohio",29095,"PUMA5 03106, Ohio",3783
"G39003107","2010","OH",,,"Ohio","39",,,,,,,,,,,,,,,,,,"03107","79500US3903107","PUMA5 03107, Ohio",34314,"PUMA5 03107, Ohio",2699
"G39003108","2010","OH",,,"Ohio","39",,,,,,,,,,,,,,,,,,"03108","79500US3903108","PUMA5 03108, Ohio",62925,"PUMA5 03108, Ohio",3032
"G39003109","2010","OH",,,"Ohio","39",,,,,,,,,,,,,,,,,,"03109","79500US3903109","PUMA5 03109, Ohio",46954,"PUMA5 03109, Ohio",3718
"G39003200","2010","OH",,,"Ohio","39",,,,,,,,,,,,,,,,,,"03200","79500US3903200","PUMA5 03200, Ohio",51132,"PUMA5 03200, Ohio",2741
"G39003300","2010","OH",,,"Ohio","39",,,,,,,,,,,,,,,,,,"03300","79500US3903300","PUMA5 03300, Ohio",55981,"PUMA5 03300, Ohio",2569
"G39003400","2010","OH",,,"Ohio","39",,,,,,,,,,,,,,,,,,"03400","79500US3903400","PUMA5 03400, Ohio",40337,"PUMA5 03400, Ohio",2111
"G39003500","2010","OH",,,"Ohio","39",,,,,,,,,,,,,,,,,,"03500","79500US3903500","PUMA5 03500, Ohio",40029,"PUMA5 03500, Ohio",2419
"G39003600","2010","OH",,,"Ohio","39",,,,,,,,,,,,,,,,,,"03600","79500US3903600","PUMA5 03600, Ohio",35905,"PUMA5 03600, Ohio",2116
"G39003700","2010","OH",,,"Ohio","39",,,,,,,,,,,,,,,,,,"03700","79500US3903700","PUMA5 03700, Ohio",38319,"PUMA5 03700, Ohio",3908
"G39003800","2010","OH",,,"Ohio","39",,,,,,,,,,,,,,,,,,"03800","79500US3903800","PUMA5 03800, Ohio",37961,"PUMA5 03800, Ohio",2410
"G39003900","2010","OH",,,"Ohio","39",,,,,,,,,,,,,,,,,,"03900","79500US3903900","PUMA5 03900, Ohio",51048,"PUMA5 03900, Ohio",2365
"G39004000","2010","OH",,,"Ohio","39",,,,,,,,,,,,,,,,,,"04000","79500US3904000","PUMA5 04000, Ohio",27953,"PUMA5 04000, Ohio",2058
"G39004101","2010","OH",,,"Ohio","39",,,,,,,,,,,,,,,,,,"04101","79500US3904101","PUMA5 04101, Ohio",45407,"PUMA5 04101, Ohio",3451
"G39004102","2010","OH",,,"Ohio","39",,,,,,,,,,,,,,,,,,"04102","79500US3904102","PUMA5 04102, Ohio",40270,"PUMA5 04102, Ohio",3203
"G39004103","2010","OH",,,"Ohio","39",,,,,,,,,,,,,,,,,,"04103","79500US3904103","PUMA5 04103, Ohio",52414,"PUMA5 04103, Ohio",2565
"G39004200","2010","OH",,,"Ohio","39",,,,,,,,,,,,,,,,,,"04200","79500US3904200","PUMA5 04200, Ohio",66499,"PUMA5 04200, Ohio",2469
"G39004301","2010","OH",,,"Ohio","39",,,,,,,,,,,,,,,,,,"04301","79500US3904301","PUMA5 04301, Ohio",56188,"PUMA5 04301, Ohio",2564
"G39004302","2010","OH",,,"Ohio","39",,,,,,,,,,,,,,,,,,"04302","79500US3904302","PUMA5 04302, Ohio",53462,"PUMA5 04302, Ohio",2760
"G39004401","2010","OH",,,"Ohio","39",,,,,,,,,,,,,,,,,,"04401","79500US3904401","PUMA5 04401, Ohio",61247,"PUMA5 04401, Ohio",4650
"G39004402","2010","OH",,,"Ohio","39",,,,,,,,,,,,,,,,,,"04402","79500US3904402","PUMA5 04402, Ohio",47747,"PUMA5 04402, Ohio",2563
"G39004403","2010","OH",,,"Ohio","39",,,,,,,,,,,,,,,,,,"04403","79500US3904403","PUMA5 04403, Ohio",43799,"PUMA5 04403, Ohio",1784
"G39004404","2010","OH",,,"Ohio","39",,,,,,,,,,,,,,,,,,"04404","79500US3904404","PUMA5 04404, Ohio",80759,"PUMA5 04404, Ohio",4199
"G39004501","2010","OH",,,"Ohio","39",,,,,,,,,,,,,,,,,,"04501","79500US3904501","PUMA5 04501, Ohio",32089,"PUMA5 04501, Ohio",3360
"G39004502","2010","OH",,,"Ohio","39",,,,,,,,,,,,,,,,,,"04502","79500US3904502","PUMA5 04502, Ohio",45506,"PUMA5 04502, Ohio",3852
"G39004503","2010","OH",,,"Ohio","39",,,,,,,,,,,,,,,,,,"04503","79500US3904503","PUMA5 04503, Ohio",21957,"PUMA5 04503, Ohio",1891
"G39004601","2010","OH",,,"Ohio","39",,,,,,,,,,,,,,,,,,"04601","79500US3904601","PUMA5 04601, Ohio",60646,"PUMA5 04601, Ohio",4379
"G39004602","2010","OH",,,"Ohio","39",,,,,,,,,,,,,,,,,,"04602","79500US3904602","PUMA5 04602, Ohio",47621,"PUMA5 04602, Ohio",4408
"G39004700","2010","OH",,,"Ohio","39",,,,,,,,,,,,,,,,,,"04700","79500US3904700","PUMA5 04700, Ohio",34090,"PUMA5 04700, Ohio",4334
"G39004800","2010","OH",,,"Ohio","39",,,,,,,,,,,,,,,,,,"04800","79500US3904800","PUMA5 04800, Ohio",37275,"PUMA5 04800, Ohio",3855
"G40000100","2010","OK",,,"Oklahoma","40",,,,,,,,,,,,,,,,,,"00100","79500US4000100","PUMA5 00100, Oklahoma",46618,"PUMA5 00100, Oklahoma",1517
"G40000200","2010","OK",,,"Oklahoma","40",,,,,,,,,,,,,,,,,,"00200","79500US4000200","PUMA5 00200, Oklahoma",37959,"PUMA5 00200, Oklahoma",3053
"G40000300","2010","OK",,,"Oklahoma","40",,,,,,,,,,,,,,,,,,"00300","79500US4000300","PUMA5 00300, Oklahoma",40263,"PUMA5 00300, Oklahoma",2364
"G40000400","2010","OK",,,"Oklahoma","40",,,,,,,,,,,,,,,,,,"00400","79500US4000400","PUMA5 00400, Oklahoma",41723,"PUMA5 00400, Oklahoma",1299
"G40000500","2010","OK",,,"Oklahoma","40",,,,,,,,,,,,,,,,,,"00500","79500US4000500","PUMA5 00500, Oklahoma",37633,"PUMA5 00500, Oklahoma",2036
"G40000600","2010","OK",,,"Oklahoma","40",,,,,,,,,,,,,,,,,,"00600","79500US4000600","PUMA5 00600, Oklahoma",36130,"PUMA5 00600, Oklahoma",2126
"G40000700","2010","OK",,,"Oklahoma","40",,,,,,,,,,,,,,,,,,"00700","79500US4000700","PUMA5 00700, Oklahoma",34419,"PUMA5 00700, Oklahoma",1914
"G40000800","2010","OK",,,"Oklahoma","40",,,,,,,,,,,,,,,,,,"00800","79500US4000800","PUMA5 00800, Oklahoma",36785,"PUMA5 00800, Oklahoma",1398
"G40000900","2010","OK",,,"Oklahoma","40",,,,,,,,,,,,,,,,,,"00900","79500US4000900","PUMA5 00900, Oklahoma",39255,"PUMA5 00900, Oklahoma",2437
"G40001000","2010","OK",,,"Oklahoma","40",,,,,,,,,,,,,,,,,,"01000","79500US4001000","PUMA5 01000, Oklahoma",56787,"PUMA5 01000, Oklahoma",2564
"G40001100","2010","OK",,,"Oklahoma","40",,,,,,,,,,,,,,,,,,"01100","79500US4001100","PUMA5 01100, Oklahoma",38163,"PUMA5 01100, Oklahoma",1606
"G40001200","2010","OK",,,"Oklahoma","40",,,,,,,,,,,,,,,,,,"01200","79500US4001200","PUMA5 01200, Oklahoma",57706,"PUMA5 01200, Oklahoma",2936
"G40001301","2010","OK",,,"Oklahoma","40",,,,,,,,,,,,,,,,,,"01301","79500US4001301","PUMA5 01301, Oklahoma",43976,"PUMA5 01301, Oklahoma",2452
"G40001302","2010","OK",,,"Oklahoma","40",,,,,,,,,,,,,,,,,,"01302","79500US4001302","PUMA5 01302, Oklahoma",44053,"PUMA5 01302, Oklahoma",2576
"G40001400","2010","OK",,,"Oklahoma","40",,,,,,,,,,,,,,,,,,"01400","79500US4001400","PUMA5 01400, Oklahoma",49791,"PUMA5 01400, Oklahoma",2989
"G40001500","2010","OK",,,"Oklahoma","40",,,,,,,,,,,,,,,,,,"01500","79500US4001500","PUMA5 01500, Oklahoma",46996,"PUMA5 01500, Oklahoma",2785
"G40001600","2010","OK",,,"Oklahoma","40",,,,,,,,,,,,,,,,,,"01600","79500US4001600","PUMA5 01600, Oklahoma",40549,"PUMA5 01600, Oklahoma",2244
"G40001700","2010","OK",,,"Oklahoma","40",,,,,,,,,,,,,,,,,,"01700","79500US4001700","PUMA5 01700, Oklahoma",49119,"PUMA5 01700, Oklahoma",3309
"G41000100","2010","OR",,,"Oregon","41",,,,,,,,,,,,,,,,,,"00100","79500US4100100","PUMA5 00100, Oregon",42326,"PUMA5 00100, Oregon",1988
"G41000200","2010","OR",,,"Oregon","41",,,,,,,,,,,,,,,,,,"00200","79500US4100200","PUMA5 00200, Oregon",45753,"PUMA5 00200, Oregon",2488
"G41000300","2010","OR",,,"Oregon","41",,,,,,,,,,,,,,,,,,"00300","79500US4100300","PUMA5 00300, Oregon",36259,"PUMA5 00300, Oregon",3344
"G41000400","2010","OR",,,"Oregon","41",,,,,,,,,,,,,,,,,,"00400","79500US4100400","PUMA5 00400, Oregon",44680,"PUMA5 00400, Oregon",3893
"G41000500","2010","OR",,,"Oregon","41",,,,,,,,,,,,,,,,,,"00500","79500US4100500","PUMA5 00500, Oregon",43368,"PUMA5 00500, Oregon",3077
"G41000600","2010","OR",,,"Oregon","41",,,,,,,,,,,,,,,,,,"00600","79500US4100600","PUMA5 00600, Oregon",43557,"PUMA5 00600, Oregon",2611
"G41000701","2010","OR",,,"Oregon","41",,,,,,,,,,,,,,,,,,"00701","79500US4100701","PUMA5 00701, Oregon",43877,"PUMA5 00701, Oregon",3938
"G41000702","2010","OR",,,"Oregon","41",,,,,,,,,,,,,,,,,,"00702","79500US4100702","PUMA5 00702, Oregon",38000,"PUMA5 00702, Oregon",2189
"G41000800","2010","OR",,,"Oregon","41",,,,,,,,,,,,,,,,,,"00800","79500US4100800","PUMA5 00800, Oregon",36835,"PUMA5 00800, Oregon",2633
"G41000900","2010","OR",,,"Oregon","41",,,,,,,,,,,,,,,,,,"00900","79500US4100900","PUMA5 00900, Oregon",40177,"PUMA5 00900, Oregon",2436
"G41001000","2010","OR",,,"Oregon","41",,,,,,,,,,,,,,,,,,"01000","79500US4101000","PUMA5 01000, Oregon",36510,"PUMA5 01000, Oregon",2831
"G41001101","2010","OR",,,"Oregon","41",,,,,,,,,,,,,,,,,,"01101","79500US4101101","PUMA5 01101, Oregon",42158,"PUMA5 01101, Oregon",2465
"G41001102","2010","OR",,,"Oregon","41",,,,,,,,,,,,,,,,,,"01102","79500US4101102","PUMA5 01102, Oregon",48085,"PUMA5 01102, Oregon",4227
"G41001200","2010","OR",,,"Oregon","41",,,,,,,,,,,,,,,,,,"01200","79500US4101200","PUMA5 01200, Oregon",49658,"PUMA5 01200, Oregon",2422
"G41001301","2010","OR",,,"Oregon","41",,,,,,,,,,,,,,,,,,"01301","79500US4101301","PUMA5 01301, Oregon",44318,"PUMA5 01301, Oregon",4377
"G41001302","2010","OR",,,"Oregon","41",,,,,,,,,,,,,,,,,,"01302","79500US4101302","PUMA5 01302, Oregon",38628,"PUMA5 01302, Oregon",3664
"G41001303","2010","OR",,,"Oregon","41",,,,,,,,,,,,,,,,,,"01303","79500US4101303","PUMA5 01303, Oregon",47296,"PUMA5 01303, Oregon",4325
"G41001304","2010","OR",,,"Oregon","41",,,,,,,,,,,,,,,,,,"01304","79500US4101304","PUMA5 01304, Oregon",55160,"PUMA5 01304, Oregon",5115
"G41001305","2010","OR",,,"Oregon","41",,,,,,,,,,,,,,,,,,"01305","79500US4101305","PUMA5 01305, Oregon",51585,"PUMA5 01305, Oregon",3130
"G41001306","2010","OR",,,"Oregon","41",,,,,,,,,,,,,,,,,,"01306","79500US4101306","PUMA5 01306, Oregon",48554,"PUMA5 01306, Oregon",3109
"G41001307","2010","OR",,,"Oregon","41",,,,,,,,,,,,,,,,,,"01307","79500US4101307","PUMA5 01307, Oregon",55991,"PUMA5 01307, Oregon",7087
"G41001308","2010","OR",,,"Oregon","41",,,,,,,,,,,,,,,,,,"01308","79500US4101308","PUMA5 01308, Oregon",52994,"PUMA5 01308, Oregon",4539
"G41001309","2010","OR",,,"Oregon","41",,,,,,,,,,,,,,,,,,"01309","79500US4101309","PUMA5 01309, Oregon",68191,"PUMA5 01309, Oregon",5524
"G41001310","2010","OR",,,"Oregon","41",,,,,,,,,,,,,,,,,,"01310","79500US4101310","PUMA5 01310, Oregon",53533,"PUMA5 01310, Oregon",4174
"G41001311","2010","OR",,,"Oregon","41",,,,,,,,,,,,,,,,,,"01311","79500US4101311","PUMA5 01311, Oregon",61852,"PUMA5 01311, Oregon",5571
"G41001312","2010","OR",,,"Oregon","41",,,,,,,,,,,,,,,,,,"01312","79500US4101312","PUMA5 01312, Oregon",65686,"PUMA5 01312, Oregon",3433
"G41001313","2010","OR",,,"Oregon","41",,,,,,,,,,,,,,,,,,"01313","79500US4101313","PUMA5 01313, Oregon",53822,"PUMA5 01313, Oregon",5167
"G42000100","2010","PA",,,"Pennsylvania","42",,,,,,,,,,,,,,,,,,"00100","79500US4200100","PUMA5 00100, Pennsylvania",28528,"PUMA5 00100, Pennsylvania",2399
"G42000200","2010","PA",,,"Pennsylvania","42",,,,,,,,,,,,,,,,,,"00200","79500US4200200","PUMA5 00200, Pennsylvania",51700,"PUMA5 00200, Pennsylvania",2500
"G42000300","2010","PA",,,"Pennsylvania","42",,,,,,,,,,,,,,,,,,"00300","79500US4200300","PUMA5 00300, Pennsylvania",39434,"PUMA5 00300, Pennsylvania",2294
"G42000400","2010","PA",,,"Pennsylvania","42",,,,,,,,,,,,,,,,,,"00400","79500US4200400","PUMA5 00400, Pennsylvania",41415,"PUMA5 00400, Pennsylvania",1881
"G42000500","2010","PA",,,"Pennsylvania","42",,,,,,,,,,,,,,,,,,"00500","79500US4200500","PUMA5 00500, Pennsylvania",41898,"PUMA5 00500, Pennsylvania",1383
"G42000600","2010","PA",,,"Pennsylvania","42",,,,,,,,,,,,,,,,,,"00600","79500US4200600","PUMA5 00600, Pennsylvania",47705,"PUMA5 00600, Pennsylvania",2669
"G42000700","2010","PA",,,"Pennsylvania","42",,,,,,,,,,,,,,,,,,"00700","79500US4200700","PUMA5 00700, Pennsylvania",54549,"PUMA5 00700, Pennsylvania",6443
"G42000801","2010","PA",,,"Pennsylvania","42",,,,,,,,,,,,,,,,,,"00801","79500US4200801","PUMA5 00801, Pennsylvania",37406,"PUMA5 00801, Pennsylvania",1954
"G42000802","2010","PA",,,"Pennsylvania","42",,,,,,,,,,,,,,,,,,"00802","79500US4200802","PUMA5 00802, Pennsylvania",49266,"PUMA5 00802, Pennsylvania",3609
"G42000901","2010","PA",,,"Pennsylvania","42",,,,,,,,,,,,,,,,,,"00901","79500US4200901","PUMA5 00901, Pennsylvania",34850,"PUMA5 00901, Pennsylvania",2665
"G42000902","2010","PA",,,"Pennsylvania","42",,,,,,,,,,,,,,,,,,"00902","79500US4200902","PUMA5 00902, Pennsylvania",47668,"PUMA5 00902, Pennsylvania",3111
"G42000903","2010","PA",,,"Pennsylvania","42",,,,,,,,,,,,,,,,,,"00903","79500US4200903","PUMA5 00903, Pennsylvania",43830,"PUMA5 00903, Pennsylvania",2857
"G42001000","2010","PA",,,"Pennsylvania","42",,,,,,,,,,,,,,,,,,"01000","79500US4201000","PUMA5 01000, Pennsylvania",41037,"PUMA5 01000, Pennsylvania",3015
"G42001100","2010","PA",,,"Pennsylvania","42",,,,,,,,,,,,,,,,,,"01100","79500US4201100","PUMA5 01100, Pennsylvania",37123,"PUMA5 01100, Pennsylvania",2837
"G42001200","2010","PA",,,"Pennsylvania","42",,,,,,,,,,,,,,,,,,"01200","79500US4201200","PUMA5 01200, Pennsylvania",41081,"PUMA5 01200, Pennsylvania",2228
"G42001300","2010","PA",,,"Pennsylvania","42",,,,,,,,,,,,,,,,,,"01300","79500US4201300","PUMA5 01300, Pennsylvania",44746,"PUMA5 01300, Pennsylvania",2309
"G42001400","2010","PA",,,"Pennsylvania","42",,,,,,,,,,,,,,,,,,"01400","79500US4201400","PUMA5 01400, Pennsylvania",36911,"PUMA5 01400, Pennsylvania",2630
"G42001500","2010","PA",,,"Pennsylvania","42",,,,,,,,,,,,,,,,,,"01500","79500US4201500","PUMA5 01500, Pennsylvania",39126,"PUMA5 01500, Pennsylvania",2561
"G42001600","2010","PA",,,"Pennsylvania","42",,,,,,,,,,,,,,,,,,"01600","79500US4201600","PUMA5 01600, Pennsylvania",40398,"PUMA5 01600, Pennsylvania",2198
"G42001701","2010","PA",,,"Pennsylvania","42",,,,,,,,,,,,,,,,,,"01701","79500US4201701","PUMA5 01701, Pennsylvania",28721,"PUMA5 01701, Pennsylvania",3241
"G42001702","2010","PA",,,"Pennsylvania","42",,,,,,,,,,,,,,,,,,"01702","79500US4201702","PUMA5 01702, Pennsylvania",38253,"PUMA5 01702, Pennsylvania",4433
"G42001703","2010","PA",,,"Pennsylvania","42",,,,,,,,,,,,,,,,,,"01703","79500US4201703","PUMA5 01703, Pennsylvania",41270,"PUMA5 01703, Pennsylvania",2801
"G42001801","2010","PA",,,"Pennsylvania","42",,,,,,,,,,,,,,,,,,"01801","79500US4201801","PUMA5 01801, Pennsylvania",64626,"PUMA5 01801, Pennsylvania",4660
"G42001802","2010","PA",,,"Pennsylvania","42",,,,,,,,,,,,,,,,,,"01802","79500US4201802","PUMA5 01802, Pennsylvania",50450,"PUMA5 01802, Pennsylvania",4342
"G42001803","2010","PA",,,"Pennsylvania","42",,,,,,,,,,,,,,,,,,"01803","79500US4201803","PUMA5 01803, Pennsylvania",57876,"PUMA5 01803, Pennsylvania",3357
"G42001804","2010","PA",,,"Pennsylvania","42",,,,,,,,,,,,,,,,,,"01804","79500US4201804","PUMA5 01804, Pennsylvania",43469,"PUMA5 01804, Pennsylvania",3199
"G42001805","2010","PA",,,"Pennsylvania","42",,,,,,,,,,,,,,,,,,"01805","79500US4201805","PUMA5 01805, Pennsylvania",54551,"PUMA5 01805, Pennsylvania",4253
"G42001806","2010","PA",,,"Pennsylvania","42",,,,,,,,,,,,,,,,,,"01806","79500US4201806","PUMA5 01806, Pennsylvania",65634,"PUMA5 01806, Pennsylvania",3372
"G42001807","2010","PA",,,"Pennsylvania","42",,,,,,,,,,,,,,,,,,"01807","79500US4201807","PUMA5 01807, Pennsylvania",37728,"PUMA5 01807, Pennsylvania",2727
"G42001900","2010","PA",,,"Pennsylvania","42",,,,,,,,,,,,,,,,,,"01900","79500US4201900","PUMA5 01900, Pennsylvania",54256,"PUMA5 01900, Pennsylvania",3137
"G42002001","2010","PA",,,"Pennsylvania","42",,,,,,,,,,,,,,,,,,"02001","79500US4202001","PUMA5 02001, Pennsylvania",40620,"PUMA5 02001, Pennsylvania",2353
"G42002002","2010","PA",,,"Pennsylvania","42",,,,,,,,,,,,,,,,,,"02002","79500US4202002","PUMA5 02002, Pennsylvania",42834,"PUMA5 02002, Pennsylvania",2401
"G42002101","2010","PA",,,"Pennsylvania","42",,,,,,,,,,,,,,,,,,"02101","79500US4202101","PUMA5 02101, Pennsylvania",45271,"PUMA5 02101, Pennsylvania",4511
"G42002102","2010","PA",,,"Pennsylvania","42",,,,,,,,,,,,,,,,,,"02102","79500US4202102","PUMA5 02102, Pennsylvania",48999,"PUMA5 02102, Pennsylvania",2857
"G42002103","2010","PA",,,"Pennsylvania","42",,,,,,,,,,,,,,,,,,"02103","79500US4202103","PUMA5 02103, Pennsylvania",43053,"PUMA5 02103, Pennsylvania",2749
"G42002201","2010","PA",,,"Pennsylvania","42",,,,,,,,,,,,,,,,,,"02201","79500US4202201","PUMA5 02201, Pennsylvania",53359,"PUMA5 02201, Pennsylvania",2592
"G42002202","2010","PA",,,"Pennsylvania","42",,,,,,,,,,,,,,,,,,"02202","79500US4202202","PUMA5 02202, Pennsylvania",39458,"PUMA5 02202, Pennsylvania",1847
"G42002300","2010","PA",,,"Pennsylvania","42",,,,,,,,,,,,,,,,,,"02300","79500US4202300","PUMA5 02300, Pennsylvania",35750,"PUMA5 02300, Pennsylvania",2762
"G42002400","2010","PA",,,"Pennsylvania","42",,,,,,,,,,,,,,,,,,"02400","79500US4202400","PUMA5 02400, Pennsylvania",42359,"PUMA5 02400, Pennsylvania",2529
"G42002501","2010","PA",,,"Pennsylvania","42",,,,,,,,,,,,,,,,,,"02501","79500US4202501","PUMA5 02501, Pennsylvania",40120,"PUMA5 02501, Pennsylvania",2188
"G42002502","2010","PA",,,"Pennsylvania","42",,,,,,,,,,,,,,,,,,"02502","79500US4202502","PUMA5 02502, Pennsylvania",41483,"PUMA5 02502, Pennsylvania",2067
"G42002600","2010","PA",,,"Pennsylvania","42",,,,,,,,,,,,,,,,,,"02600","79500US4202600","PUMA5 02600, Pennsylvania",43005,"PUMA5 02600, Pennsylvania",3884
"G42002700","2010","PA",,,"Pennsylvania","42",,,,,,,,,,,,,,,,,,"02700","79500US4202700","PUMA5 02700, Pennsylvania",40075,"PUMA5 02700, Pennsylvania",2058
"G42002801","2010","PA",,,"Pennsylvania","42",,,,,,,,,,,,,,,,,,"02801","79500US4202801","PUMA5 02801, Pennsylvania",54129,"PUMA5 02801, Pennsylvania",2590
"G42002802","2010","PA",,,"Pennsylvania","42",,,,,,,,,,,,,,,,,,"02802","79500US4202802","PUMA5 02802, Pennsylvania",49703,"PUMA5 02802, Pennsylvania",2429
"G42002900","2010","PA",,,"Pennsylvania","42",,,,,,,,,,,,,,,,,,"02900","79500US4202900","PUMA5 02900, Pennsylvania",51436,"PUMA5 02900, Pennsylvania",1865
"G42003001","2010","PA",,,"Pennsylvania","42",,,,,,,,,,,,,,,,,,"03001","79500US4203001","PUMA5 03001, Pennsylvania",47725,"PUMA5 03001, Pennsylvania",3242
"G42003002","2010","PA",,,"Pennsylvania","42",,,,,,,,,,,,,,,,,,"03002","79500US4203002","PUMA5 03002, Pennsylvania",58713,"PUMA5 03002, Pennsylvania",3511
"G42003101","2010","PA",,,"Pennsylvania","42",,,,,,,,,,,,,,,,,,"03101","79500US4203101","PUMA5 03101, Pennsylvania",61479,"PUMA5 03101, Pennsylvania",2450
"G42003102","2010","PA",,,"Pennsylvania","42",,,,,,,,,,,,,,,,,,"03102","79500US4203102","PUMA5 03102, Pennsylvania",50147,"PUMA5 03102, Pennsylvania",2486
"G42003201","2010","PA",,,"Pennsylvania","42",,,,,,,,,,,,,,,,,,"03201","79500US4203201","PUMA5 03201, Pennsylvania",60486,"PUMA5 03201, Pennsylvania",3767
"G42003202","2010","PA",,,"Pennsylvania","42",,,,,,,,,,,,,,,,,,"03202","79500US4203202","PUMA5 03202, Pennsylvania",57949,"PUMA5 03202, Pennsylvania",3346
"G42003203","2010","PA",,,"Pennsylvania","42",,,,,,,,,,,,,,,,,,"03203","79500US4203203","PUMA5 03203, Pennsylvania",50273,"PUMA5 03203, Pennsylvania",3439
"G42003301","2010","PA",,,"Pennsylvania","42",,,,,,,,,,,,,,,,,,"03301","79500US4203301","PUMA5 03301, Pennsylvania",47152,"PUMA5 03301, Pennsylvania",2556
"G42003302","2010","PA",,,"Pennsylvania","42",,,,,,,,,,,,,,,,,,"03302","79500US4203302","PUMA5 03302, Pennsylvania",57001,"PUMA5 03302, Pennsylvania",3555
"G42003303","2010","PA",,,"Pennsylvania","42",,,,,,,,,,,,,,,,,,"03303","79500US4203303","PUMA5 03303, Pennsylvania",53177,"PUMA5 03303, Pennsylvania",2252
"G42003401","2010","PA",,,"Pennsylvania","42",,,,,,,,,,,,,,,,,,"03401","79500US4203401","PUMA5 03401, Pennsylvania",41450,"PUMA5 03401, Pennsylvania",1794
"G42003402","2010","PA",,,"Pennsylvania","42",,,,,,,,,,,,,,,,,,"03402","79500US4203402","PUMA5 03402, Pennsylvania",61289,"PUMA5 03402, Pennsylvania",2515
"G42003500","2010","PA",,,"Pennsylvania","42",,,,,,,,,,,,,,,,,,"03500","79500US4203500","PUMA5 03500, Pennsylvania",40265,"PUMA5 03500, Pennsylvania",2889
"G42003600","2010","PA",,,"Pennsylvania","42",,,,,,,,,,,,,,,,,,"03600","79500US4203600","PUMA5 03600, Pennsylvania",32149,"PUMA5 03600, Pennsylvania",2846
"G42003701","2010","PA",,,"Pennsylvania","42",,,,,,,,,,,,,,,,,,"03701","79500US4203701","PUMA5 03701, Pennsylvania",59575,"PUMA5 03701, Pennsylvania",3857
"G42003702","2010","PA",,,"Pennsylvania","42",,,,,,,,,,,,,,,,,,"03702","79500US4203702","PUMA5 03702, Pennsylvania",58120,"PUMA5 03702, Pennsylvania",3450
"G42003801","2010","PA",,,"Pennsylvania","42",,,,,,,,,,,,,,,,,,"03801","79500US4203801","PUMA5 03801, Pennsylvania",47693,"PUMA5 03801, Pennsylvania",2971
"G42003802","2010","PA",,,"Pennsylvania","42",,,,,,,,,,,,,,,,,,"03802","79500US4203802","PUMA5 03802, Pennsylvania",63448,"PUMA5 03802, Pennsylvania",2301
"G42003901","2010","PA",,,"Pennsylvania","42",,,,,,,,,,,,,,,,,,"03901","79500US4203901","PUMA5 03901, Pennsylvania",75982,"PUMA5 03901, Pennsylvania",4737
"G42003902","2010","PA",,,"Pennsylvania","42",,,,,,,,,,,,,,,,,,"03902","79500US4203902","PUMA5 03902, Pennsylvania",81701,"PUMA5 03902, Pennsylvania",4530
"G42003903","2010","PA",,,"Pennsylvania","42",,,,,,,,,,,,,,,,,,"03903","79500US4203903","PUMA5 03903, Pennsylvania",72657,"PUMA5 03903, Pennsylvania",5414
"G42003904","2010","PA",,,"Pennsylvania","42",,,,,,,,,,,,,,,,,,"03904","79500US4203904","PUMA5 03904, Pennsylvania",51913,"PUMA5 03904, Pennsylvania",2731
"G42004001","2010","PA",,,"Pennsylvania","42",,,,,,,,,,,,,,,,,,"04001","79500US4204001","PUMA5 04001, Pennsylvania",74285,"PUMA5 04001, Pennsylvania",5167
"G42004002","2010","PA",,,"Pennsylvania","42",,,,,,,,,,,,,,,,,,"04002","79500US4204002","PUMA5 04002, Pennsylvania",75609,"PUMA5 04002, Pennsylvania",3508
"G42004003","2010","PA",,,"Pennsylvania","42",,,,,,,,,,,,,,,,,,"04003","79500US4204003","PUMA5 04003, Pennsylvania",77064,"PUMA5 04003, Pennsylvania",4422
"G42004004","2010","PA",,,"Pennsylvania","42",,,,,,,,,,,,,,,,,,"04004","79500US4204004","PUMA5 04004, Pennsylvania",67942,"PUMA5 04004, Pennsylvania",6825
"G42004005","2010","PA",,,"Pennsylvania","42",,,,,,,,,,,,,,,,,,"04005","79500US4204005","PUMA5 04005, Pennsylvania",75316,"PUMA5 04005, Pennsylvania",5147
"G42004006","2010","PA",,,"Pennsylvania","42",,,,,,,,,,,,,,,,,,"04006","79500US4204006","PUMA5 04006, Pennsylvania",83006,"PUMA5 04006, Pennsylvania",5455
"G42004101","2010","PA",,,"Pennsylvania","42",,,,,,,,,,,,,,,,,,"04101","79500US4204101","PUMA5 04101, Pennsylvania",49343,"PUMA5 04101, Pennsylvania",4327
"G42004102","2010","PA",,,"Pennsylvania","42",,,,,,,,,,,,,,,,,,"04102","79500US4204102","PUMA5 04102, Pennsylvania",38859,"PUMA5 04102, Pennsylvania",3700
"G42004103","2010","PA",,,"Pennsylvania","42",,,,,,,,,,,,,,,,,,"04103","79500US4204103","PUMA5 04103, Pennsylvania",33175,"PUMA5 04103, Pennsylvania",2660
"G42004104","2010","PA",,,"Pennsylvania","42",,,,,,,,,,,,,,,,,,"04104","79500US4204104","PUMA5 04104, Pennsylvania",32615,"PUMA5 04104, Pennsylvania",3207
"G42004105","2010","PA",,,"Pennsylvania","42",,,,,,,,,,,,,,,,,,"04105","79500US4204105","PUMA5 04105, Pennsylvania",22103,"PUMA5 04105, Pennsylvania",1908
"G42004106","2010","PA",,,"Pennsylvania","42",,,,,,,,,,,,,,,,,,"04106","79500US4204106","PUMA5 04106, Pennsylvania",47953,"PUMA5 04106, Pennsylvania",4189
"G42004107","2010","PA",,,"Pennsylvania","42",,,,,,,,,,,,,,,,,,"04107","79500US4204107","PUMA5 04107, Pennsylvania",17071,"PUMA5 04107, Pennsylvania",2008
"G42004108","2010","PA",,,"Pennsylvania","42",,,,,,,,,,,,,,,,,,"04108","79500US4204108","PUMA5 04108, Pennsylvania",24292,"PUMA5 04108, Pennsylvania",3208
"G42004109","2010","PA",,,"Pennsylvania","42",,,,,,,,,,,,,,,,,,"04109","79500US4204109","PUMA5 04109, Pennsylvania",57794,"PUMA5 04109, Pennsylvania",4592
"G42004110","2010","PA",,,"Pennsylvania","42",,,,,,,,,,,,,,,,,,"04110","79500US4204110","PUMA5 04110, Pennsylvania",31920,"PUMA5 04110, Pennsylvania",2279
"G42004111","2010","PA",,,"Pennsylvania","42",,,,,,,,,,,,,,,,,,"04111","79500US4204111","PUMA5 04111, Pennsylvania",27887,"PUMA5 04111, Pennsylvania",3857
"G42004201","2010","PA",,,"Pennsylvania","42",,,,,,,,,,,,,,,,,,"04201","79500US4204201","PUMA5 04201, Pennsylvania",81735,"PUMA5 04201, Pennsylvania",6283
"G42004202","2010","PA",,,"Pennsylvania","42",,,,,,,,,,,,,,,,,,"04202","79500US4204202","PUMA5 04202, Pennsylvania",54421,"PUMA5 04202, Pennsylvania",3916
"G42004203","2010","PA",,,"Pennsylvania","42",,,,,,,,,,,,,,,,,,"04203","79500US4204203","PUMA5 04203, Pennsylvania",45553,"PUMA5 04203, Pennsylvania",2503
"G42004204","2010","PA",,,"Pennsylvania","42",,,,,,,,,,,,,,,,,,"04204","79500US4204204","PUMA5 04204, Pennsylvania",72092,"PUMA5 04204, Pennsylvania",5019
"G42004301","2010","PA",,,"Pennsylvania","42",,,,,,,,,,,,,,,,,,"04301","79500US4204301","PUMA5 04301, Pennsylvania",84209,"PUMA5 04301, Pennsylvania",4654
"G42004302","2010","PA",,,"Pennsylvania","42",,,,,,,,,,,,,,,,,,"04302","79500US4204302","PUMA5 04302, Pennsylvania",93534,"PUMA5 04302, Pennsylvania",4400
"G42004303","2010","PA",,,"Pennsylvania","42",,,,,,,,,,,,,,,,,,"04303","79500US4204303","PUMA5 04303, Pennsylvania",70727,"PUMA5 04303, Pennsylvania",4940
"G44000100","2010","RI",,,"Rhode Island","44",,,,,,,,,,,,,,,,,,"00100","79500US4400100","PUMA5 00100, Rhode Island",37237,"PUMA5 00100, Rhode Island",2848
"G44000200","2010","RI",,,"Rhode Island","44",,,,,,,,,,,,,,,,,,"00200","79500US4400200","PUMA5 00200, Rhode Island",51258,"PUMA5 00200, Rhode Island",2883
"G44000300","2010","RI",,,"Rhode Island","44",,,,,,,,,,,,,,,,,,"00300","79500US4400300","PUMA5 00300, Rhode Island",54587,"PUMA5 00300, Rhode Island",5436
"G44000400","2010","RI",,,"Rhode Island","44",,,,,,,,,,,,,,,,,,"00400","79500US4400400","PUMA5 00400, Rhode Island",44014,"PUMA5 00400, Rhode Island",4307
"G44000500","2010","RI",,,"Rhode Island","44",,,,,,,,,,,,,,,,,,"00500","79500US4400500","PUMA5 00500, Rhode Island",69002,"PUMA5 00500, Rhode Island",6123
"G44000600","2010","RI",,,"Rhode Island","44",,,,,,,,,,,,,,,,,,"00600","79500US4400600","PUMA5 00600, Rhode Island",53954,"PUMA5 00600, Rhode Island",2720
"G44000700","2010","RI",,,"Rhode Island","44",,,,,,,,,,,,,,,,,,"00700","79500US4400700","PUMA5 00700, Rhode Island",70161,"PUMA5 00700, Rhode Island",5935
"G45000100","2010","SC",,,"South Carolina","45",,,,,,,,,,,,,,,,,,"00100","79500US4500100","PUMA5 00100, South Carolina",40763,"PUMA5 00100, South Carolina",2345
"G45000201","2010","SC",,,"South Carolina","45",,,,,,,,,,,,,,,,,,"00201","79500US4500201","PUMA5 00201, South Carolina",40555,"PUMA5 00201, South Carolina",2528
"G45000202","2010","SC",,,"South Carolina","45",,,,,,,,,,,,,,,,,,"00202","79500US4500202","PUMA5 00202, South Carolina",50823,"PUMA5 00202, South Carolina",4285
"G45000301","2010","SC",,,"South Carolina","45",,,,,,,,,,,,,,,,,,"00301","79500US4500301","PUMA5 00301, South Carolina",38603,"PUMA5 00301, South Carolina",2814
"G45000302","2010","SC",,,"South Carolina","45",,,,,,,,,,,,,,,,,,"00302","79500US4500302","PUMA5 00302, South Carolina",43978,"PUMA5 00302, South Carolina",3499
"G45000400","2010","SC",,,"South Carolina","45",,,,,,,,,,,,,,,,,,"00400","79500US4500400","PUMA5 00400, South Carolina",33256,"PUMA5 00400, South Carolina",3401
"G45000500","2010","SC",,,"South Carolina","45",,,,,,,,,,,,,,,,,,"00500","79500US4500500","PUMA5 00500, South Carolina",50797,"PUMA5 00500, South Carolina",3137
"G45000600","2010","SC",,,"South Carolina","45",,,,,,,,,,,,,,,,,,"00600","79500US4500600","PUMA5 00600, South Carolina",35531,"PUMA5 00600, South Carolina",3937
"G45000700","2010","SC",,,"South Carolina","45",,,,,,,,,,,,,,,,,,"00700","79500US4500700","PUMA5 00700, South Carolina",36770,"PUMA5 00700, South Carolina",3444
"G45000800","2010","SC",,,"South Carolina","45",,,,,,,,,,,,,,,,,,"00800","79500US4500800","PUMA5 00800, South Carolina",33703,"PUMA5 00800, South Carolina",4194
"G45000900","2010","SC",,,"South Carolina","45",,,,,,,,,,,,,,,,,,"00900","79500US4500900","PUMA5 00900, South Carolina",42377,"PUMA5 00900, South Carolina",3434
"G45001001","2010","SC",,,"South Carolina","45",,,,,,,,,,,,,,,,,,"01001","79500US4501001","PUMA5 01001, South Carolina",50340,"PUMA5 01001, South Carolina",4127
"G45001002","2010","SC",,,"South Carolina","45",,,,,,,,,,,,,,,,,,"01002","79500US4501002","PUMA5 01002, South Carolina",52439,"PUMA5 01002, South Carolina",5778
"G45001100","2010","SC",,,"South Carolina","45",,,,,,,,,,,,,,,,,,"01100","79500US4501100","PUMA5 01100, South Carolina",35701,"PUMA5 01100, South Carolina",4040
"G45001200","2010","SC",,,"South Carolina","45",,,,,,,,,,,,,,,,,,"01200","79500US4501200","PUMA5 01200, South Carolina",50317,"PUMA5 01200, South Carolina",2485
"G45001300","2010","SC",,,"South Carolina","45",,,,,,,,,,,,,,,,,,"01300","79500US4501300","PUMA5 01300, South Carolina",35078,"PUMA5 01300, South Carolina",2986
"G45001400","2010","SC",,,"South Carolina","45",,,,,,,,,,,,,,,,,,"01400","79500US4501400","PUMA5 01400, South Carolina",29475,"PUMA5 01400, South Carolina",2917
"G45001500","2010","SC",,,"South Carolina","45",,,,,,,,,,,,,,,,,,"01500","79500US4501500","PUMA5 01500, South Carolina",41568,"PUMA5 01500, South Carolina",2980
"G45001600","2010","SC",,,"South Carolina","45",,,,,,,,,,,,,,,,,,"01600","79500US4501600","PUMA5 01600, South Carolina",37541,"PUMA5 01600, South Carolina",2203
"G45001700","2010","SC",,,"South Carolina","45",,,,,,,,,,,,,,,,,,"01700","79500US4501700","PUMA5 01700, South Carolina",36457,"PUMA5 01700, South Carolina",3424
"G45001800","2010","SC",,,"South Carolina","45",,,,,,,,,,,,,,,,,,"01800","79500US4501800","PUMA5 01800, South Carolina",30814,"PUMA5 01800, South Carolina",2136
"G45001900","2010","SC",,,"South Carolina","45",,,,,,,,,,,,,,,,,,"01900","79500US4501900","PUMA5 01900, South Carolina",52496,"PUMA5 01900, South Carolina",4336
"G45002000","2010","SC",,,"South Carolina","45",,,,,,,,,,,,,,,,,,"02000","79500US4502000","PUMA5 02000, South Carolina",45003,"PUMA5 02000, South Carolina",3354
"G45002101","2010","SC",,,"South Carolina","45",,,,,,,,,,,,,,,,,,"02101","79500US4502101","PUMA5 02101, South Carolina",39086,"PUMA5 02101, South Carolina",2478
"G45002102","2010","SC",,,"South Carolina","45",,,,,,,,,,,,,,,,,,"02102","79500US4502102","PUMA5 02102, South Carolina",59100,"PUMA5 02102, South Carolina",3919
"G45002200","2010","SC",,,"South Carolina","45",,,,,,,,,,,,,,,,,,"02200","79500US4502200","PUMA5 02200, South Carolina",49386,"PUMA5 02200, South Carolina",3259
"G45002300","2010","SC",,,"South Carolina","45",,,,,,,,,,,,,,,,,,"02300","79500US4502300","PUMA5 02300, South Carolina",32189,"PUMA5 02300, South Carolina",1816
"G46000100","2010","SD",,,"South Dakota","46",,,,,,,,,,,,,,,,,,"00100","79500US4600100","PUMA5 00100, South Dakota",47009,"PUMA5 00100, South Dakota",3680
"G46000200","2010","SD",,,"South Dakota","46",,,,,,,,,,,,,,,,,,"00200","79500US4600200","PUMA5 00200, South Dakota",36756,"PUMA5 00200, South Dakota",2951
"G46000300","2010","SD",,,"South Dakota","46",,,,,,,,,,,,,,,,,,"00300","79500US4600300","PUMA5 00300, South Dakota",41320,"PUMA5 00300, South Dakota",1918
"G46000400","2010","SD",,,"South Dakota","46",,,,,,,,,,,,,,,,,,"00400","79500US4600400","PUMA5 00400, South Dakota",45427,"PUMA5 00400, South Dakota",2209
"G46000500","2010","SD",,,"South Dakota","46",,,,,,,,,,,,,,,,,,"00500","79500US4600500","PUMA5 00500, South Dakota",40281,"PUMA5 00500, South Dakota",2861
"G46000600","2010","SD",,,"South Dakota","46",,,,,,,,,,,,,,,,,,"00600","79500US4600600","PUMA5 00600, South Dakota",59787,"PUMA5 00600, South Dakota",3393
"G46000700","2010","SD",,,"South Dakota","46",,,,,,,,,,,,,,,,,,"00700","79500US4600700","PUMA5 00700, South Dakota",44950,"PUMA5 00700, South Dakota",2774
"G47000100","2010","TN",,,"Tennessee","47",,,,,,,,,,,,,,,,,,"00100","79500US4700100","PUMA5 00100, Tennessee",36115,"PUMA5 00100, Tennessee",2115
"G47000200","2010","TN",,,"Tennessee","47",,,,,,,,,,,,,,,,,,"00200","79500US4700200","PUMA5 00200, Tennessee",36278,"PUMA5 00200, Tennessee",2735
"G47000300","2010","TN",,,"Tennessee","47",,,,,,,,,,,,,,,,,,"00300","79500US4700300","PUMA5 00300, Tennessee",46703,"PUMA5 00300, Tennessee",2999
"G47000400","2010","TN",,,"Tennessee","47",,,,,,,,,,,,,,,,,,"00400","79500US4700400","PUMA5 00400, Tennessee",48194,"PUMA5 00400, Tennessee",2446
"G47000501","2010","TN",,,"Tennessee","47",,,,,,,,,,,,,,,,,,"00501","79500US4700501","PUMA5 00501, Tennessee",45872,"PUMA5 00501, Tennessee",1924
"G47000502","2010","TN",,,"Tennessee","47",,,,,,,,,,,,,,,,,,"00502","79500US4700502","PUMA5 00502, Tennessee",56465,"PUMA5 00502, Tennessee",3373
"G47000600","2010","TN",,,"Tennessee","47",,,,,,,,,,,,,,,,,,"00600","79500US4700600","PUMA5 00600, Tennessee",32023,"PUMA5 00600, Tennessee",1627
"G47000700","2010","TN",,,"Tennessee","47",,,,,,,,,,,,,,,,,,"00700","79500US4700700","PUMA5 00700, Tennessee",29482,"PUMA5 00700, Tennessee",2742
"G47000801","2010","TN",,,"Tennessee","47",,,,,,,,,,,,,,,,,,"00801","79500US4700801","PUMA5 00801, Tennessee",35680,"PUMA5 00801, Tennessee",4108
"G47000802","2010","TN",,,"Tennessee","47",,,,,,,,,,,,,,,,,,"00802","79500US4700802","PUMA5 00802, Tennessee",35520,"PUMA5 00802, Tennessee",2901
"G47000900","2010","TN",,,"Tennessee","47",,,,,,,,,,,,,,,,,,"00900","79500US4700900","PUMA5 00900, Tennessee",31516,"PUMA5 00900, Tennessee",1900
"G47001000","2010","TN",,,"Tennessee","47",,,,,,,,,,,,,,,,,,"01000","79500US4701000","PUMA5 01000, Tennessee",42213,"PUMA5 01000, Tennessee",3665
"G47001100","2010","TN",,,"Tennessee","47",,,,,,,,,,,,,,,,,,"01100","79500US4701100","PUMA5 01100, Tennessee",32856,"PUMA5 01100, Tennessee",2871
"G47001200","2010","TN",,,"Tennessee","47",,,,,,,,,,,,,,,,,,"01200","79500US4701200","PUMA5 01200, Tennessee",38489,"PUMA5 01200, Tennessee",3146
"G47001301","2010","TN",,,"Tennessee","47",,,,,,,,,,,,,,,,,,"01301","79500US4701301","PUMA5 01301, Tennessee",58044,"PUMA5 01301, Tennessee",3536
"G47001302","2010","TN",,,"Tennessee","47",,,,,,,,,,,,,,,,,,"01302","79500US4701302","PUMA5 01302, Tennessee",43998,"PUMA5 01302, Tennessee",4759
"G47001400","2010","TN",,,"Tennessee","47",,,,,,,,,,,,,,,,,,"01400","79500US4701400","PUMA5 01400, Tennessee",29666,"PUMA5 01400, Tennessee",1367
"G47001500","2010","TN",,,"Tennessee","47",,,,,,,,,,,,,,,,,,"01500","79500US4701500","PUMA5 01500, Tennessee",40846,"PUMA5 01500, Tennessee",2174
"G47001600","2010","TN",,,"Tennessee","47",,,,,,,,,,,,,,,,,,"01600","79500US4701600","PUMA5 01600, Tennessee",40763,"PUMA5 01600, Tennessee",2672
"G47001700","2010","TN",,,"Tennessee","47",,,,,,,,,,,,,,,,,,"01700","79500US4701700","PUMA5 01700, Tennessee",37758,"PUMA5 01700, Tennessee",2591
"G47001800","2010","TN",,,"Tennessee","47",,,,,,,,,,,,,,,,,,"01800","79500US4701800","PUMA5 01800, Tennessee",35964,"PUMA5 01800, Tennessee",1978
"G47001900","2010","TN",,,"Tennessee","47",,,,,,,,,,,,,,,,,,"01900","79500US4701900","PUMA5 01900, Tennessee",56203,"PUMA5 01900, Tennessee",3654
"G47002000","2010","TN",,,"Tennessee","47",,,,,,,,,,,,,,,,,,"02000","79500US4702000","PUMA5 02000, Tennessee",35386,"PUMA5 02000, Tennessee",3126
"G47002100","2010","TN",,,"Tennessee","47",,,,,,,,,,,,,,,,,,"02100","79500US4702100","PUMA5 02100, Tennessee",34371,"PUMA5 02100, Tennessee",2662
"G47002201","2010","TN",,,"Tennessee","47",,,,,,,,,,,,,,,,,,"02201","79500US4702201","PUMA5 02201, Tennessee",46513,"PUMA5 02201, Tennessee",2333
"G47002202","2010","TN",,,"Tennessee","47",,,,,,,,,,,,,,,,,,"02202","79500US4702202","PUMA5 02202, Tennessee",36366,"PUMA5 02202, Tennessee",1943
"G47002203","2010","TN",,,"Tennessee","47",,,,,,,,,,,,,,,,,,"02203","79500US4702203","PUMA5 02203, Tennessee",50050,"PUMA5 02203, Tennessee",4094
"G47002204","2010","TN",,,"Tennessee","47",,,,,,,,,,,,,,,,,,"02204","79500US4702204","PUMA5 02204, Tennessee",31653,"PUMA5 02204, Tennessee",2732
"G47002205","2010","TN",,,"Tennessee","47",,,,,,,,,,,,,,,,,,"02205","79500US4702205","PUMA5 02205, Tennessee",47375,"PUMA5 02205, Tennessee",3020
"G47002300","2010","TN",,,"Tennessee","47",,,,,,,,,,,,,,,,,,"02300","79500US4702300","PUMA5 02300, Tennessee",51489,"PUMA5 02300, Tennessee",2214
"G47002400","2010","TN",,,"Tennessee","47",,,,,,,,,,,,,,,,,,"02400","79500US4702400","PUMA5 02400, Tennessee",80533,"PUMA5 02400, Tennessee",3753
"G47002500","2010","TN",,,"Tennessee","47",,,,,,,,,,,,,,,,,,"02500","79500US4702500","PUMA5 02500, Tennessee",38680,"PUMA5 02500, Tennessee",2042
"G47002600","2010","TN",,,"Tennessee","47",,,,,,,,,,,,,,,,,,"02600","79500US4702600","PUMA5 02600, Tennessee",41108,"PUMA5 02600, Tennessee",2743
"G47002700","2010","TN",,,"Tennessee","47",,,,,,,,,,,,,,,,,,"02700","79500US4702700","PUMA5 02700, Tennessee",34560,"PUMA5 02700, Tennessee",1752
"G47002800","2010","TN",,,"Tennessee","47",,,,,,,,,,,,,,,,,,"02800","79500US4702800","PUMA5 02800, Tennessee",31823,"PUMA5 02800, Tennessee",2502
"G47002900","2010","TN",,,"Tennessee","47",,,,,,,,,,,,,,,,,,"02900","79500US4702900","PUMA5 02900, Tennessee",40464,"PUMA5 02900, Tennessee",2815
"G47003000","2010","TN",,,"Tennessee","47",,,,,,,,,,,,,,,,,,"03000","79500US4703000","PUMA5 03000, Tennessee",44560,"PUMA5 03000, Tennessee",5295
"G47003101","2010","TN",,,"Tennessee","47",,,,,,,,,,,,,,,,,,"03101","79500US4703101","PUMA5 03101, Tennessee",27406,"PUMA5 03101, Tennessee",2645
"G47003102","2010","TN",,,"Tennessee","47",,,,,,,,,,,,,,,,,,"03102","79500US4703102","PUMA5 03102, Tennessee",41200,"PUMA5 03102, Tennessee",1627
"G47003103","2010","TN",,,"Tennessee","47",,,,,,,,,,,,,,,,,,"03103","79500US4703103","PUMA5 03103, Tennessee",39063,"PUMA5 03103, Tennessee",2190
"G47003104","2010","TN",,,"Tennessee","47",,,,,,,,,,,,,,,,,,"03104","79500US4703104","PUMA5 03104, Tennessee",37332,"PUMA5 03104, Tennessee",3855
"G47003105","2010","TN",,,"Tennessee","47",,,,,,,,,,,,,,,,,,"03105","79500US4703105","PUMA5 03105, Tennessee",33444,"PUMA5 03105, Tennessee",2931
"G47003201","2010","TN",,,"Tennessee","47",,,,,,,,,,,,,,,,,,"03201","79500US4703201","PUMA5 03201, Tennessee",63144,"PUMA5 03201, Tennessee",3856
"G47003202","2010","TN",,,"Tennessee","47",,,,,,,,,,,,,,,,,,"03202","79500US4703202","PUMA5 03202, Tennessee",80538,"PUMA5 03202, Tennessee",4889
"G48000100","2010","TX",,,"Texas","48",,,,,,,,,,,,,,,,,,"00100","79500US4800100","PUMA5 00100, Texas",44408,"PUMA5 00100, Texas",2746
"G48000200","2010","TX",,,"Texas","48",,,,,,,,,,,,,,,,,,"00200","79500US4800200","PUMA5 00200, Texas",35003,"PUMA5 00200, Texas",4544
"G48000300","2010","TX",,,"Texas","48",,,,,,,,,,,,,,,,,,"00300","79500US4800300","PUMA5 00300, Texas",58096,"PUMA5 00300, Texas",3677
"G48000400","2010","TX",,,"Texas","48",,,,,,,,,,,,,,,,,,"00400","79500US4800400","PUMA5 00400, Texas",40866,"PUMA5 00400, Texas",2395
"G48000501","2010","TX",,,"Texas","48",,,,,,,,,,,,,,,,,,"00501","79500US4800501","PUMA5 00501, Texas",31677,"PUMA5 00501, Texas",3176
"G48000502","2010","TX",,,"Texas","48",,,,,,,,,,,,,,,,,,"00502","79500US4800502","PUMA5 00502, Texas",49323,"PUMA5 00502, Texas",2664
"G48000600","2010","TX",,,"Texas","48",,,,,,,,,,,,,,,,,,"00600","79500US4800600","PUMA5 00600, Texas",43825,"PUMA5 00600, Texas",3143
"G48000700","2010","TX",,,"Texas","48",,,,,,,,,,,,,,,,,,"00700","79500US4800700","PUMA5 00700, Texas",38689,"PUMA5 00700, Texas",1853
"G48000800","2010","TX",,,"Texas","48",,,,,,,,,,,,,,,,,,"00800","79500US4800800","PUMA5 00800, Texas",43467,"PUMA5 00800, Texas",4366
"G48000900","2010","TX",,,"Texas","48",,,,,,,,,,,,,,,,,,"00900","79500US4800900","PUMA5 00900, Texas",40715,"PUMA5 00900, Texas",3362
"G48001000","2010","TX",,,"Texas","48",,,,,,,,,,,,,,,,,,"01000","79500US4801000","PUMA5 01000, Texas",39433,"PUMA5 01000, Texas",2333
"G48001100","2010","TX",,,"Texas","48",,,,,,,,,,,,,,,,,,"01100","79500US4801100","PUMA5 01100, Texas",38853,"PUMA5 01100, Texas",3027
"G48001200","2010","TX",,,"Texas","48",,,,,,,,,,,,,,,,,,"01200","79500US4801200","PUMA5 01200, Texas",40442,"PUMA5 01200, Texas",1689
"G48001300","2010","TX",,,"Texas","48",,,,,,,,,,,,,,,,,,"01300","79500US4801300","PUMA5 01300, Texas",42033,"PUMA5 01300, Texas",1898
"G48001400","2010","TX",,,"Texas","48",,,,,,,,,,,,,,,,,,"01400","79500US4801400","PUMA5 01400, Texas",43209,"PUMA5 01400, Texas",4080
"G48001500","2010","TX",,,"Texas","48",,,,,,,,,,,,,,,,,,"01500","79500US4801500","PUMA5 01500, Texas",44262,"PUMA5 01500, Texas",5055
"G48001600","2010","TX",,,"Texas","48",,,,,,,,,,,,,,,,,,"01600","79500US4801600","PUMA5 01600, Texas",35005,"PUMA5 01600, Texas",3078
"G48001700","2010","TX",,,"Texas","48",,,,,,,,,,,,,,,,,,"01700","79500US4801700","PUMA5 01700, Texas",37189,"PUMA5 01700, Texas",3379
"G48001800","2010","TX",,,"Texas","48",,,,,,,,,,,,,,,,,,"01800","79500US4801800","PUMA5 01800, Texas",38646,"PUMA5 01800, Texas",2161
"G48001900","2010","TX",,,"Texas","48",,,,,,,,,,,,,,,,,,"01900","79500US4801900","PUMA5 01900, Texas",37777,"PUMA5 01900, Texas",2479
"G48002000","2010","TX",,,"Texas","48",,,,,,,,,,,,,,,,,,"02000","79500US4802000","PUMA5 02000, Texas",69393,"PUMA5 02000, Texas",3679
"G48002101","2010","TX",,,"Texas","48",,,,,,,,,,,,,,,,,,"02101","79500US4802101","PUMA5 02101, Texas",76033,"PUMA5 02101, Texas",7015
"G48002102","2010","TX",,,"Texas","48",,,,,,,,,,,,,,,,,,"02102","79500US4802102","PUMA5 02102, Texas",76254,"PUMA5 02102, Texas",4548
"G48002103","2010","TX",,,"Texas","48",,,,,,,,,,,,,,,,,,"02103","79500US4802103","PUMA5 02103, Texas",93558,"PUMA5 02103, Texas",7962
"G48002104","2010","TX",,,"Texas","48",,,,,,,,,,,,,,,,,,"02104","79500US4802104","PUMA5 02104, Texas",62387,"PUMA5 02104, Texas",5277
"G48002201","2010","TX",,,"Texas","48",,,,,,,,,,,,,,,,,,"02201","79500US4802201","PUMA5 02201, Texas",78540,"PUMA5 02201, Texas",3272
"G48002202","2010","TX",,,"Texas","48",,,,,,,,,,,,,,,,,,"02202","79500US4802202","PUMA5 02202, Texas",60907,"PUMA5 02202, Texas",2433
"G48002301","2010","TX",,,"Texas","48",,,,,,,,,,,,,,,,,,"02301","79500US4802301","PUMA5 02301, Texas",31213,"PUMA5 02301, Texas",2412
"G48002302","2010","TX",,,"Texas","48",,,,,,,,,,,,,,,,,,"02302","79500US4802302","PUMA5 02302, Texas",51512,"PUMA5 02302, Texas",3013
"G48002303","2010","TX",,,"Texas","48",,,,,,,,,,,,,,,,,,"02303","79500US4802303","PUMA5 02303, Texas",35674,"PUMA5 02303, Texas",2145
"G48002304","2010","TX",,,"Texas","48",,,,,,,,,,,,,,,,,,"02304","79500US4802304","PUMA5 02304, Texas",51771,"PUMA5 02304, Texas",3824
"G48002305","2010","TX",,,"Texas","48",,,,,,,,,,,,,,,,,,"02305","79500US4802305","PUMA5 02305, Texas",54902,"PUMA5 02305, Texas",3987
"G48002306","2010","TX",,,"Texas","48",,,,,,,,,,,,,,,,,,"02306","79500US4802306","PUMA5 02306, Texas",51475,"PUMA5 02306, Texas",3117
"G48002307","2010","TX",,,"Texas","48",,,,,,,,,,,,,,,,,,"02307","79500US4802307","PUMA5 02307, Texas",30938,"PUMA5 02307, Texas",2670
"G48002308","2010","TX",,,"Texas","48",,,,,,,,,,,,,,,,,,"02308","79500US4802308","PUMA5 02308, Texas",36863,"PUMA5 02308, Texas",2478
"G48002309","2010","TX",,,"Texas","48",,,,,,,,,,,,,,,,,,"02309","79500US4802309","PUMA5 02309, Texas",50177,"PUMA5 02309, Texas",4290
"G48002310","2010","TX",,,"Texas","48",,,,,,,,,,,,,,,,,,"02310","79500US4802310","PUMA5 02310, Texas",55239,"PUMA5 02310, Texas",4370
"G48002311","2010","TX",,,"Texas","48",,,,,,,,,,,,,,,,,,"02311","79500US4802311","PUMA5 02311, Texas",46526,"PUMA5 02311, Texas",2857
"G48002312","2010","TX",,,"Texas","48",,,,,,,,,,,,,,,,,,"02312","79500US4802312","PUMA5 02312, Texas",45791,"PUMA5 02312, Texas",3212
"G48002313","2010","TX",,,"Texas","48",,,,,,,,,,,,,,,,,,"02313","79500US4802313","PUMA5 02313, Texas",46997,"PUMA5 02313, Texas",3763
"G48002314","2010","TX",,,"Texas","48",,,,,,,,,,,,,,,,,,"02314","79500US4802314","PUMA5 02314, Texas",58751,"PUMA5 02314, Texas",3052
"G48002315","2010","TX",,,"Texas","48",,,,,,,,,,,,,,,,,,"02315","79500US4802315","PUMA5 02315, Texas",50747,"PUMA5 02315, Texas",2473
"G48002400","2010","TX",,,"Texas","48",,,,,,,,,,,,,,,,,,"02400","79500US4802400","PUMA5 02400, Texas",58063,"PUMA5 02400, Texas",3683
"G48002501","2010","TX",,,"Texas","48",,,,,,,,,,,,,,,,,,"02501","79500US4802501","PUMA5 02501, Texas",43676,"PUMA5 02501, Texas",3364
"G48002502","2010","TX",,,"Texas","48",,,,,,,,,,,,,,,,,,"02502","79500US4802502","PUMA5 02502, Texas",28747,"PUMA5 02502, Texas",2865
"G48002503","2010","TX",,,"Texas","48",,,,,,,,,,,,,,,,,,"02503","79500US4802503","PUMA5 02503, Texas",47849,"PUMA5 02503, Texas",3236
"G48002504","2010","TX",,,"Texas","48",,,,,,,,,,,,,,,,,,"02504","79500US4802504","PUMA5 02504, Texas",57898,"PUMA5 02504, Texas",2923
"G48002505","2010","TX",,,"Texas","48",,,,,,,,,,,,,,,,,,"02505","79500US4802505","PUMA5 02505, Texas",37454,"PUMA5 02505, Texas",2795
"G48002506","2010","TX",,,"Texas","48",,,,,,,,,,,,,,,,,,"02506","79500US4802506","PUMA5 02506, Texas",57268,"PUMA5 02506, Texas",3699
"G48002507","2010","TX",,,"Texas","48",,,,,,,,,,,,,,,,,,"02507","79500US4802507","PUMA5 02507, Texas",56347,"PUMA5 02507, Texas",4308
"G48002508","2010","TX",,,"Texas","48",,,,,,,,,,,,,,,,,,"02508","79500US4802508","PUMA5 02508, Texas",63801,"PUMA5 02508, Texas",3383
"G48002509","2010","TX",,,"Texas","48",,,,,,,,,,,,,,,,,,"02509","79500US4802509","PUMA5 02509, Texas",78016,"PUMA5 02509, Texas",6263
"G48002510","2010","TX",,,"Texas","48",,,,,,,,,,,,,,,,,,"02510","79500US4802510","PUMA5 02510, Texas",49408,"PUMA5 02510, Texas",3150
"G48002511","2010","TX",,,"Texas","48",,,,,,,,,,,,,,,,,,"02511","79500US4802511","PUMA5 02511, Texas",58638,"PUMA5 02511, Texas",5582
"G48002600","2010","TX",,,"Texas","48",,,,,,,,,,,,,,,,,,"02600","79500US4802600","PUMA5 02600, Texas",52275,"PUMA5 02600, Texas",2457
"G48002700","2010","TX",,,"Texas","48",,,,,,,,,,,,,,,,,,"02700","79500US4802700","PUMA5 02700, Texas",41299,"PUMA5 02700, Texas",2088
"G48002800","2010","TX",,,"Texas","48",,,,,,,,,,,,,,,,,,"02800","79500US4802800","PUMA5 02800, Texas",37168,"PUMA5 02800, Texas",2968
"G48002900","2010","TX",,,"Texas","48",,,,,,,,,,,,,,,,,,"02900","79500US4802900","PUMA5 02900, Texas",41704,"PUMA5 02900, Texas",2664
"G48003000","2010","TX",,,"Texas","48",,,,,,,,,,,,,,,,,,"03000","79500US4803000","PUMA5 03000, Texas",37870,"PUMA5 03000, Texas",3353
"G48003100","2010","TX",,,"Texas","48",,,,,,,,,,,,,,,,,,"03100","79500US4803100","PUMA5 03100, Texas",39126,"PUMA5 03100, Texas",3679
"G48003200","2010","TX",,,"Texas","48",,,,,,,,,,,,,,,,,,"03200","79500US4803200","PUMA5 03200, Texas",53170,"PUMA5 03200, Texas",3088
"G48003300","2010","TX",,,"Texas","48",,,,,,,,,,,,,,,,,,"03300","79500US4803300","PUMA5 03300, Texas",42282,"PUMA5 03300, Texas",4245
"G48003400","2010","TX",,,"Texas","48",,,,,,,,,,,,,,,,,,"03400","79500US4803400","PUMA5 03400, Texas",40371,"PUMA5 03400, Texas",3140
"G48003501","2010","TX",,,"Texas","48",,,,,,,,,,,,,,,,,,"03501","79500US4803501","PUMA5 03501, Texas",53688,"PUMA5 03501, Texas",7876
"G48003502","2010","TX",,,"Texas","48",,,,,,,,,,,,,,,,,,"03502","79500US4803502","PUMA5 03502, Texas",24759,"PUMA5 03502, Texas",2641
"G48003503","2010","TX",,,"Texas","48",,,,,,,,,,,,,,,,,,"03503","79500US4803503","PUMA5 03503, Texas",31629,"PUMA5 03503, Texas",2044
"G48003504","2010","TX",,,"Texas","48",,,,,,,,,,,,,,,,,,"03504","79500US4803504","PUMA5 03504, Texas",37459,"PUMA5 03504, Texas",2486
"G48003505","2010","TX",,,"Texas","48",,,,,,,,,,,,,,,,,,"03505","79500US4803505","PUMA5 03505, Texas",31319,"PUMA5 03505, Texas",1738
"G48003600","2010","TX",,,"Texas","48",,,,,,,,,,,,,,,,,,"03600","79500US4803600","PUMA5 03600, Texas",40321,"PUMA5 03600, Texas",2361
"G48003701","2010","TX",,,"Texas","48",,,,,,,,,,,,,,,,,,"03701","79500US4803701","PUMA5 03701, Texas",49611,"PUMA5 03701, Texas",3432
"G48003702","2010","TX",,,"Texas","48",,,,,,,,,,,,,,,,,,"03702","79500US4803702","PUMA5 03702, Texas",50583,"PUMA5 03702, Texas",2342
"G48003703","2010","TX",,,"Texas","48",,,,,,,,,,,,,,,,,,"03703","79500US4803703","PUMA5 03703, Texas",48925,"PUMA5 03703, Texas",5868
"G48003801","2010","TX",,,"Texas","48",,,,,,,,,,,,,,,,,,"03801","79500US4803801","PUMA5 03801, Texas",26769,"PUMA5 03801, Texas",2586
"G48003802","2010","TX",,,"Texas","48",,,,,,,,,,,,,,,,,,"03802","79500US4803802","PUMA5 03802, Texas",51576,"PUMA5 03802, Texas",3365
"G48003900","2010","TX",,,"Texas","48",,,,,,,,,,,,,,,,,,"03900","79500US4803900","PUMA5 03900, Texas",41776,"PUMA5 03900, Texas",4134
"G48004000","2010","TX",,,"Texas","48",,,,,,,,,,,,,,,,,,"04000","79500US4804000","PUMA5 04000, Texas",35407,"PUMA5 04000, Texas",2988
"G48004100","2010","TX",,,"Texas","48",,,,,,,,,,,,,,,,,,"04100","79500US4804100","PUMA5 04100, Texas",38597,"PUMA5 04100, Texas",2868
"G48004200","2010","TX",,,"Texas","48",,,,,,,,,,,,,,,,,,"04200","79500US4804200","PUMA5 04200, Texas",45262,"PUMA5 04200, Texas",4641
"G48004300","2010","TX",,,"Texas","48",,,,,,,,,,,,,,,,,,"04300","79500US4804300","PUMA5 04300, Texas",35174,"PUMA5 04300, Texas",4673
"G48004400","2010","TX",,,"Texas","48",,,,,,,,,,,,,,,,,,"04400","79500US4804400","PUMA5 04400, Texas",42811,"PUMA5 04400, Texas",3955
"G48004501","2010","TX",,,"Texas","48",,,,,,,,,,,,,,,,,,"04501","79500US4804501","PUMA5 04501, Texas",66341,"PUMA5 04501, Texas",3887
"G48004502","2010","TX",,,"Texas","48",,,,,,,,,,,,,,,,,,"04502","79500US4804502","PUMA5 04502, Texas",55837,"PUMA5 04502, Texas",2779
"G48004503","2010","TX",,,"Texas","48",,,,,,,,,,,,,,,,,,"04503","79500US4804503","PUMA5 04503, Texas",65260,"PUMA5 04503, Texas",4401
"G48004601","2010","TX",,,"Texas","48",,,,,,,,,,,,,,,,,,"04601","79500US4804601","PUMA5 04601, Texas",32367,"PUMA5 04601, Texas",2828
"G48004602","2010","TX",,,"Texas","48",,,,,,,,,,,,,,,,,,"04602","79500US4804602","PUMA5 04602, Texas",27714,"PUMA5 04602, Texas",2041
"G48004603","2010","TX",,,"Texas","48",,,,,,,,,,,,,,,,,,"04603","79500US4804603","PUMA5 04603, Texas",65244,"PUMA5 04603, Texas",5988
"G48004604","2010","TX",,,"Texas","48",,,,,,,,,,,,,,,,,,"04604","79500US4804604","PUMA5 04604, Texas",59037,"PUMA5 04604, Texas",6258
"G48004605","2010","TX",,,"Texas","48",,,,,,,,,,,,,,,,,,"04605","79500US4804605","PUMA5 04605, Texas",40493,"PUMA5 04605, Texas",3965
"G48004606","2010","TX",,,"Texas","48",,,,,,,,,,,,,,,,,,"04606","79500US4804606","PUMA5 04606, Texas",34674,"PUMA5 04606, Texas",4357
"G48004607","2010","TX",,,"Texas","48",,,,,,,,,,,,,,,,,,"04607","79500US4804607","PUMA5 04607, Texas",46470,"PUMA5 04607, Texas",3235
"G48004608","2010","TX",,,"Texas","48",,,,,,,,,,,,,,,,,,"04608","79500US4804608","PUMA5 04608, Texas",36849,"PUMA5 04608, Texas",3017
"G48004609","2010","TX",,,"Texas","48",,,,,,,,,,,,,,,,,,"04609","79500US4804609","PUMA5 04609, Texas",37176,"PUMA5 04609, Texas",2343
"G48004610","2010","TX",,,"Texas","48",,,,,,,,,,,,,,,,,,"04610","79500US4804610","PUMA5 04610, Texas",43982,"PUMA5 04610, Texas",3465
"G48004611","2010","TX",,,"Texas","48",,,,,,,,,,,,,,,,,,"04611","79500US4804611","PUMA5 04611, Texas",38100,"PUMA5 04611, Texas",3953
"G48004612","2010","TX",,,"Texas","48",,,,,,,,,,,,,,,,,,"04612","79500US4804612","PUMA5 04612, Texas",51929,"PUMA5 04612, Texas",3809
"G48004613","2010","TX",,,"Texas","48",,,,,,,,,,,,,,,,,,"04613","79500US4804613","PUMA5 04613, Texas",33212,"PUMA5 04613, Texas",2940
"G48004614","2010","TX",,,"Texas","48",,,,,,,,,,,,,,,,,,"04614","79500US4804614","PUMA5 04614, Texas",53090,"PUMA5 04614, Texas",3230
"G48004615","2010","TX",,,"Texas","48",,,,,,,,,,,,,,,,,,"04615","79500US4804615","PUMA5 04615, Texas",41248,"PUMA5 04615, Texas",2320
"G48004616","2010","TX",,,"Texas","48",,,,,,,,,,,,,,,,,,"04616","79500US4804616","PUMA5 04616, Texas",51590,"PUMA5 04616, Texas",1474
"G48004617","2010","TX",,,"Texas","48",,,,,,,,,,,,,,,,,,"04617","79500US4804617","PUMA5 04617, Texas",86404,"PUMA5 04617, Texas",4240
"G48004618","2010","TX",,,"Texas","48",,,,,,,,,,,,,,,,,,"04618","79500US4804618","PUMA5 04618, Texas",62136,"PUMA5 04618, Texas",3902
"G48004619","2010","TX",,,"Texas","48",,,,,,,,,,,,,,,,,,"04619","79500US4804619","PUMA5 04619, Texas",63065,"PUMA5 04619, Texas",5426
"G48004620","2010","TX",,,"Texas","48",,,,,,,,,,,,,,,,,,"04620","79500US4804620","PUMA5 04620, Texas",72739,"PUMA5 04620, Texas",6912
"G48004621","2010","TX",,,"Texas","48",,,,,,,,,,,,,,,,,,"04621","79500US4804621","PUMA5 04621, Texas",74857,"PUMA5 04621, Texas",5052
"G48004622","2010","TX",,,"Texas","48",,,,,,,,,,,,,,,,,,"04622","79500US4804622","PUMA5 04622, Texas",46935,"PUMA5 04622, Texas",2794
"G48004623","2010","TX",,,"Texas","48",,,,,,,,,,,,,,,,,,"04623","79500US4804623","PUMA5 04623, Texas",45167,"PUMA5 04623, Texas",2436
"G48004624","2010","TX",,,"Texas","48",,,,,,,,,,,,,,,,,,"04624","79500US4804624","PUMA5 04624, Texas",50875,"PUMA5 04624, Texas",2731
"G48004625","2010","TX",,,"Texas","48",,,,,,,,,,,,,,,,,,"04625","79500US4804625","PUMA5 04625, Texas",41280,"PUMA5 04625, Texas",3986
"G48004701","2010","TX",,,"Texas","48",,,,,,,,,,,,,,,,,,"04701","79500US4804701","PUMA5 04701, Texas",80665,"PUMA5 04701, Texas",3293
"G48004702","2010","TX",,,"Texas","48",,,,,,,,,,,,,,,,,,"04702","79500US4804702","PUMA5 04702, Texas",68060,"PUMA5 04702, Texas",6142
"G48004801","2010","TX",,,"Texas","48",,,,,,,,,,,,,,,,,,"04801","79500US4804801","PUMA5 04801, Texas",53935,"PUMA5 04801, Texas",4812
"G48004802","2010","TX",,,"Texas","48",,,,,,,,,,,,,,,,,,"04802","79500US4804802","PUMA5 04802, Texas",76265,"PUMA5 04802, Texas",6389
"G48004901","2010","TX",,,"Texas","48",,,,,,,,,,,,,,,,,,"04901","79500US4804901","PUMA5 04901, Texas",39657,"PUMA5 04901, Texas",3006
"G48004902","2010","TX",,,"Texas","48",,,,,,,,,,,,,,,,,,"04902","79500US4804902","PUMA5 04902, Texas",77216,"PUMA5 04902, Texas",5180
"G48005000","2010","TX",,,"Texas","48",,,,,,,,,,,,,,,,,,"05000","79500US4805000","PUMA5 05000, Texas",36328,"PUMA5 05000, Texas",4724
"G48005100","2010","TX",,,"Texas","48",,,,,,,,,,,,,,,,,,"05100","79500US4805100","PUMA5 05100, Texas",44522,"PUMA5 05100, Texas",3812
"G48005201","2010","TX",,,"Texas","48",,,,,,,,,,,,,,,,,,"05201","79500US4805201","PUMA5 05201, Texas",64954,"PUMA5 05201, Texas",3050
"G48005202","2010","TX",,,"Texas","48",,,,,,,,,,,,,,,,,,"05202","79500US4805202","PUMA5 05202, Texas",65456,"PUMA5 05202, Texas",5027
"G48005301","2010","TX",,,"Texas","48",,,,,,,,,,,,,,,,,,"05301","79500US4805301","PUMA5 05301, Texas",37138,"PUMA5 05301, Texas",2125
"G48005302","2010","TX",,,"Texas","48",,,,,,,,,,,,,,,,,,"05302","79500US4805302","PUMA5 05302, Texas",35522,"PUMA5 05302, Texas",2460
"G48005303","2010","TX",,,"Texas","48",,,,,,,,,,,,,,,,,,"05303","79500US4805303","PUMA5 05303, Texas",61433,"PUMA5 05303, Texas",3138
"G48005304","2010","TX",,,"Texas","48",,,,,,,,,,,,,,,,,,"05304","79500US4805304","PUMA5 05304, Texas",58298,"PUMA5 05304, Texas",4466
"G48005401","2010","TX",,,"Texas","48",,,,,,,,,,,,,,,,,,"05401","79500US4805401","PUMA5 05401, Texas",65898,"PUMA5 05401, Texas",3609
"G48005402","2010","TX",,,"Texas","48",,,,,,,,,,,,,,,,,,"05402","79500US4805402","PUMA5 05402, Texas",59142,"PUMA5 05402, Texas",3732
"G48005500","2010","TX",,,"Texas","48",,,,,,,,,,,,,,,,,,"05500","79500US4805500","PUMA5 05500, Texas",61437,"PUMA5 05500, Texas",3301
"G48005601","2010","TX",,,"Texas","48",,,,,,,,,,,,,,,,,,"05601","79500US4805601","PUMA5 05601, Texas",25424,"PUMA5 05601, Texas",2692
"G48005602","2010","TX",,,"Texas","48",,,,,,,,,,,,,,,,,,"05602","79500US4805602","PUMA5 05602, Texas",28916,"PUMA5 05602, Texas",1792
"G48005603","2010","TX",,,"Texas","48",,,,,,,,,,,,,,,,,,"05603","79500US4805603","PUMA5 05603, Texas",39072,"PUMA5 05603, Texas",4423
"G48005604","2010","TX",,,"Texas","48",,,,,,,,,,,,,,,,,,"05604","79500US4805604","PUMA5 05604, Texas",36720,"PUMA5 05604, Texas",2984
"G48005605","2010","TX",,,"Texas","48",,,,,,,,,,,,,,,,,,"05605","79500US4805605","PUMA5 05605, Texas",40855,"PUMA5 05605, Texas",2422
"G48005606","2010","TX",,,"Texas","48",,,,,,,,,,,,,,,,,,"05606","79500US4805606","PUMA5 05606, Texas",44980,"PUMA5 05606, Texas",2647
"G48005607","2010","TX",,,"Texas","48",,,,,,,,,,,,,,,,,,"05607","79500US4805607","PUMA5 05607, Texas",47704,"PUMA5 05607, Texas",3771
"G48005608","2010","TX",,,"Texas","48",,,,,,,,,,,,,,,,,,"05608","79500US4805608","PUMA5 05608, Texas",51776,"PUMA5 05608, Texas",2083
"G48005609","2010","TX",,,"Texas","48",,,,,,,,,,,,,,,,,,"05609","79500US4805609","PUMA5 05609, Texas",58500,"PUMA5 05609, Texas",3519
"G48005610","2010","TX",,,"Texas","48",,,,,,,,,,,,,,,,,,"05610","79500US4805610","PUMA5 05610, Texas",77639,"PUMA5 05610, Texas",6166
"G48005611","2010","TX",,,"Texas","48",,,,,,,,,,,,,,,,,,"05611","79500US4805611","PUMA5 05611, Texas",66558,"PUMA5 05611, Texas",5554
"G48005700","2010","TX",,,"Texas","48",,,,,,,,,,,,,,,,,,"05700","79500US4805700","PUMA5 05700, Texas",46909,"PUMA5 05700, Texas",2652
"G48005800","2010","TX",,,"Texas","48",,,,,,,,,,,,,,,,,,"05800","79500US4805800","PUMA5 05800, Texas",46911,"PUMA5 05800, Texas",2756
"G48005900","2010","TX",,,"Texas","48",,,,,,,,,,,,,,,,,,"05900","79500US4805900","PUMA5 05900, Texas",31777,"PUMA5 05900, Texas",2348
"G48006000","2010","TX",,,"Texas","48",,,,,,,,,,,,,,,,,,"06000","79500US4806000","PUMA5 06000, Texas",35770,"PUMA5 06000, Texas",2841
"G48006100","2010","TX",,,"Texas","48",,,,,,,,,,,,,,,,,,"06100","79500US4806100","PUMA5 06100, Texas",37144,"PUMA5 06100, Texas",2636
"G48006200","2010","TX",,,"Texas","48",,,,,,,,,,,,,,,,,,"06200","79500US4806200","PUMA5 06200, Texas",45668,"PUMA5 06200, Texas",3660
"G48006301","2010","TX",,,"Texas","48",,,,,,,,,,,,,,,,,,"06301","79500US4806301","PUMA5 06301, Texas",31041,"PUMA5 06301, Texas",1291
"G48006302","2010","TX",,,"Texas","48",,,,,,,,,,,,,,,,,,"06302","79500US4806302","PUMA5 06302, Texas",51300,"PUMA5 06302, Texas",4277
"G48006400","2010","TX",,,"Texas","48",,,,,,,,,,,,,,,,,,"06400","79500US4806400","PUMA5 06400, Texas",45836,"PUMA5 06400, Texas",5177
"G48006500","2010","TX",,,"Texas","48",,,,,,,,,,,,,,,,,,"06500","79500US4806500","PUMA5 06500, Texas",30554,"PUMA5 06500, Texas",4736
"G48006600","2010","TX",,,"Texas","48",,,,,,,,,,,,,,,,,,"06600","79500US4806600","PUMA5 06600, Texas",40852,"PUMA5 06600, Texas",2710
"G48006701","2010","TX",,,"Texas","48",,,,,,,,,,,,,,,,,,"06701","79500US4806701","PUMA5 06701, Texas",29349,"PUMA5 06701, Texas",2851
"G48006702","2010","TX",,,"Texas","48",,,,,,,,,,,,,,,,,,"06702","79500US4806702","PUMA5 06702, Texas",35792,"PUMA5 06702, Texas",2178
"G48006703","2010","TX",,,"Texas","48",,,,,,,,,,,,,,,,,,"06703","79500US4806703","PUMA5 06703, Texas",35781,"PUMA5 06703, Texas",4250
"G48006704","2010","TX",,,"Texas","48",,,,,,,,,,,,,,,,,,"06704","79500US4806704","PUMA5 06704, Texas",29702,"PUMA5 06704, Texas",3384
"G48006800","2010","TX",,,"Texas","48",,,,,,,,,,,,,,,,,,"06800","79500US4806800","PUMA5 06800, Texas",30965,"PUMA5 06800, Texas",2833
"G48006900","2010","TX",,,"Texas","48",,,,,,,,,,,,,,,,,,"06900","79500US4806900","PUMA5 06900, Texas",32138,"PUMA5 06900, Texas",2464
"G49000100","2010","UT",,,"Utah","49",,,,,,,,,,,,,,,,,,"00100","79500US4900100","PUMA5 00100, Utah",51464,"PUMA5 00100, Utah",1650
"G49000200","2010","UT",,,"Utah","49",,,,,,,,,,,,,,,,,,"00200","79500US4900200","PUMA5 00200, Utah",53569,"PUMA5 00200, Utah",2518
"G49000301","2010","UT",,,"Utah","49",,,,,,,,,,,,,,,,,,"00301","79500US4900301","PUMA5 00301, Utah",59694,"PUMA5 00301, Utah",4255
"G49000302","2010","UT",,,"Utah","49",,,,,,,,,,,,,,,,,,"00302","79500US4900302","PUMA5 00302, Utah",69015,"PUMA5 00302, Utah",4601
"G49000400","2010","UT",,,"Utah","49",,,,,,,,,,,,,,,,,,"00400","79500US4900400","PUMA5 00400, Utah",56119,"PUMA5 00400, Utah",2629
"G49000501","2010","UT",,,"Utah","49",,,,,,,,,,,,,,,,,,"00501","79500US4900501","PUMA5 00501, Utah",40262,"PUMA5 00501, Utah",1875
"G49000502","2010","UT",,,"Utah","49",,,,,,,,,,,,,,,,,,"00502","79500US4900502","PUMA5 00502, Utah",76726,"PUMA5 00502, Utah",4490
"G49000503","2010","UT",,,"Utah","49",,,,,,,,,,,,,,,,,,"00503","79500US4900503","PUMA5 00503, Utah",51791,"PUMA5 00503, Utah",2974
"G49000504","2010","UT",,,"Utah","49",,,,,,,,,,,,,,,,,,"00504","79500US4900504","PUMA5 00504, Utah",55011,"PUMA5 00504, Utah",4572
"G49000505","2010","UT",,,"Utah","49",,,,,,,,,,,,,,,,,,"00505","79500US4900505","PUMA5 00505, Utah",53340,"PUMA5 00505, Utah",5111
"G49000506","2010","UT",,,"Utah","49",,,,,,,,,,,,,,,,,,"00506","79500US4900506","PUMA5 00506, Utah",65654,"PUMA5 00506, Utah",2960
"G49000507","2010","UT",,,"Utah","49",,,,,,,,,,,,,,,,,,"00507","79500US4900507","PUMA5 00507, Utah",66529,"PUMA5 00507, Utah",3392
"G49000601","2010","UT",,,"Utah","49",,,,,,,,,,,,,,,,,,"00601","79500US4900601","PUMA5 00601, Utah",52231,"PUMA5 00601, Utah",2627
"G49000602","2010","UT",,,"Utah","49",,,,,,,,,,,,,,,,,,"00602","79500US4900602","PUMA5 00602, Utah",36949,"PUMA5 00602, Utah",4330
"G49000603","2010","UT",,,"Utah","49",,,,,,,,,,,,,,,,,,"00603","79500US4900603","PUMA5 00603, Utah",61421,"PUMA5 00603, Utah",2509
"G49000700","2010","UT",,,"Utah","49",,,,,,,,,,,,,,,,,,"00700","79500US4900700","PUMA5 00700, Utah",45063,"PUMA5 00700, Utah",2145
"G50000100","2010","VT",,,"Vermont","50",,,,,,,,,,,,,,,,,,"00100","79500US5000100","PUMA5 00100, Vermont",54738,"PUMA5 00100, Vermont",2838
"G50000200","2010","VT",,,"Vermont","50",,,,,,,,,,,,,,,,,,"00200","79500US5000200","PUMA5 00200, Vermont",43990,"PUMA5 00200, Vermont",2160
"G50000300","2010","VT",,,"Vermont","50",,,,,,,,,,,,,,,,,,"00300","79500US5000300","PUMA5 00300, Vermont",47634,"PUMA5 00300, Vermont",3282
"G50000400","2010","VT",,,"Vermont","50",,,,,,,,,,,,,,,,,,"00400","79500US5000400","PUMA5 00400, Vermont",48657,"PUMA5 00400, Vermont",3064
"G51000100","2010","VA",,,"Virginia","51",,,,,,,,,,,,,,,,,,"00100","79500US5100100","PUMA5 00100, Virginia",94986,"PUMA5 00100, Virginia",4776
"G51000200","2010","VA",,,"Virginia","51",,,,,,,,,,,,,,,,,,"00200","79500US5100200","PUMA5 00200, Virginia",77793,"PUMA5 00200, Virginia",5014
"G51000301","2010","VA",,,"Virginia","51",,,,,,,,,,,,,,,,,,"00301","79500US5100301","PUMA5 00301, Virginia",88182,"PUMA5 00301, Virginia",7497
"G51000302","2010","VA",,,"Virginia","51",,,,,,,,,,,,,,,,,,"00302","79500US5100302","PUMA5 00302, Virginia",88329,"PUMA5 00302, Virginia",6416
"G51000303","2010","VA",,,"Virginia","51",,,,,,,,,,,,,,,,,,"00303","79500US5100303","PUMA5 00303, Virginia",111958,"PUMA5 00303, Virginia",4089
"G51000304","2010","VA",,,"Virginia","51",,,,,,,,,,,,,,,,,,"00304","79500US5100304","PUMA5 00304, Virginia",102693,"PUMA5 00304, Virginia",6611
"G51000305","2010","VA",,,"Virginia","51",,,,,,,,,,,,,,,,,,"00305","79500US5100305","PUMA5 00305, Virginia",123741,"PUMA5 00305, Virginia",3823
"G51000400","2010","VA",,,"Virginia","51",,,,,,,,,,,,,,,,,,"00400","79500US5100400","PUMA5 00400, Virginia",51583,"PUMA5 00400, Virginia",3968
"G51000501","2010","VA",,,"Virginia","51",,,,,,,,,,,,,,,,,,"00501","79500US5100501","PUMA5 00501, Virginia",97444,"PUMA5 00501, Virginia",6251
"G51000502","2010","VA",,,"Virginia","51",,,,,,,,,,,,,,,,,,"00502","79500US5100502","PUMA5 00502, Virginia",85849,"PUMA5 00502, Virginia",2039
"G51000600","2010","VA",,,"Virginia","51",,,,,,,,,,,,,,,,,,"00600","79500US5100600","PUMA5 00600, Virginia",106663,"PUMA5 00600, Virginia",3670
"G51000700","2010","VA",,,"Virginia","51",,,,,,,,,,,,,,,,,,"00700","79500US5100700","PUMA5 00700, Virginia",45196,"PUMA5 00700, Virginia",2249
"G51000800","2010","VA",,,"Virginia","51",,,,,,,,,,,,,,,,,,"00800","79500US5100800","PUMA5 00800, Virginia",93600,"PUMA5 00800, Virginia",3718
"G51000900","2010","VA",,,"Virginia","51",,,,,,,,,,,,,,,,,,"00900","79500US5100900","PUMA5 00900, Virginia",62823,"PUMA5 00900, Virginia",4957
"G51001000","2010","VA",,,"Virginia","51",,,,,,,,,,,,,,,,,,"01000","79500US5101000","PUMA5 01000, Virginia",56723,"PUMA5 01000, Virginia",3105
"G51001100","2010","VA",,,"Virginia","51",,,,,,,,,,,,,,,,,,"01100","79500US5101100","PUMA5 01100, Virginia",46536,"PUMA5 01100, Virginia",2506
"G51001200","2010","VA",,,"Virginia","51",,,,,,,,,,,,,,,,,,"01200","79500US5101200","PUMA5 01200, Virginia",39608,"PUMA5 01200, Virginia",2341
"G51001300","2010","VA",,,"Virginia","51",,,,,,,,,,,,,,,,,,"01300","79500US5101300","PUMA5 01300, Virginia",59202,"PUMA5 01300, Virginia",3837
"G51001400","2010","VA",,,"Virginia","51",,,,,,,,,,,,,,,,,,"01400","79500US5101400","PUMA5 01400, Virginia",69149,"PUMA5 01400, Virginia",3229
"G51001500","2010","VA",,,"Virginia","51",,,,,,,,,,,,,,,,,,"01500","79500US5101500","PUMA5 01500, Virginia",73941,"PUMA5 01500, Virginia",5003
"G51001600","2010","VA",,,"Virginia","51",,,,,,,,,,,,,,,,,,"01600","79500US5101600","PUMA5 01600, Virginia",39629,"PUMA5 01600, Virginia",2712
"G51001700","2010","VA",,,"Virginia","51",,,,,,,,,,,,,,,,,,"01700","79500US5101700","PUMA5 01700, Virginia",60915,"PUMA5 01700, Virginia",4131
"G51001800","2010","VA",,,"Virginia","51",,,,,,,,,,,,,,,,,,"01800","79500US5101800","PUMA5 01800, Virginia",40652,"PUMA5 01800, Virginia",2128
"G51001900","2010","VA",,,"Virginia","51",,,,,,,,,,,,,,,,,,"01900","79500US5101900","PUMA5 01900, Virginia",45816,"PUMA5 01900, Virginia",3857
"G51002000","2010","VA",,,"Virginia","51",,,,,,,,,,,,,,,,,,"02000","79500US5102000","PUMA5 02000, Virginia",50937,"PUMA5 02000, Virginia",2777
"G51002100","2010","VA",,,"Virginia","51",,,,,,,,,,,,,,,,,,"02100","79500US5102100","PUMA5 02100, Virginia",51275,"PUMA5 02100, Virginia",1446
"G51002200","2010","VA",,,"Virginia","51",,,,,,,,,,,,,,,,,,"02200","79500US5102200","PUMA5 02200, Virginia",70910,"PUMA5 02200, Virginia",1892
"G51002300","2010","VA",,,"Virginia","51",,,,,,,,,,,,,,,,,,"02300","79500US5102300","PUMA5 02300, Virginia",45360,"PUMA5 02300, Virginia",1867
"G51002400","2010","VA",,,"Virginia","51",,,,,,,,,,,,,,,,,,"02400","79500US5102400","PUMA5 02400, Virginia",40972,"PUMA5 02400, Virginia",2457
"G51002500","2010","VA",,,"Virginia","51",,,,,,,,,,,,,,,,,,"02500","79500US5102500","PUMA5 02500, Virginia",32447,"PUMA5 02500, Virginia",2577
"G51002600","2010","VA",,,"Virginia","51",,,,,,,,,,,,,,,,,,"02600","79500US5102600","PUMA5 02600, Virginia",33275,"PUMA5 02600, Virginia",3191
"G51002700","2010","VA",,,"Virginia","51",,,,,,,,,,,,,,,,,,"02700","79500US5102700","PUMA5 02700, Virginia",31794,"PUMA5 02700, Virginia",2160
"G51002801","2010","VA",,,"Virginia","51",,,,,,,,,,,,,,,,,,"02801","79500US5102801","PUMA5 02801, Virginia",56426,"PUMA5 02801, Virginia",4242
"G51002802","2010","VA",,,"Virginia","51",,,,,,,,,,,,,,,,,,"02802","79500US5102802","PUMA5 02802, Virginia",65374,"PUMA5 02802, Virginia",3386
"G51002803","2010","VA",,,"Virginia","51",,,,,,,,,,,,,,,,,,"02803","79500US5102803","PUMA5 02803, Virginia",69058,"PUMA5 02803, Virginia",4014
"G51002900","2010","VA",,,"Virginia","51",,,,,,,,,,,,,,,,,,"02900","79500US5102900","PUMA5 02900, Virginia",41613,"PUMA5 02900, Virginia",2134
"G51003000","2010","VA",,,"Virginia","51",,,,,,,,,,,,,,,,,,"03000","79500US5103000","PUMA5 03000, Virginia",68955,"PUMA5 03000, Virginia",3078
"G51003100","2010","VA",,,"Virginia","51",,,,,,,,,,,,,,,,,,"03100","79500US5103100","PUMA5 03100, Virginia",53377,"PUMA5 03100, Virginia",3440
"G51003200","2010","VA",,,"Virginia","51",,,,,,,,,,,,,,,,,,"03200","79500US5103200","PUMA5 03200, Virginia",36318,"PUMA5 03200, Virginia",2623
"G51003300","2010","VA",,,"Virginia","51",,,,,,,,,,,,,,,,,,"03300","79500US5103300","PUMA5 03300, Virginia",34474,"PUMA5 03300, Virginia",2238
"G51003400","2010","VA",,,"Virginia","51",,,,,,,,,,,,,,,,,,"03400","79500US5103400","PUMA5 03400, Virginia",38738,"PUMA5 03400, Virginia",4003
"G51003500","2010","VA",,,"Virginia","51",,,,,,,,,,,,,,,,,,"03500","79500US5103500","PUMA5 03500, Virginia",35964,"PUMA5 03500, Virginia",3126
"G53000100","2010","WA",,,"Washington","53",,,,,,,,,,,,,,,,,,"00100","79500US5300100","PUMA5 00100, Washington",49938,"PUMA5 00100, Washington",2873
"G53000200","2010","WA",,,"Washington","53",,,,,,,,,,,,,,,,,,"00200","79500US5300200","PUMA5 00200, Washington",54529,"PUMA5 00200, Washington",2040
"G53000300","2010","WA",,,"Washington","53",,,,,,,,,,,,,,,,,,"00300","79500US5300300","PUMA5 00300, Washington",42933,"PUMA5 00300, Washington",3033
"G53000400","2010","WA",,,"Washington","53",,,,,,,,,,,,,,,,,,"00400","79500US5300400","PUMA5 00400, Washington",41712,"PUMA5 00400, Washington",1657
"G53000500","2010","WA",,,"Washington","53",,,,,,,,,,,,,,,,,,"00500","79500US5300500","PUMA5 00500, Washington",41215,"PUMA5 00500, Washington",1911
"G53000601","2010","WA",,,"Washington","53",,,,,,,,,,,,,,,,,,"00601","79500US5300601","PUMA5 00601, Washington",53932,"PUMA5 00601, Washington",4543
"G53000602","2010","WA",,,"Washington","53",,,,,,,,,,,,,,,,,,"00602","79500US5300602","PUMA5 00602, Washington",51219,"PUMA5 00602, Washington",2946
"G53000700","2010","WA",,,"Washington","53",,,,,,,,,,,,,,,,,,"00700","79500US5300700","PUMA5 00700, Washington",39602,"PUMA5 00700, Washington",2601
"G53000800","2010","WA",,,"Washington","53",,,,,,,,,,,,,,,,,,"00800","79500US5300800","PUMA5 00800, Washington",56407,"PUMA5 00800, Washington",3184
"G53000901","2010","WA",,,"Washington","53",,,,,,,,,,,,,,,,,,"00901","79500US5300901","PUMA5 00901, Washington",37801,"PUMA5 00901, Washington",3280
"G53000902","2010","WA",,,"Washington","53",,,,,,,,,,,,,,,,,,"00902","79500US5300902","PUMA5 00902, Washington",44129,"PUMA5 00902, Washington",6050
"G53001001","2010","WA",,,"Washington","53",,,,,,,,,,,,,,,,,,"01001","79500US5301001","PUMA5 01001, Washington",47292,"PUMA5 01001, Washington",5258
"G53001002","2010","WA",,,"Washington","53",,,,,,,,,,,,,,,,,,"01002","79500US5301002","PUMA5 01002, Washington",63614,"PUMA5 01002, Washington",5647
"G53001003","2010","WA",,,"Washington","53",,,,,,,,,,,,,,,,,,"01003","79500US5301003","PUMA5 01003, Washington",86564,"PUMA5 01003, Washington",4587
"G53001004","2010","WA",,,"Washington","53",,,,,,,,,,,,,,,,,,"01004","79500US5301004","PUMA5 01004, Washington",66437,"PUMA5 01004, Washington",3995
"G53001005","2010","WA",,,"Washington","53",,,,,,,,,,,,,,,,,,"01005","79500US5301005","PUMA5 01005, Washington",61069,"PUMA5 01005, Washington",3053
"G53001100","2010","WA",,,"Washington","53",,,,,,,,,,,,,,,,,,"01100","79500US5301100","PUMA5 01100, Washington",40434,"PUMA5 01100, Washington",2548
"G53001201","2010","WA",,,"Washington","53",,,,,,,,,,,,,,,,,,"01201","79500US5301201","PUMA5 01201, Washington",62177,"PUMA5 01201, Washington",3841
"G53001202","2010","WA",,,"Washington","53",,,,,,,,,,,,,,,,,,"01202","79500US5301202","PUMA5 01202, Washington",59962,"PUMA5 01202, Washington",4992
"G53001300","2010","WA",,,"Washington","53",,,,,,,,,,,,,,,,,,"01300","79500US5301300","PUMA5 01300, Washington",47436,"PUMA5 01300, Washington",2623
"G53001401","2010","WA",,,"Washington","53",,,,,,,,,,,,,,,,,,"01401","79500US5301401","PUMA5 01401, Washington",66076,"PUMA5 01401, Washington",2238
"G53001402","2010","WA",,,"Washington","53",,,,,,,,,,,,,,,,,,"01402","79500US5301402","PUMA5 01402, Washington",58351,"PUMA5 01402, Washington",3902
"G53001403","2010","WA",,,"Washington","53",,,,,,,,,,,,,,,,,,"01403","79500US5301403","PUMA5 01403, Washington",48732,"PUMA5 01403, Washington",4634
"G53001404","2010","WA",,,"Washington","53",,,,,,,,,,,,,,,,,,"01404","79500US5301404","PUMA5 01404, Washington",67231,"PUMA5 01404, Washington",4611
"G53001500","2010","WA",,,"Washington","53",,,,,,,,,,,,,,,,,,"01500","79500US5301500","PUMA5 01500, Washington",39174,"PUMA5 01500, Washington",1988
"G53001600","2010","WA",,,"Washington","53",,,,,,,,,,,,,,,,,,"01600","79500US5301600","PUMA5 01600, Washington",40879,"PUMA5 01600, Washington",3545
"G53001701","2010","WA",,,"Washington","53",,,,,,,,,,,,,,,,,,"01701","79500US5301701","PUMA5 01701, Washington",63963,"PUMA5 01701, Washington",3506
"G53001702","2010","WA",,,"Washington","53",,,,,,,,,,,,,,,,,,"01702","79500US5301702","PUMA5 01702, Washington",50868,"PUMA5 01702, Washington",2403
"G53001801","2010","WA",,,"Washington","53",,,,,,,,,,,,,,,,,,"01801","79500US5301801","PUMA5 01801, Washington",64425,"PUMA5 01801, Washington",3385
"G53001802","2010","WA",,,"Washington","53",,,,,,,,,,,,,,,,,,"01802","79500US5301802","PUMA5 01802, Washington",55494,"PUMA5 01802, Washington",6048
"G53001803","2010","WA",,,"Washington","53",,,,,,,,,,,,,,,,,,"01803","79500US5301803","PUMA5 01803, Washington",60683,"PUMA5 01803, Washington",3448
"G53001804","2010","WA",,,"Washington","53",,,,,,,,,,,,,,,,,,"01804","79500US5301804","PUMA5 01804, Washington",56415,"PUMA5 01804, Washington",6356
"G53001805","2010","WA",,,"Washington","53",,,,,,,,,,,,,,,,,,"01805","79500US5301805","PUMA5 01805, Washington",58910,"PUMA5 01805, Washington",5269
"G53001900","2010","WA",,,"Washington","53",,,,,,,,,,,,,,,,,,"01900","79500US5301900","PUMA5 01900, Washington",79349,"PUMA5 01900, Washington",6604
"G53002001","2010","WA",,,"Washington","53",,,,,,,,,,,,,,,,,,"02001","79500US5302001","PUMA5 02001, Washington",71461,"PUMA5 02001, Washington",4525
"G53002002","2010","WA",,,"Washington","53",,,,,,,,,,,,,,,,,,"02002","79500US5302002","PUMA5 02002, Washington",90302,"PUMA5 02002, Washington",5162
"G53002003","2010","WA",,,"Washington","53",,,,,,,,,,,,,,,,,,"02003","79500US5302003","PUMA5 02003, Washington",103747,"PUMA5 02003, Washington",8012
"G53002004","2010","WA",,,"Washington","53",,,,,,,,,,,,,,,,,,"02004","79500US5302004","PUMA5 02004, Washington",63546,"PUMA5 02004, Washington",4378
"G53002005","2010","WA",,,"Washington","53",,,,,,,,,,,,,,,,,,"02005","79500US5302005","PUMA5 02005, Washington",45986,"PUMA5 02005, Washington",3232
"G53002006","2010","WA",,,"Washington","53",,,,,,,,,,,,,,,,,,"02006","79500US5302006","PUMA5 02006, Washington",55671,"PUMA5 02006, Washington",4760
"G53002007","2010","WA",,,"Washington","53",,,,,,,,,,,,,,,,,,"02007","79500US5302007","PUMA5 02007, Washington",56369,"PUMA5 02007, Washington",5527
"G53002008","2010","WA",,,"Washington","53",,,,,,,,,,,,,,,,,,"02008","79500US5302008","PUMA5 02008, Washington",60423,"PUMA5 02008, Washington",3193
"G53002009","2010","WA",,,"Washington","53",,,,,,,,,,,,,,,,,,"02009","79500US5302009","PUMA5 02009, Washington",91325,"PUMA5 02009, Washington",5293
"G53002101","2010","WA",,,"Washington","53",,,,,,,,,,,,,,,,,,"02101","79500US5302101","PUMA5 02101, Washington",60201,"PUMA5 02101, Washington",3333
"G53002102","2010","WA",,,"Washington","53",,,,,,,,,,,,,,,,,,"02102","79500US5302102","PUMA5 02102, Washington",64535,"PUMA5 02102, Washington",3878
"G53002200","2010","WA",,,"Washington","53",,,,,,,,,,,,,,,,,,"02200","79500US5302200","PUMA5 02200, Washington",46928,"PUMA5 02200, Washington",2793
"G54000100","2010","WV",,,"West Virginia","54",,,,,,,,,,,,,,,,,,"00100","79500US5400100","PUMA5 00100, West Virginia",36705,"PUMA5 00100, West Virginia",2451
"G54000200","2010","WV",,,"West Virginia","54",,,,,,,,,,,,,,,,,,"00200","79500US5400200","PUMA5 00200, West Virginia",39018,"PUMA5 00200, West Virginia",3632
"G54000300","2010","WV",,,"West Virginia","54",,,,,,,,,,,,,,,,,,"00300","79500US5400300","PUMA5 00300, West Virginia",43470,"PUMA5 00300, West Virginia",3495
"G54000400","2010","WV",,,"West Virginia","54",,,,,,,,,,,,,,,,,,"00400","79500US5400400","PUMA5 00400, West Virginia",43677,"PUMA5 00400, West Virginia",3145
"G54000500","2010","WV",,,"West Virginia","54",,,,,,,,,,,,,,,,,,"00500","79500US5400500","PUMA5 00500, West Virginia",32393,"PUMA5 00500, West Virginia",2768
"G54000600","2010","WV",,,"West Virginia","54",,,,,,,,,,,,,,,,,,"00600","79500US5400600","PUMA5 00600, West Virginia",36400,"PUMA5 00600, West Virginia",1703
"G54000700","2010","WV",,,"West Virginia","54",,,,,,,,,,,,,,,,,,"00700","79500US5400700","PUMA5 00700, West Virginia",36295,"PUMA5 00700, West Virginia",3096
"G54000800","2010","WV",,,"West Virginia","54",,,,,,,,,,,,,,,,,,"00800","79500US5400800","PUMA5 00800, West Virginia",44284,"PUMA5 00800, West Virginia",1936
"G54000900","2010","WV",,,"West Virginia","54",,,,,,,,,,,,,,,,,,"00900","79500US5400900","PUMA5 00900, West Virginia",32196,"PUMA5 00900, West Virginia",2975
"G54001000","2010","WV",,,"West Virginia","54",,,,,,,,,,,,,,,,,,"01000","79500US5401000","PUMA5 01000, West Virginia",35556,"PUMA5 01000, West Virginia",4492
"G54001100","2010","WV",,,"West Virginia","54",,,,,,,,,,,,,,,,,,"01100","79500US5401100","PUMA5 01100, West Virginia",31910,"PUMA5 01100, West Virginia",2813
"G54001200","2010","WV",,,"West Virginia","54",,,,,,,,,,,,,,,,,,"01200","79500US5401200","PUMA5 01200, West Virginia",33996,"PUMA5 01200, West Virginia",2418
"G55000100","2010","WI",,,"Wisconsin","55",,,,,,,,,,,,,,,,,,"00100","79500US5500100","PUMA5 00100, Wisconsin",39360,"PUMA5 00100, Wisconsin",1330
"G55000200","2010","WI",,,"Wisconsin","55",,,,,,,,,,,,,,,,,,"00200","79500US5500200","PUMA5 00200, Wisconsin",41142,"PUMA5 00200, Wisconsin",1887
"G55000300","2010","WI",,,"Wisconsin","55",,,,,,,,,,,,,,,,,,"00300","79500US5500300","PUMA5 00300, Wisconsin",59329,"PUMA5 00300, Wisconsin",2763
"G55000400","2010","WI",,,"Wisconsin","55",,,,,,,,,,,,,,,,,,"00400","79500US5500400","PUMA5 00400, Wisconsin",49714,"PUMA5 00400, Wisconsin",1905
"G55000500","2010","WI",,,"Wisconsin","55",,,,,,,,,,,,,,,,,,"00500","79500US5500500","PUMA5 00500, Wisconsin",44086,"PUMA5 00500, Wisconsin",2730
"G55000600","2010","WI",,,"Wisconsin","55",,,,,,,,,,,,,,,,,,"00600","79500US5500600","PUMA5 00600, Wisconsin",42787,"PUMA5 00600, Wisconsin",1749
"G55000700","2010","WI",,,"Wisconsin","55",,,,,,,,,,,,,,,,,,"00700","79500US5500700","PUMA5 00700, Wisconsin",45081,"PUMA5 00700, Wisconsin",1372
"G55000800","2010","WI",,,"Wisconsin","55",,,,,,,,,,,,,,,,,,"00800","79500US5500800","PUMA5 00800, Wisconsin",46638,"PUMA5 00800, Wisconsin",2442
"G55000900","2010","WI",,,"Wisconsin","55",,,,,,,,,,,,,,,,,,"00900","79500US5500900","PUMA5 00900, Wisconsin",47085,"PUMA5 00900, Wisconsin",2653
"G55001000","2010","WI",,,"Wisconsin","55",,,,,,,,,,,,,,,,,,"01000","79500US5501000","PUMA5 01000, Wisconsin",50565,"PUMA5 01000, Wisconsin",1950
"G55001100","2010","WI",,,"Wisconsin","55",,,,,,,,,,,,,,,,,,"01100","79500US5501100","PUMA5 01100, Wisconsin",50080,"PUMA5 01100, Wisconsin",1948
"G55001200","2010","WI",,,"Wisconsin","55",,,,,,,,,,,,,,,,,,"01200","79500US5501200","PUMA5 01200, Wisconsin",67426,"PUMA5 01200, Wisconsin",2903
"G55001300","2010","WI",,,"Wisconsin","55",,,,,,,,,,,,,,,,,,"01300","79500US5501300","PUMA5 01300, Wisconsin",43216,"PUMA5 01300, Wisconsin",2000
"G55001400","2010","WI",,,"Wisconsin","55",,,,,,,,,,,,,,,,,,"01400","79500US5501400","PUMA5 01400, Wisconsin",46577,"PUMA5 01400, Wisconsin",1083
"G55001500","2010","WI",,,"Wisconsin","55",,,,,,,,,,,,,,,,,,"01500","79500US5501500","PUMA5 01500, Wisconsin",52054,"PUMA5 01500, Wisconsin",1248
"G55001600","2010","WI",,,"Wisconsin","55",,,,,,,,,,,,,,,,,,"01600","79500US5501600","PUMA5 01600, Wisconsin",49356,"PUMA5 01600, Wisconsin",3168
"G55001700","2010","WI",,,"Wisconsin","55",,,,,,,,,,,,,,,,,,"01700","79500US5501700","PUMA5 01700, Wisconsin",51584,"PUMA5 01700, Wisconsin",1610
"G55001800","2010","WI",,,"Wisconsin","55",,,,,,,,,,,,,,,,,,"01800","79500US5501800","PUMA5 01800, Wisconsin",51887,"PUMA5 01800, Wisconsin",3031
"G55001900","2010","WI",,,"Wisconsin","55",,,,,,,,,,,,,,,,,,"01900","79500US5501900","PUMA5 01900, Wisconsin",51377,"PUMA5 01900, Wisconsin",2344
"G55002001","2010","WI",,,"Wisconsin","55",,,,,,,,,,,,,,,,,,"02001","79500US5502001","PUMA5 02001, Wisconsin",37335,"PUMA5 02001, Wisconsin",2999
"G55002002","2010","WI",,,"Wisconsin","55",,,,,,,,,,,,,,,,,,"02002","79500US5502002","PUMA5 02002, Wisconsin",30001,"PUMA5 02002, Wisconsin",1575
"G55002003","2010","WI",,,"Wisconsin","55",,,,,,,,,,,,,,,,,,"02003","79500US5502003","PUMA5 02003, Wisconsin",22652,"PUMA5 02003, Wisconsin",1701
"G55002004","2010","WI",,,"Wisconsin","55",,,,,,,,,,,,,,,,,,"02004","79500US5502004","PUMA5 02004, Wisconsin",40423,"PUMA5 02004, Wisconsin",2361
"G55002101","2010","WI",,,"Wisconsin","55",,,,,,,,,,,,,,,,,,"02101","79500US5502101","PUMA5 02101, Wisconsin",67078,"PUMA5 02101, Wisconsin",3741
"G55002102","2010","WI",,,"Wisconsin","55",,,,,,,,,,,,,,,,,,"02102","79500US5502102","PUMA5 02102, Wisconsin",49571,"PUMA5 02102, Wisconsin",1908
"G55002201","2010","WI",,,"Wisconsin","55",,,,,,,,,,,,,,,,,,"02201","79500US5502201","PUMA5 02201, Wisconsin",73612,"PUMA5 02201, Wisconsin",4106
"G55002202","2010","WI",,,"Wisconsin","55",,,,,,,,,,,,,,,,,,"02202","79500US5502202","PUMA5 02202, Wisconsin",81431,"PUMA5 02202, Wisconsin",4173
"G55002203","2010","WI",,,"Wisconsin","55",,,,,,,,,,,,,,,,,,"02203","79500US5502203","PUMA5 02203, Wisconsin",60440,"PUMA5 02203, Wisconsin",3087
"G55002300","2010","WI",,,"Wisconsin","55",,,,,,,,,,,,,,,,,,"02300","79500US5502300","PUMA5 02300, Wisconsin",64512,"PUMA5 02300, Wisconsin",4053
"G55002400","2010","WI",,,"Wisconsin","55",,,,,,,,,,,,,,,,,,"02400","79500US5502400","PUMA5 02400, Wisconsin",46758,"PUMA5 02400, Wisconsin",2429
"G55002500","2010","WI",,,"Wisconsin","55",,,,,,,,,,,,,,,,,,"02500","79500US5502500","PUMA5 02500, Wisconsin",49440,"PUMA5 02500, Wisconsin",2873
"G56000100","2010","WY",,,"Wyoming","56",,,,,,,,,,,,,,,,,,"00100","79500US5600100","PUMA5 00100, Wyoming",62143,"PUMA5 00100, Wyoming",4629
"G56000200","2010","WY",,,"Wyoming","56",,,,,,,,,,,,,,,,,,"00200","79500US5600200","PUMA5 00200, Wyoming",51787,"PUMA5 00200, Wyoming",2239
"G56000300","2010","WY",,,"Wyoming","56",,,,,,,,,,,,,,,,,,"00300","79500US5600300","PUMA5 00300, Wyoming",54881,"PUMA5 00300, Wyoming",3245
"G56000400","2010","WY",,,"Wyoming","56",,,,,,,,,,,,,,,,,,"00400","79500US5600400","PUMA5 00400, Wyoming",45570,"PUMA5 00400, Wyoming",4458
"G72000100","2010","PR",,,"Puerto Rico","72",,,,,,,,,,,,,,,,,,"00100","79500US7200100","PUMA5 00100, Puerto Rico",14760,"PUMA5 00100, Puerto Rico",1548
"G72000200","2010","PR",,,"Puerto Rico","72",,,,,,,,,,,,,,,,,,"00200","79500US7200200","PUMA5 00200, Puerto Rico",15830,"PUMA5 00200, Puerto Rico",1228
"G72000300","2010","PR",,,"Puerto Rico","72",,,,,,,,,,,,,,,,,,"00300","79500US7200300","PUMA5 00300, Puerto Rico",16539,"PUMA5 00300, Puerto Rico",1564
"G72000400","2010","PR",,,"Puerto Rico","72",,,,,,,,,,,,,,,,,,"00400","79500US7200400","PUMA5 00400, Puerto Rico",17249,"PUMA5 00400, Puerto Rico",1644
"G72000500","2010","PR",,,"Puerto Rico","72",,,,,,,,,,,,,,,,,,"00500","79500US7200500","PUMA5 00500, Puerto Rico",17412,"PUMA5 00500, Puerto Rico",1868
"G72000600","2010","PR",,,"Puerto Rico","72",,,,,,,,,,,,,,,,,,"00600","79500US7200600","PUMA5 00600, Puerto Rico",21710,"PUMA5 00600, Puerto Rico",1545
"G72000700","2010","PR",,,"Puerto Rico","72",,,,,,,,,,,,,,,,,,"00700","79500US7200700","PUMA5 00700, Puerto Rico",20829,"PUMA5 00700, Puerto Rico",2308
"G72000801","2010","PR",,,"Puerto Rico","72",,,,,,,,,,,,,,,,,,"00801","79500US7200801","PUMA5 00801, Puerto Rico",21621,"PUMA5 00801, Puerto Rico",2064
"G72000802","2010","PR",,,"Puerto Rico","72",,,,,,,,,,,,,,,,,,"00802","79500US7200802","PUMA5 00802, Puerto Rico",25909,"PUMA5 00802, Puerto Rico",2934
"G72000900","2010","PR",,,"Puerto Rico","72",,,,,,,,,,,,,,,,,,"00900","79500US7200900","PUMA5 00900, Puerto Rico",31851,"PUMA5 00900, Puerto Rico",2472
"G72001001","2010","PR",,,"Puerto Rico","72",,,,,,,,,,,,,,,,,,"01001","79500US7201001","PUMA5 01001, Puerto Rico",17425,"PUMA5 01001, Puerto Rico",1654
"G72001002","2010","PR",,,"Puerto Rico","72",,,,,,,,,,,,,,,,,,"01002","79500US7201002","PUMA5 01002, Puerto Rico",20408,"PUMA5 01002, Puerto Rico",1900
"G72001003","2010","PR",,,"Puerto Rico","72",,,,,,,,,,,,,,,,,,"01003","79500US7201003","PUMA5 01003, Puerto Rico",34459,"PUMA5 01003, Puerto Rico",3977
"G72001004","2010","PR",,,"Puerto Rico","72",,,,,,,,,,,,,,,,,,"01004","79500US7201004","PUMA5 01004, Puerto Rico",23197,"PUMA5 01004, Puerto Rico",2285
"G72001100","2010","PR",,,"Puerto Rico","72",,,,,,,,,,,,,,,,,,"01100","79500US7201100","PUMA5 01100, Puerto Rico",28325,"PUMA5 01100, Puerto Rico",1945
"G72001200","2010","PR",,,"Puerto Rico","72",,,,,,,,,,,,,,,,,,"01200","79500US7201200","PUMA5 01200, Puerto Rico",19476,"PUMA5 01200, Puerto Rico",2275
"G72001300","2010","PR",,,"Puerto Rico","72",,,,,,,,,,,,,,,,,,"01300","79500US7201300","PUMA5 01300, Puerto Rico",18560,"PUMA5 01300, Puerto Rico",1753
"G72001400","2010","PR",,,"Puerto Rico","72",,,,,,,,,,,,,,,,,,"01400","79500US7201400","PUMA5 01400, Puerto Rico",19984,"PUMA5 01400, Puerto Rico",1525
"G72001500","2010","PR",,,"Puerto Rico","72",,,,,,,,,,,,,,,,,,"01500","79500US7201500","PUMA5 01500, Puerto Rico",17967,"PUMA5 01500, Puerto Rico",1333
"G72001600","2010","PR",,,"Puerto Rico","72",,,,,,,,,,,,,,,,,,"01600","79500US7201600","PUMA5 01600, Puerto Rico",17253,"PUMA5 01600, Puerto Rico",1356
"G72001700","2010","PR",,,"Puerto Rico","72",,,,,,,,,,,,,,,,,,"01700","79500US7201700","PUMA5 01700, Puerto Rico",18683,"PUMA5 01700, Puerto Rico",1863
"G72001800","2010","PR",,,"Puerto Rico","72",,,,,,,,,,,,,,,,,,"01800","79500US7201800","PUMA5 01800, Puerto Rico",16223,"PUMA5 01800, Puerto Rico",1148
"G72001900","2010","PR",,,"Puerto Rico","72",,,,,,,,,,,,,,,,,,"01900","79500US7201900","PUMA5 01900, Puerto Rico",13721,"PUMA5 01900, Puerto Rico",1039
"G72002000","2010","PR",,,"Puerto Rico","72",,,,,,,,,,,,,,,,,,"02000","79500US7202000","PUMA5 02000, Puerto Rico",14383,"PUMA5 02000, Puerto Rico",1213
"G72002100","2010","PR",,,"Puerto Rico","72",,,,,,,,,,,,,,,,,,"02100","79500US7202100","PUMA5 02100, Puerto Rico",15772,"PUMA5 02100, Puerto Rico",949
"G72002200","2010","PR",,,"Puerto Rico","72",,,,,,,,,,,,,,,,,,"02200","79500US7202200","PUMA5 02200, Puerto Rico",11850,"PUMA5 02200, Puerto Rico",832
"G72002300","2010","PR",,,"Puerto Rico","72",,,,,,,,,,,,,,,,,,"02300","79500US7202300","PUMA5 02300, Puerto Rico",13685,"PUMA5 02300, Puerto Rico",1603
"G72002400","2010","PR",,,"Puerto Rico","72",,,,,,,,,,,,,,,,,,"02400","79500US7202400","PUMA5 02400, Puerto Rico",17185,"PUMA5 02400, Puerto Rico",1124
"G72002500","2010","PR",,,"Puerto Rico","72",,,,,,,,,,,,,,,,,,"02500","79500US7202500","PUMA5 02500, Puerto Rico",22062,"PUMA5 02500, Puerto Rico",1306
"G72002600","2010","PR",,,"Puerto Rico","72",,,,,,,,,,,,,,,,,,"02600","79500US7202600","PUMA5 02600, Puerto Rico",27604,"PUMA5 02600, Puerto Rico",3307
